fecha,store_id,producto_id,unidades_vendidas
2024-01-01,S001,ESM-001,2
2024-01-01,S001,ESM-002,3
2024-01-01,S001,ESM-003,2
2024-01-01,S001,ESM-004,1
2024-01-01,S001,ESM-005,1
2024-01-01,S001,ESM-006,1
2024-01-01,S001,ESM-007,0
2024-01-01,S001,ESM-008,0
2024-01-01,S001,ESM-009,1
2024-01-01,S001,ESM-010,1
2024-01-01,S001,DES-001,3
2024-01-01,S001,DES-002,3
2024-01-01,S001,DES-003,5
2024-01-01,S001,DES-004,6
2024-01-01,S001,DES-005,8
2024-01-01,S001,DES-006,4
2024-01-01,S001,DES-007,5
2024-01-01,S001,DES-008,6
2024-01-01,S001,DES-009,4
2024-01-01,S001,DES-010,7
2024-01-01,S001,DES-011,6
2024-01-01,S001,DES-012,5
2024-01-01,S001,DES-013,6
2024-01-01,S001,DES-014,7
2024-01-01,S001,DES-015,6
2024-01-01,S001,TAL-001,2
2024-01-01,S001,TAL-002,3
2024-01-01,S001,TAL-003,1
2024-01-01,S001,TAL-004,1
2024-01-01,S001,TAL-005,0
2024-01-01,S001,TAL-006,2
2024-01-01,S001,TAL-007,1
2024-01-01,S001,TAL-008,0
2024-01-01,S001,SIE-001,1
2024-01-01,S001,SIE-002,0
2024-01-01,S001,SIE-003,1
2024-01-01,S001,SIE-004,1
2024-01-01,S001,SIE-005,1
2024-01-01,S001,SIE-006,0
2024-01-01,S001,CEP-001,1
2024-01-01,S001,CEP-002,1
2024-01-01,S001,CEP-003,1
2024-01-01,S001,CEP-004,1
2024-01-01,S001,CEP-005,1
2024-01-01,S002,ESM-001,1
2024-01-01,S002,ESM-002,0
2024-01-01,S002,ESM-003,0
2024-01-01,S002,ESM-004,1
2024-01-01,S002,ESM-005,1
2024-01-01,S002,ESM-006,3
2024-01-01,S002,ESM-007,0
2024-01-01,S002,ESM-008,1
2024-01-01,S002,ESM-009,0
2024-01-01,S002,ESM-010,0
2024-01-01,S002,DES-001,3
2024-01-01,S002,DES-002,4
2024-01-01,S002,DES-003,6
2024-01-01,S002,DES-004,3
2024-01-01,S002,DES-005,4
2024-01-01,S002,DES-006,6
2024-01-01,S002,DES-007,5
2024-01-01,S002,DES-008,6
2024-01-01,S002,DES-009,7
2024-01-01,S002,DES-010,7
2024-01-01,S002,DES-011,2
2024-01-01,S002,DES-012,7
2024-01-01,S002,DES-013,4
2024-01-01,S002,DES-014,5
2024-01-01,S002,DES-015,4
2024-01-01,S002,TAL-001,0
2024-01-01,S002,TAL-002,1
2024-01-01,S002,TAL-003,1
2024-01-01,S002,TAL-004,1
2024-01-01,S002,TAL-005,1
2024-01-01,S002,TAL-006,0
2024-01-01,S002,TAL-007,2
2024-01-01,S002,TAL-008,0
2024-01-01,S002,SIE-001,1
2024-01-01,S002,SIE-002,0
2024-01-01,S002,SIE-003,1
2024-01-01,S002,SIE-004,0
2024-01-01,S002,SIE-005,1
2024-01-01,S002,SIE-006,1
2024-01-01,S002,CEP-001,2
2024-01-01,S002,CEP-002,1
2024-01-01,S002,CEP-003,0
2024-01-01,S002,CEP-004,1
2024-01-01,S002,CEP-005,1
2024-01-01,S003,ESM-001,2
2024-01-01,S003,ESM-002,0
2024-01-01,S003,ESM-003,2
2024-01-01,S003,ESM-004,1
2024-01-01,S003,ESM-005,1
2024-01-01,S003,ESM-006,1
2024-01-01,S003,ESM-007,1
2024-01-01,S003,ESM-008,1
2024-01-01,S003,ESM-009,1
2024-01-01,S003,ESM-010,1
2024-01-01,S003,DES-001,3
2024-01-01,S003,DES-002,5
2024-01-01,S003,DES-003,3
2024-01-01,S003,DES-004,6
2024-01-01,S003,DES-005,5
2024-01-01,S003,DES-006,3
2024-01-01,S003,DES-007,5
2024-01-01,S003,DES-008,5
2024-01-01,S003,DES-009,2
2024-01-01,S003,DES-010,2
2024-01-01,S003,DES-011,4
2024-01-01,S003,DES-012,5
2024-01-01,S003,DES-013,5
2024-01-01,S003,DES-014,4
2024-01-01,S003,DES-015,6
2024-01-01,S003,TAL-001,0
2024-01-01,S003,TAL-002,0
2024-01-01,S003,TAL-003,1
2024-01-01,S003,TAL-004,1
2024-01-01,S003,TAL-005,0
2024-01-01,S003,TAL-006,1
2024-01-01,S003,TAL-007,1
2024-01-01,S003,TAL-008,0
2024-01-01,S003,SIE-001,0
2024-01-01,S003,SIE-002,0
2024-01-01,S003,SIE-003,0
2024-01-01,S003,SIE-004,1
2024-01-01,S003,SIE-005,1
2024-01-01,S003,SIE-006,1
2024-01-01,S003,CEP-001,1
2024-01-01,S003,CEP-002,1
2024-01-01,S003,CEP-003,1
2024-01-01,S003,CEP-004,1
2024-01-01,S003,CEP-005,0
2024-01-01,S004,ESM-001,1
2024-01-01,S004,ESM-002,0
2024-01-01,S004,ESM-003,1
2024-01-01,S004,ESM-004,0
2024-01-01,S004,ESM-005,1
2024-01-01,S004,ESM-006,1
2024-01-01,S004,ESM-007,2
2024-01-01,S004,ESM-008,2
2024-01-01,S004,ESM-009,0
2024-01-01,S004,ESM-010,1
2024-01-01,S004,DES-001,4
2024-01-01,S004,DES-002,3
2024-01-01,S004,DES-003,7
2024-01-01,S004,DES-004,2
2024-01-01,S004,DES-005,4
2024-01-01,S004,DES-006,3
2024-01-01,S004,DES-007,3
2024-01-01,S004,DES-008,3
2024-01-01,S004,DES-009,5
2024-01-01,S004,DES-010,4
2024-01-01,S004,DES-011,4
2024-01-01,S004,DES-012,2
2024-01-01,S004,DES-013,5
2024-01-01,S004,DES-014,4
2024-01-01,S004,DES-015,5
2024-01-01,S004,TAL-001,1
2024-01-01,S004,TAL-002,1
2024-01-01,S004,TAL-003,1
2024-01-01,S004,TAL-004,1
2024-01-01,S004,TAL-005,0
2024-01-01,S004,TAL-006,1
2024-01-01,S004,TAL-007,0
2024-01-01,S004,TAL-008,2
2024-01-01,S004,SIE-001,1
2024-01-01,S004,SIE-002,0
2024-01-01,S004,SIE-003,1
2024-01-01,S004,SIE-004,1
2024-01-01,S004,SIE-005,0
2024-01-01,S004,SIE-006,0
2024-01-01,S004,CEP-001,1
2024-01-01,S004,CEP-002,1
2024-01-01,S004,CEP-003,1
2024-01-01,S004,CEP-004,2
2024-01-01,S004,CEP-005,1
2024-01-02,S001,ESM-001,3
2024-01-02,S001,ESM-002,1
2024-01-02,S001,ESM-003,2
2024-01-02,S001,ESM-004,2
2024-01-02,S001,ESM-005,2
2024-01-02,S001,ESM-006,1
2024-01-02,S001,ESM-007,2
2024-01-02,S001,ESM-008,3
2024-01-02,S001,ESM-009,1
2024-01-02,S001,ESM-010,1
2024-01-02,S001,DES-001,8
2024-01-02,S001,DES-002,5
2024-01-02,S001,DES-003,4
2024-01-02,S001,DES-004,5
2024-01-02,S001,DES-005,5
2024-01-02,S001,DES-006,6
2024-01-02,S001,DES-007,6
2024-01-02,S001,DES-008,4
2024-01-02,S001,DES-009,6
2024-01-02,S001,DES-010,3
2024-01-02,S001,DES-011,5
2024-01-02,S001,DES-012,6
2024-01-02,S001,DES-013,5
2024-01-02,S001,DES-014,4
2024-01-02,S001,DES-015,8
2024-01-02,S001,TAL-001,1
2024-01-02,S001,TAL-002,2
2024-01-02,S001,TAL-003,1
2024-01-02,S001,TAL-004,1
2024-01-02,S001,TAL-005,0
2024-01-02,S001,TAL-006,0
2024-01-02,S001,TAL-007,1
2024-01-02,S001,TAL-008,1
2024-01-02,S001,SIE-001,1
2024-01-02,S001,SIE-002,0
2024-01-02,S001,SIE-003,1
2024-01-02,S001,SIE-004,2
2024-01-02,S001,SIE-005,2
2024-01-02,S001,SIE-006,0
2024-01-02,S001,CEP-001,1
2024-01-02,S001,CEP-002,2
2024-01-02,S001,CEP-003,1
2024-01-02,S001,CEP-004,1
2024-01-02,S001,CEP-005,1
2024-01-02,S002,ESM-001,4
2024-01-02,S002,ESM-002,3
2024-01-02,S002,ESM-003,1
2024-01-02,S002,ESM-004,2
2024-01-02,S002,ESM-005,2
2024-01-02,S002,ESM-006,2
2024-01-02,S002,ESM-007,1
2024-01-02,S002,ESM-008,0
2024-01-02,S002,ESM-009,2
2024-01-02,S002,ESM-010,0
2024-01-02,S002,DES-001,7
2024-01-02,S002,DES-002,5
2024-01-02,S002,DES-003,6
2024-01-02,S002,DES-004,8
2024-01-02,S002,DES-005,5
2024-01-02,S002,DES-006,6
2024-01-02,S002,DES-007,5
2024-01-02,S002,DES-008,5
2024-01-02,S002,DES-009,5
2024-01-02,S002,DES-010,5
2024-01-02,S002,DES-011,6
2024-01-02,S002,DES-012,6
2024-01-02,S002,DES-013,6
2024-01-02,S002,DES-014,8
2024-01-02,S002,DES-015,5
2024-01-02,S002,TAL-001,2
2024-01-02,S002,TAL-002,1
2024-01-02,S002,TAL-003,1
2024-01-02,S002,TAL-004,1
2024-01-02,S002,TAL-005,0
2024-01-02,S002,TAL-006,2
2024-01-02,S002,TAL-007,1
2024-01-02,S002,TAL-008,2
2024-01-02,S002,SIE-001,0
2024-01-02,S002,SIE-002,1
2024-01-02,S002,SIE-003,0
2024-01-02,S002,SIE-004,1
2024-01-02,S002,SIE-005,0
2024-01-02,S002,SIE-006,1
2024-01-02,S002,CEP-001,0
2024-01-02,S002,CEP-002,2
2024-01-02,S002,CEP-003,1
2024-01-02,S002,CEP-004,1
2024-01-02,S002,CEP-005,1
2024-01-02,S003,ESM-001,2
2024-01-02,S003,ESM-002,0
2024-01-02,S003,ESM-003,1
2024-01-02,S003,ESM-004,0
2024-01-02,S003,ESM-005,2
2024-01-02,S003,ESM-006,1
2024-01-02,S003,ESM-007,2
2024-01-02,S003,ESM-008,0
2024-01-02,S003,ESM-009,0
2024-01-02,S003,ESM-010,2
2024-01-02,S003,DES-001,5
2024-01-02,S003,DES-002,3
2024-01-02,S003,DES-003,5
2024-01-02,S003,DES-004,4
2024-01-02,S003,DES-005,4
2024-01-02,S003,DES-006,5
2024-01-02,S003,DES-007,2
2024-01-02,S003,DES-008,2
2024-01-02,S003,DES-009,5
2024-01-02,S003,DES-010,3
2024-01-02,S003,DES-011,3
2024-01-02,S003,DES-012,6
2024-01-02,S003,DES-013,4
2024-01-02,S003,DES-014,4
2024-01-02,S003,DES-015,5
2024-01-02,S003,TAL-001,0
2024-01-02,S003,TAL-002,1
2024-01-02,S003,TAL-003,2
2024-01-02,S003,TAL-004,0
2024-01-02,S003,TAL-005,1
2024-01-02,S003,TAL-006,0
2024-01-02,S003,TAL-007,1
2024-01-02,S003,TAL-008,1
2024-01-02,S003,SIE-001,0
2024-01-02,S003,SIE-002,1
2024-01-02,S003,SIE-003,0
2024-01-02,S003,SIE-004,1
2024-01-02,S003,SIE-005,1
2024-01-02,S003,SIE-006,0
2024-01-02,S003,CEP-001,2
2024-01-02,S003,CEP-002,1
2024-01-02,S003,CEP-003,0
2024-01-02,S003,CEP-004,1
2024-01-02,S003,CEP-005,0
2024-01-02,S004,ESM-001,2
2024-01-02,S004,ESM-002,1
2024-01-02,S004,ESM-003,1
2024-01-02,S004,ESM-004,2
2024-01-02,S004,ESM-005,1
2024-01-02,S004,ESM-006,1
2024-01-02,S004,ESM-007,1
2024-01-02,S004,ESM-008,1
2024-01-02,S004,ESM-009,2
2024-01-02,S004,ESM-010,1
2024-01-02,S004,DES-001,3
2024-01-02,S004,DES-002,3
2024-01-02,S004,DES-003,4
2024-01-02,S004,DES-004,3
2024-01-02,S004,DES-005,2
2024-01-02,S004,DES-006,2
2024-01-02,S004,DES-007,3
2024-01-02,S004,DES-008,4
2024-01-02,S004,DES-009,4
2024-01-02,S004,DES-010,3
2024-01-02,S004,DES-011,3
2024-01-02,S004,DES-012,3
2024-01-02,S004,DES-013,3
2024-01-02,S004,DES-014,4
2024-01-02,S004,DES-015,2
2024-01-02,S004,TAL-001,0
2024-01-02,S004,TAL-002,0
2024-01-02,S004,TAL-003,1
2024-01-02,S004,TAL-004,2
2024-01-02,S004,TAL-005,1
2024-01-02,S004,TAL-006,1
2024-01-02,S004,TAL-007,1
2024-01-02,S004,TAL-008,1
2024-01-02,S004,SIE-001,0
2024-01-02,S004,SIE-002,0
2024-01-02,S004,SIE-003,0
2024-01-02,S004,SIE-004,1
2024-01-02,S004,SIE-005,1
2024-01-02,S004,SIE-006,0
2024-01-02,S004,CEP-001,1
2024-01-02,S004,CEP-002,1
2024-01-02,S004,CEP-003,1
2024-01-02,S004,CEP-004,1
2024-01-02,S004,CEP-005,1
2024-01-03,S001,ESM-001,2
2024-01-03,S001,ESM-002,2
2024-01-03,S001,ESM-003,0
2024-01-03,S001,ESM-004,1
2024-01-03,S001,ESM-005,1
2024-01-03,S001,ESM-006,2
2024-01-03,S001,ESM-007,1
2024-01-03,S001,ESM-008,2
2024-01-03,S001,ESM-009,1
2024-01-03,S001,ESM-010,2
2024-01-03,S001,DES-001,8
2024-01-03,S001,DES-002,4
2024-01-03,S001,DES-003,5
2024-01-03,S001,DES-004,7
2024-01-03,S001,DES-005,4
2024-01-03,S001,DES-006,4
2024-01-03,S001,DES-007,4
2024-01-03,S001,DES-008,6
2024-01-03,S001,DES-009,7
2024-01-03,S001,DES-010,4
2024-01-03,S001,DES-011,5
2024-01-03,S001,DES-012,7
2024-01-03,S001,DES-013,7
2024-01-03,S001,DES-014,3
2024-01-03,S001,DES-015,4
2024-01-03,S001,TAL-001,1
2024-01-03,S001,TAL-002,1
2024-01-03,S001,TAL-003,0
2024-01-03,S001,TAL-004,1
2024-01-03,S001,TAL-005,2
2024-01-03,S001,TAL-006,0
2024-01-03,S001,TAL-007,2
2024-01-03,S001,TAL-008,0
2024-01-03,S001,SIE-001,0
2024-01-03,S001,SIE-002,1
2024-01-03,S001,SIE-003,0
2024-01-03,S001,SIE-004,1
2024-01-03,S001,SIE-005,1
2024-01-03,S001,SIE-006,0
2024-01-03,S001,CEP-001,1
2024-01-03,S001,CEP-002,1
2024-01-03,S001,CEP-003,0
2024-01-03,S001,CEP-004,1
2024-01-03,S001,CEP-005,2
2024-01-03,S002,ESM-001,3
2024-01-03,S002,ESM-002,2
2024-01-03,S002,ESM-003,0
2024-01-03,S002,ESM-004,1
2024-01-03,S002,ESM-005,1
2024-01-03,S002,ESM-006,2
2024-01-03,S002,ESM-007,3
2024-01-03,S002,ESM-008,4
2024-01-03,S002,ESM-009,1
2024-01-03,S002,ESM-010,1
2024-01-03,S002,DES-001,6
2024-01-03,S002,DES-002,4
2024-01-03,S002,DES-003,8
2024-01-03,S002,DES-004,6
2024-01-03,S002,DES-005,8
2024-01-03,S002,DES-006,7
2024-01-03,S002,DES-007,6
2024-01-03,S002,DES-008,5
2024-01-03,S002,DES-009,7
2024-01-03,S002,DES-010,5
2024-01-03,S002,DES-011,9
2024-01-03,S002,DES-012,4
2024-01-03,S002,DES-013,3
2024-01-03,S002,DES-014,6
2024-01-03,S002,DES-015,9
2024-01-03,S002,TAL-001,0
2024-01-03,S002,TAL-002,3
2024-01-03,S002,TAL-003,0
2024-01-03,S002,TAL-004,1
2024-01-03,S002,TAL-005,1
2024-01-03,S002,TAL-006,1
2024-01-03,S002,TAL-007,0
2024-01-03,S002,TAL-008,1
2024-01-03,S002,SIE-001,1
2024-01-03,S002,SIE-002,0
2024-01-03,S002,SIE-003,1
2024-01-03,S002,SIE-004,1
2024-01-03,S002,SIE-005,0
2024-01-03,S002,SIE-006,0
2024-01-03,S002,CEP-001,1
2024-01-03,S002,CEP-002,0
2024-01-03,S002,CEP-003,2
2024-01-03,S002,CEP-004,0
2024-01-03,S002,CEP-005,1
2024-01-03,S003,ESM-001,1
2024-01-03,S003,ESM-002,1
2024-01-03,S003,ESM-003,1
2024-01-03,S003,ESM-004,1
2024-01-03,S003,ESM-005,1
2024-01-03,S003,ESM-006,0
2024-01-03,S003,ESM-007,0
2024-01-03,S003,ESM-008,1
2024-01-03,S003,ESM-009,2
2024-01-03,S003,ESM-010,0
2024-01-03,S003,DES-001,4
2024-01-03,S003,DES-002,3
2024-01-03,S003,DES-003,4
2024-01-03,S003,DES-004,5
2024-01-03,S003,DES-005,5
2024-01-03,S003,DES-006,4
2024-01-03,S003,DES-007,5
2024-01-03,S003,DES-008,3
2024-01-03,S003,DES-009,4
2024-01-03,S003,DES-010,4
2024-01-03,S003,DES-011,4
2024-01-03,S003,DES-012,6
2024-01-03,S003,DES-013,2
2024-01-03,S003,DES-014,2
2024-01-03,S003,DES-015,1
2024-01-03,S003,TAL-001,1
2024-01-03,S003,TAL-002,1
2024-01-03,S003,TAL-003,1
2024-01-03,S003,TAL-004,0
2024-01-03,S003,TAL-005,1
2024-01-03,S003,TAL-006,0
2024-01-03,S003,TAL-007,1
2024-01-03,S003,TAL-008,0
2024-01-03,S003,SIE-001,0
2024-01-03,S003,SIE-002,0
2024-01-03,S003,SIE-003,1
2024-01-03,S003,SIE-004,1
2024-01-03,S003,SIE-005,0
2024-01-03,S003,SIE-006,0
2024-01-03,S003,CEP-001,0
2024-01-03,S003,CEP-002,1
2024-01-03,S003,CEP-003,1
2024-01-03,S003,CEP-004,1
2024-01-03,S003,CEP-005,1
2024-01-03,S004,ESM-001,1
2024-01-03,S004,ESM-002,2
2024-01-03,S004,ESM-003,1
2024-01-03,S004,ESM-004,1
2024-01-03,S004,ESM-005,1
2024-01-03,S004,ESM-006,0
2024-01-03,S004,ESM-007,0
2024-01-03,S004,ESM-008,0
2024-01-03,S004,ESM-009,1
2024-01-03,S004,ESM-010,1
2024-01-03,S004,DES-001,2
2024-01-03,S004,DES-002,2
2024-01-03,S004,DES-003,2
2024-01-03,S004,DES-004,5
2024-01-03,S004,DES-005,5
2024-01-03,S004,DES-006,4
2024-01-03,S004,DES-007,4
2024-01-03,S004,DES-008,1
2024-01-03,S004,DES-009,1
2024-01-03,S004,DES-010,4
2024-01-03,S004,DES-011,2
2024-01-03,S004,DES-012,4
2024-01-03,S004,DES-013,5
2024-01-03,S004,DES-014,3
2024-01-03,S004,DES-015,4
2024-01-03,S004,TAL-001,1
2024-01-03,S004,TAL-002,1
2024-01-03,S004,TAL-003,1
2024-01-03,S004,TAL-004,1
2024-01-03,S004,TAL-005,1
2024-01-03,S004,TAL-006,0
2024-01-03,S004,TAL-007,1
2024-01-03,S004,TAL-008,1
2024-01-03,S004,SIE-001,0
2024-01-03,S004,SIE-002,1
2024-01-03,S004,SIE-003,1
2024-01-03,S004,SIE-004,1
2024-01-03,S004,SIE-005,0
2024-01-03,S004,SIE-006,0
2024-01-03,S004,CEP-001,1
2024-01-03,S004,CEP-002,1
2024-01-03,S004,CEP-003,1
2024-01-03,S004,CEP-004,0
2024-01-03,S004,CEP-005,0
2024-01-04,S001,ESM-001,1
2024-01-04,S001,ESM-002,2
2024-01-04,S001,ESM-003,1
2024-01-04,S001,ESM-004,2
2024-01-04,S001,ESM-005,1
2024-01-04,S001,ESM-006,2
2024-01-04,S001,ESM-007,1
2024-01-04,S001,ESM-008,0
2024-01-04,S001,ESM-009,1
2024-01-04,S001,ESM-010,2
2024-01-04,S001,DES-001,4
2024-01-04,S001,DES-002,8
2024-01-04,S001,DES-003,7
2024-01-04,S001,DES-004,8
2024-01-04,S001,DES-005,7
2024-01-04,S001,DES-006,6
2024-01-04,S001,DES-007,3
2024-01-04,S001,DES-008,7
2024-01-04,S001,DES-009,5
2024-01-04,S001,DES-010,6
2024-01-04,S001,DES-011,6
2024-01-04,S001,DES-012,5
2024-01-04,S001,DES-013,5
2024-01-04,S001,DES-014,4
2024-01-04,S001,DES-015,4
2024-01-04,S001,TAL-001,1
2024-01-04,S001,TAL-002,2
2024-01-04,S001,TAL-003,2
2024-01-04,S001,TAL-004,1
2024-01-04,S001,TAL-005,2
2024-01-04,S001,TAL-006,0
2024-01-04,S001,TAL-007,1
2024-01-04,S001,TAL-008,1
2024-01-04,S001,SIE-001,0
2024-01-04,S001,SIE-002,2
2024-01-04,S001,SIE-003,0
2024-01-04,S001,SIE-004,1
2024-01-04,S001,SIE-005,1
2024-01-04,S001,SIE-006,0
2024-01-04,S001,CEP-001,2
2024-01-04,S001,CEP-002,1
2024-01-04,S001,CEP-003,1
2024-01-04,S001,CEP-004,1
2024-01-04,S001,CEP-005,2
2024-01-04,S002,ESM-001,1
2024-01-04,S002,ESM-002,2
2024-01-04,S002,ESM-003,3
2024-01-04,S002,ESM-004,3
2024-01-04,S002,ESM-005,2
2024-01-04,S002,ESM-006,1
2024-01-04,S002,ESM-007,0
2024-01-04,S002,ESM-008,2
2024-01-04,S002,ESM-009,0
2024-01-04,S002,ESM-010,2
2024-01-04,S002,DES-001,3
2024-01-04,S002,DES-002,8
2024-01-04,S002,DES-003,6
2024-01-04,S002,DES-004,6
2024-01-04,S002,DES-005,5
2024-01-04,S002,DES-006,5
2024-01-04,S002,DES-007,4
2024-01-04,S002,DES-008,5
2024-01-04,S002,DES-009,6
2024-01-04,S002,DES-010,6
2024-01-04,S002,DES-011,6
2024-01-04,S002,DES-012,9
2024-01-04,S002,DES-013,10
2024-01-04,S002,DES-014,5
2024-01-04,S002,DES-015,8
2024-01-04,S002,TAL-001,2
2024-01-04,S002,TAL-002,1
2024-01-04,S002,TAL-003,1
2024-01-04,S002,TAL-004,1
2024-01-04,S002,TAL-005,1
2024-01-04,S002,TAL-006,2
2024-01-04,S002,TAL-007,1
2024-01-04,S002,TAL-008,1
2024-01-04,S002,SIE-001,1
2024-01-04,S002,SIE-002,1
2024-01-04,S002,SIE-003,1
2024-01-04,S002,SIE-004,0
2024-01-04,S002,SIE-005,0
2024-01-04,S002,SIE-006,0
2024-01-04,S002,CEP-001,2
2024-01-04,S002,CEP-002,2
2024-01-04,S002,CEP-003,1
2024-01-04,S002,CEP-004,1
2024-01-04,S002,CEP-005,1
2024-01-04,S003,ESM-001,1
2024-01-04,S003,ESM-002,2
2024-01-04,S003,ESM-003,2
2024-01-04,S003,ESM-004,2
2024-01-04,S003,ESM-005,1
2024-01-04,S003,ESM-006,1
2024-01-04,S003,ESM-007,1
2024-01-04,S003,ESM-008,1
2024-01-04,S003,ESM-009,2
2024-01-04,S003,ESM-010,1
2024-01-04,S003,DES-001,5
2024-01-04,S003,DES-002,3
2024-01-04,S003,DES-003,3
2024-01-04,S003,DES-004,4
2024-01-04,S003,DES-005,5
2024-01-04,S003,DES-006,4
2024-01-04,S003,DES-007,4
2024-01-04,S003,DES-008,3
2024-01-04,S003,DES-009,4
2024-01-04,S003,DES-010,5
2024-01-04,S003,DES-011,2
2024-01-04,S003,DES-012,4
2024-01-04,S003,DES-013,4
2024-01-04,S003,DES-014,3
2024-01-04,S003,DES-015,2
2024-01-04,S003,TAL-001,0
2024-01-04,S003,TAL-002,1
2024-01-04,S003,TAL-003,1
2024-01-04,S003,TAL-004,1
2024-01-04,S003,TAL-005,1
2024-01-04,S003,TAL-006,0
2024-01-04,S003,TAL-007,0
2024-01-04,S003,TAL-008,1
2024-01-04,S003,SIE-001,0
2024-01-04,S003,SIE-002,0
2024-01-04,S003,SIE-003,1
2024-01-04,S003,SIE-004,1
2024-01-04,S003,SIE-005,0
2024-01-04,S003,SIE-006,1
2024-01-04,S003,CEP-001,1
2024-01-04,S003,CEP-002,1
2024-01-04,S003,CEP-003,1
2024-01-04,S003,CEP-004,1
2024-01-04,S003,CEP-005,1
2024-01-04,S004,ESM-001,2
2024-01-04,S004,ESM-002,1
2024-01-04,S004,ESM-003,1
2024-01-04,S004,ESM-004,1
2024-01-04,S004,ESM-005,2
2024-01-04,S004,ESM-006,2
2024-01-04,S004,ESM-007,2
2024-01-04,S004,ESM-008,3
2024-01-04,S004,ESM-009,0
2024-01-04,S004,ESM-010,1
2024-01-04,S004,DES-001,5
2024-01-04,S004,DES-002,3
2024-01-04,S004,DES-003,3
2024-01-04,S004,DES-004,5
2024-01-04,S004,DES-005,4
2024-01-04,S004,DES-006,7
2024-01-04,S004,DES-007,3
2024-01-04,S004,DES-008,4
2024-01-04,S004,DES-009,4
2024-01-04,S004,DES-010,3
2024-01-04,S004,DES-011,6
2024-01-04,S004,DES-012,5
2024-01-04,S004,DES-013,5
2024-01-04,S004,DES-014,3
2024-01-04,S004,DES-015,5
2024-01-04,S004,TAL-001,1
2024-01-04,S004,TAL-002,0
2024-01-04,S004,TAL-003,1
2024-01-04,S004,TAL-004,0
2024-01-04,S004,TAL-005,1
2024-01-04,S004,TAL-006,1
2024-01-04,S004,TAL-007,0
2024-01-04,S004,TAL-008,2
2024-01-04,S004,SIE-001,1
2024-01-04,S004,SIE-002,0
2024-01-04,S004,SIE-003,0
2024-01-04,S004,SIE-004,1
2024-01-04,S004,SIE-005,1
2024-01-04,S004,SIE-006,1
2024-01-04,S004,CEP-001,1
2024-01-04,S004,CEP-002,1
2024-01-04,S004,CEP-003,1
2024-01-04,S004,CEP-004,1
2024-01-04,S004,CEP-005,1
2024-01-05,S001,ESM-001,2
2024-01-05,S001,ESM-002,2
2024-01-05,S001,ESM-003,3
2024-01-05,S001,ESM-004,1
2024-01-05,S001,ESM-005,1
2024-01-05,S001,ESM-006,2
2024-01-05,S001,ESM-007,2
2024-01-05,S001,ESM-008,1
2024-01-05,S001,ESM-009,2
2024-01-05,S001,ESM-010,2
2024-01-05,S001,DES-001,7
2024-01-05,S001,DES-002,5
2024-01-05,S001,DES-003,7
2024-01-05,S001,DES-004,3
2024-01-05,S001,DES-005,4
2024-01-05,S001,DES-006,3
2024-01-05,S001,DES-007,6
2024-01-05,S001,DES-008,7
2024-01-05,S001,DES-009,3
2024-01-05,S001,DES-010,6
2024-01-05,S001,DES-011,5
2024-01-05,S001,DES-012,4
2024-01-05,S001,DES-013,7
2024-01-05,S001,DES-014,5
2024-01-05,S001,DES-015,8
2024-01-05,S001,TAL-001,1
2024-01-05,S001,TAL-002,1
2024-01-05,S001,TAL-003,0
2024-01-05,S001,TAL-004,1
2024-01-05,S001,TAL-005,1
2024-01-05,S001,TAL-006,0
2024-01-05,S001,TAL-007,2
2024-01-05,S001,TAL-008,1
2024-01-05,S001,SIE-001,0
2024-01-05,S001,SIE-002,1
2024-01-05,S001,SIE-003,1
2024-01-05,S001,SIE-004,0
2024-01-05,S001,SIE-005,2
2024-01-05,S001,SIE-006,0
2024-01-05,S001,CEP-001,1
2024-01-05,S001,CEP-002,1
2024-01-05,S001,CEP-003,0
2024-01-05,S001,CEP-004,1
2024-01-05,S001,CEP-005,1
2024-01-05,S002,ESM-001,1
2024-01-05,S002,ESM-002,1
2024-01-05,S002,ESM-003,2
2024-01-05,S002,ESM-004,3
2024-01-05,S002,ESM-005,1
2024-01-05,S002,ESM-006,1
2024-01-05,S002,ESM-007,2
2024-01-05,S002,ESM-008,1
2024-01-05,S002,ESM-009,0
2024-01-05,S002,ESM-010,3
2024-01-05,S002,DES-001,3
2024-01-05,S002,DES-002,5
2024-01-05,S002,DES-003,5
2024-01-05,S002,DES-004,4
2024-01-05,S002,DES-005,6
2024-01-05,S002,DES-006,5
2024-01-05,S002,DES-007,6
2024-01-05,S002,DES-008,6
2024-01-05,S002,DES-009,6
2024-01-05,S002,DES-010,8
2024-01-05,S002,DES-011,4
2024-01-05,S002,DES-012,8
2024-01-05,S002,DES-013,6
2024-01-05,S002,DES-014,5
2024-01-05,S002,DES-015,4
2024-01-05,S002,TAL-001,2
2024-01-05,S002,TAL-002,0
2024-01-05,S002,TAL-003,1
2024-01-05,S002,TAL-004,0
2024-01-05,S002,TAL-005,1
2024-01-05,S002,TAL-006,1
2024-01-05,S002,TAL-007,1
2024-01-05,S002,TAL-008,1
2024-01-05,S002,SIE-001,0
2024-01-05,S002,SIE-002,1
2024-01-05,S002,SIE-003,1
2024-01-05,S002,SIE-004,0
2024-01-05,S002,SIE-005,0
2024-01-05,S002,SIE-006,0
2024-01-05,S002,CEP-001,0
2024-01-05,S002,CEP-002,1
2024-01-05,S002,CEP-003,1
2024-01-05,S002,CEP-004,1
2024-01-05,S002,CEP-005,2
2024-01-05,S003,ESM-001,0
2024-01-05,S003,ESM-002,2
2024-01-05,S003,ESM-003,2
2024-01-05,S003,ESM-004,1
2024-01-05,S003,ESM-005,1
2024-01-05,S003,ESM-006,1
2024-01-05,S003,ESM-007,1
2024-01-05,S003,ESM-008,0
2024-01-05,S003,ESM-009,3
2024-01-05,S003,ESM-010,2
2024-01-05,S003,DES-001,6
2024-01-05,S003,DES-002,4
2024-01-05,S003,DES-003,6
2024-01-05,S003,DES-004,5
2024-01-05,S003,DES-005,2
2024-01-05,S003,DES-006,3
2024-01-05,S003,DES-007,4
2024-01-05,S003,DES-008,2
2024-01-05,S003,DES-009,4
2024-01-05,S003,DES-010,4
2024-01-05,S003,DES-011,5
2024-01-05,S003,DES-012,4
2024-01-05,S003,DES-013,6
2024-01-05,S003,DES-014,5
2024-01-05,S003,DES-015,4
2024-01-05,S003,TAL-001,0
2024-01-05,S003,TAL-002,1
2024-01-05,S003,TAL-003,2
2024-01-05,S003,TAL-004,0
2024-01-05,S003,TAL-005,1
2024-01-05,S003,TAL-006,0
2024-01-05,S003,TAL-007,0
2024-01-05,S003,TAL-008,1
2024-01-05,S003,SIE-001,0
2024-01-05,S003,SIE-002,1
2024-01-05,S003,SIE-003,0
2024-01-05,S003,SIE-004,1
2024-01-05,S003,SIE-005,0
2024-01-05,S003,SIE-006,0
2024-01-05,S003,CEP-001,1
2024-01-05,S003,CEP-002,1
2024-01-05,S003,CEP-003,1
2024-01-05,S003,CEP-004,0
2024-01-05,S003,CEP-005,0
2024-01-05,S004,ESM-001,1
2024-01-05,S004,ESM-002,2
2024-01-05,S004,ESM-003,0
2024-01-05,S004,ESM-004,2
2024-01-05,S004,ESM-005,1
2024-01-05,S004,ESM-006,1
2024-01-05,S004,ESM-007,0
2024-01-05,S004,ESM-008,1
2024-01-05,S004,ESM-009,0
2024-01-05,S004,ESM-010,1
2024-01-05,S004,DES-001,4
2024-01-05,S004,DES-002,3
2024-01-05,S004,DES-003,6
2024-01-05,S004,DES-004,3
2024-01-05,S004,DES-005,4
2024-01-05,S004,DES-006,4
2024-01-05,S004,DES-007,3
2024-01-05,S004,DES-008,4
2024-01-05,S004,DES-009,4
2024-01-05,S004,DES-010,5
2024-01-05,S004,DES-011,2
2024-01-05,S004,DES-012,6
2024-01-05,S004,DES-013,4
2024-01-05,S004,DES-014,6
2024-01-05,S004,DES-015,2
2024-01-05,S004,TAL-001,1
2024-01-05,S004,TAL-002,1
2024-01-05,S004,TAL-003,1
2024-01-05,S004,TAL-004,0
2024-01-05,S004,TAL-005,2
2024-01-05,S004,TAL-006,1
2024-01-05,S004,TAL-007,1
2024-01-05,S004,TAL-008,1
2024-01-05,S004,SIE-001,1
2024-01-05,S004,SIE-002,1
2024-01-05,S004,SIE-003,1
2024-01-05,S004,SIE-004,0
2024-01-05,S004,SIE-005,1
2024-01-05,S004,SIE-006,0
2024-01-05,S004,CEP-001,1
2024-01-05,S004,CEP-002,1
2024-01-05,S004,CEP-003,1
2024-01-05,S004,CEP-004,1
2024-01-05,S004,CEP-005,1
2024-01-06,S001,ESM-001,1
2024-01-06,S001,ESM-002,1
2024-01-06,S001,ESM-003,1
2024-01-06,S001,ESM-004,2
2024-01-06,S001,ESM-005,1
2024-01-06,S001,ESM-006,2
2024-01-06,S001,ESM-007,2
2024-01-06,S001,ESM-008,4
2024-01-06,S001,ESM-009,0
2024-01-06,S001,ESM-010,3
2024-01-06,S001,DES-001,6
2024-01-06,S001,DES-002,7
2024-01-06,S001,DES-003,7
2024-01-06,S001,DES-004,9
2024-01-06,S001,DES-005,8
2024-01-06,S001,DES-006,2
2024-01-06,S001,DES-007,6
2024-01-06,S001,DES-008,4
2024-01-06,S001,DES-009,4
2024-01-06,S001,DES-010,5
2024-01-06,S001,DES-011,8
2024-01-06,S001,DES-012,4
2024-01-06,S001,DES-013,4
2024-01-06,S001,DES-014,6
2024-01-06,S001,DES-015,5
2024-01-06,S001,TAL-001,2
2024-01-06,S001,TAL-002,1
2024-01-06,S001,TAL-003,1
2024-01-06,S001,TAL-004,1
2024-01-06,S001,TAL-005,1
2024-01-06,S001,TAL-006,1
2024-01-06,S001,TAL-007,1
2024-01-06,S001,TAL-008,1
2024-01-06,S001,SIE-001,1
2024-01-06,S001,SIE-002,1
2024-01-06,S001,SIE-003,1
2024-01-06,S001,SIE-004,1
2024-01-06,S001,SIE-005,1
2024-01-06,S001,SIE-006,1
2024-01-06,S001,CEP-001,0
2024-01-06,S001,CEP-002,2
2024-01-06,S001,CEP-003,1
2024-01-06,S001,CEP-004,2
2024-01-06,S001,CEP-005,2
2024-01-06,S002,ESM-001,1
2024-01-06,S002,ESM-002,2
2024-01-06,S002,ESM-003,2
2024-01-06,S002,ESM-004,2
2024-01-06,S002,ESM-005,2
2024-01-06,S002,ESM-006,2
2024-01-06,S002,ESM-007,2
2024-01-06,S002,ESM-008,2
2024-01-06,S002,ESM-009,0
2024-01-06,S002,ESM-010,2
2024-01-06,S002,DES-001,5
2024-01-06,S002,DES-002,5
2024-01-06,S002,DES-003,5
2024-01-06,S002,DES-004,6
2024-01-06,S002,DES-005,4
2024-01-06,S002,DES-006,8
2024-01-06,S002,DES-007,3
2024-01-06,S002,DES-008,7
2024-01-06,S002,DES-009,4
2024-01-06,S002,DES-010,6
2024-01-06,S002,DES-011,7
2024-01-06,S002,DES-012,6
2024-01-06,S002,DES-013,4
2024-01-06,S002,DES-014,5
2024-01-06,S002,DES-015,5
2024-01-06,S002,TAL-001,0
2024-01-06,S002,TAL-002,0
2024-01-06,S002,TAL-003,1
2024-01-06,S002,TAL-004,1
2024-01-06,S002,TAL-005,0
2024-01-06,S002,TAL-006,1
2024-01-06,S002,TAL-007,2
2024-01-06,S002,TAL-008,0
2024-01-06,S002,SIE-001,2
2024-01-06,S002,SIE-002,1
2024-01-06,S002,SIE-003,0
2024-01-06,S002,SIE-004,2
2024-01-06,S002,SIE-005,0
2024-01-06,S002,SIE-006,0
2024-01-06,S002,CEP-001,3
2024-01-06,S002,CEP-002,2
2024-01-06,S002,CEP-003,1
2024-01-06,S002,CEP-004,2
2024-01-06,S002,CEP-005,2
2024-01-06,S003,ESM-001,1
2024-01-06,S003,ESM-002,2
2024-01-06,S003,ESM-003,1
2024-01-06,S003,ESM-004,2
2024-01-06,S003,ESM-005,0
2024-01-06,S003,ESM-006,0
2024-01-06,S003,ESM-007,1
2024-01-06,S003,ESM-008,2
2024-01-06,S003,ESM-009,2
2024-01-06,S003,ESM-010,2
2024-01-06,S003,DES-001,3
2024-01-06,S003,DES-002,3
2024-01-06,S003,DES-003,4
2024-01-06,S003,DES-004,2
2024-01-06,S003,DES-005,5
2024-01-06,S003,DES-006,6
2024-01-06,S003,DES-007,3
2024-01-06,S003,DES-008,1
2024-01-06,S003,DES-009,5
2024-01-06,S003,DES-010,4
2024-01-06,S003,DES-011,5
2024-01-06,S003,DES-012,5
2024-01-06,S003,DES-013,4
2024-01-06,S003,DES-014,3
2024-01-06,S003,DES-015,6
2024-01-06,S003,TAL-001,0
2024-01-06,S003,TAL-002,0
2024-01-06,S003,TAL-003,1
2024-01-06,S003,TAL-004,1
2024-01-06,S003,TAL-005,1
2024-01-06,S003,TAL-006,1
2024-01-06,S003,TAL-007,0
2024-01-06,S003,TAL-008,0
2024-01-06,S003,SIE-001,0
2024-01-06,S003,SIE-002,1
2024-01-06,S003,SIE-003,2
2024-01-06,S003,SIE-004,1
2024-01-06,S003,SIE-005,0
2024-01-06,S003,SIE-006,0
2024-01-06,S003,CEP-001,0
2024-01-06,S003,CEP-002,0
2024-01-06,S003,CEP-003,1
2024-01-06,S003,CEP-004,0
2024-01-06,S003,CEP-005,1
2024-01-06,S004,ESM-001,1
2024-01-06,S004,ESM-002,2
2024-01-06,S004,ESM-003,1
2024-01-06,S004,ESM-004,1
2024-01-06,S004,ESM-005,1
2024-01-06,S004,ESM-006,0
2024-01-06,S004,ESM-007,0
2024-01-06,S004,ESM-008,1
2024-01-06,S004,ESM-009,1
2024-01-06,S004,ESM-010,2
2024-01-06,S004,DES-001,3
2024-01-06,S004,DES-002,5
2024-01-06,S004,DES-003,2
2024-01-06,S004,DES-004,4
2024-01-06,S004,DES-005,4
2024-01-06,S004,DES-006,4
2024-01-06,S004,DES-007,3
2024-01-06,S004,DES-008,4
2024-01-06,S004,DES-009,5
2024-01-06,S004,DES-010,3
2024-01-06,S004,DES-011,3
2024-01-06,S004,DES-012,2
2024-01-06,S004,DES-013,5
2024-01-06,S004,DES-014,2
2024-01-06,S004,DES-015,3
2024-01-06,S004,TAL-001,0
2024-01-06,S004,TAL-002,0
2024-01-06,S004,TAL-003,1
2024-01-06,S004,TAL-004,1
2024-01-06,S004,TAL-005,1
2024-01-06,S004,TAL-006,1
2024-01-06,S004,TAL-007,1
2024-01-06,S004,TAL-008,1
2024-01-06,S004,SIE-001,1
2024-01-06,S004,SIE-002,0
2024-01-06,S004,SIE-003,0
2024-01-06,S004,SIE-004,0
2024-01-06,S004,SIE-005,1
2024-01-06,S004,SIE-006,0
2024-01-06,S004,CEP-001,0
2024-01-06,S004,CEP-002,2
2024-01-06,S004,CEP-003,1
2024-01-06,S004,CEP-004,0
2024-01-06,S004,CEP-005,2
2024-01-07,S001,ESM-001,1
2024-01-07,S001,ESM-002,2
2024-01-07,S001,ESM-003,3
2024-01-07,S001,ESM-004,0
2024-01-07,S001,ESM-005,2
2024-01-07,S001,ESM-006,0
2024-01-07,S001,ESM-007,2
2024-01-07,S001,ESM-008,4
2024-01-07,S001,ESM-009,2
2024-01-07,S001,ESM-010,1
2024-01-07,S001,DES-001,6
2024-01-07,S001,DES-002,6
2024-01-07,S001,DES-003,8
2024-01-07,S001,DES-004,5
2024-01-07,S001,DES-005,6
2024-01-07,S001,DES-006,4
2024-01-07,S001,DES-007,7
2024-01-07,S001,DES-008,3
2024-01-07,S001,DES-009,3
2024-01-07,S001,DES-010,3
2024-01-07,S001,DES-011,2
2024-01-07,S001,DES-012,5
2024-01-07,S001,DES-013,4
2024-01-07,S001,DES-014,7
2024-01-07,S001,DES-015,5
2024-01-07,S001,TAL-001,1
2024-01-07,S001,TAL-002,1
2024-01-07,S001,TAL-003,0
2024-01-07,S001,TAL-004,0
2024-01-07,S001,TAL-005,2
2024-01-07,S001,TAL-006,1
2024-01-07,S001,TAL-007,1
2024-01-07,S001,TAL-008,2
2024-01-07,S001,SIE-001,1
2024-01-07,S001,SIE-002,1
2024-01-07,S001,SIE-003,0
2024-01-07,S001,SIE-004,0
2024-01-07,S001,SIE-005,0
2024-01-07,S001,SIE-006,1
2024-01-07,S001,CEP-001,1
2024-01-07,S001,CEP-002,1
2024-01-07,S001,CEP-003,1
2024-01-07,S001,CEP-004,1
2024-01-07,S001,CEP-005,1
2024-01-07,S002,ESM-001,0
2024-01-07,S002,ESM-002,2
2024-01-07,S002,ESM-003,1
2024-01-07,S002,ESM-004,1
2024-01-07,S002,ESM-005,3
2024-01-07,S002,ESM-006,2
2024-01-07,S002,ESM-007,1
2024-01-07,S002,ESM-008,0
2024-01-07,S002,ESM-009,2
2024-01-07,S002,ESM-010,2
2024-01-07,S002,DES-001,6
2024-01-07,S002,DES-002,2
2024-01-07,S002,DES-003,7
2024-01-07,S002,DES-004,6
2024-01-07,S002,DES-005,10
2024-01-07,S002,DES-006,4
2024-01-07,S002,DES-007,7
2024-01-07,S002,DES-008,7
2024-01-07,S002,DES-009,9
2024-01-07,S002,DES-010,4
2024-01-07,S002,DES-011,3
2024-01-07,S002,DES-012,3
2024-01-07,S002,DES-013,5
2024-01-07,S002,DES-014,2
2024-01-07,S002,DES-015,5
2024-01-07,S002,TAL-001,0
2024-01-07,S002,TAL-002,1
2024-01-07,S002,TAL-003,1
2024-01-07,S002,TAL-004,1
2024-01-07,S002,TAL-005,1
2024-01-07,S002,TAL-006,0
2024-01-07,S002,TAL-007,1
2024-01-07,S002,TAL-008,1
2024-01-07,S002,SIE-001,2
2024-01-07,S002,SIE-002,0
2024-01-07,S002,SIE-003,1
2024-01-07,S002,SIE-004,1
2024-01-07,S002,SIE-005,1
2024-01-07,S002,SIE-006,0
2024-01-07,S002,CEP-001,1
2024-01-07,S002,CEP-002,2
2024-01-07,S002,CEP-003,1
2024-01-07,S002,CEP-004,1
2024-01-07,S002,CEP-005,2
2024-01-07,S003,ESM-001,0
2024-01-07,S003,ESM-002,2
2024-01-07,S003,ESM-003,1
2024-01-07,S003,ESM-004,1
2024-01-07,S003,ESM-005,1
2024-01-07,S003,ESM-006,1
2024-01-07,S003,ESM-007,1
2024-01-07,S003,ESM-008,0
2024-01-07,S003,ESM-009,1
2024-01-07,S003,ESM-010,1
2024-01-07,S003,DES-001,4
2024-01-07,S003,DES-002,2
2024-01-07,S003,DES-003,4
2024-01-07,S003,DES-004,5
2024-01-07,S003,DES-005,4
2024-01-07,S003,DES-006,4
2024-01-07,S003,DES-007,4
2024-01-07,S003,DES-008,3
2024-01-07,S003,DES-009,2
2024-01-07,S003,DES-010,5
2024-01-07,S003,DES-011,3
2024-01-07,S003,DES-012,4
2024-01-07,S003,DES-013,4
2024-01-07,S003,DES-014,4
2024-01-07,S003,DES-015,4
2024-01-07,S003,TAL-001,1
2024-01-07,S003,TAL-002,0
2024-01-07,S003,TAL-003,0
2024-01-07,S003,TAL-004,1
2024-01-07,S003,TAL-005,1
2024-01-07,S003,TAL-006,1
2024-01-07,S003,TAL-007,1
2024-01-07,S003,TAL-008,1
2024-01-07,S003,SIE-001,1
2024-01-07,S003,SIE-002,0
2024-01-07,S003,SIE-003,0
2024-01-07,S003,SIE-004,0
2024-01-07,S003,SIE-005,0
2024-01-07,S003,SIE-006,1
2024-01-07,S003,CEP-001,1
2024-01-07,S003,CEP-002,1
2024-01-07,S003,CEP-003,1
2024-01-07,S003,CEP-004,1
2024-01-07,S003,CEP-005,1
2024-01-07,S004,ESM-001,1
2024-01-07,S004,ESM-002,2
2024-01-07,S004,ESM-003,1
2024-01-07,S004,ESM-004,3
2024-01-07,S004,ESM-005,0
2024-01-07,S004,ESM-006,0
2024-01-07,S004,ESM-007,1
2024-01-07,S004,ESM-008,1
2024-01-07,S004,ESM-009,1
2024-01-07,S004,ESM-010,1
2024-01-07,S004,DES-001,5
2024-01-07,S004,DES-002,5
2024-01-07,S004,DES-003,4
2024-01-07,S004,DES-004,4
2024-01-07,S004,DES-005,1
2024-01-07,S004,DES-006,3
2024-01-07,S004,DES-007,4
2024-01-07,S004,DES-008,4
2024-01-07,S004,DES-009,3
2024-01-07,S004,DES-010,5
2024-01-07,S004,DES-011,4
2024-01-07,S004,DES-012,3
2024-01-07,S004,DES-013,4
2024-01-07,S004,DES-014,7
2024-01-07,S004,DES-015,1
2024-01-07,S004,TAL-001,1
2024-01-07,S004,TAL-002,1
2024-01-07,S004,TAL-003,1
2024-01-07,S004,TAL-004,1
2024-01-07,S004,TAL-005,2
2024-01-07,S004,TAL-006,0
2024-01-07,S004,TAL-007,0
2024-01-07,S004,TAL-008,1
2024-01-07,S004,SIE-001,1
2024-01-07,S004,SIE-002,1
2024-01-07,S004,SIE-003,1
2024-01-07,S004,SIE-004,1
2024-01-07,S004,SIE-005,1
2024-01-07,S004,SIE-006,0
2024-01-07,S004,CEP-001,0
2024-01-07,S004,CEP-002,1
2024-01-07,S004,CEP-003,1
2024-01-07,S004,CEP-004,1
2024-01-07,S004,CEP-005,1
2024-01-08,S001,ESM-001,2
2024-01-08,S001,ESM-002,2
2024-01-08,S001,ESM-003,0
2024-01-08,S001,ESM-004,1
2024-01-08,S001,ESM-005,1
2024-01-08,S001,ESM-006,1
2024-01-08,S001,ESM-007,1
2024-01-08,S001,ESM-008,1
2024-01-08,S001,ESM-009,2
2024-01-08,S001,ESM-010,2
2024-01-08,S001,DES-001,5
2024-01-08,S001,DES-002,5
2024-01-08,S001,DES-003,5
2024-01-08,S001,DES-004,10
2024-01-08,S001,DES-005,9
2024-01-08,S001,DES-006,7
2024-01-08,S001,DES-007,5
2024-01-08,S001,DES-008,5
2024-01-08,S001,DES-009,4
2024-01-08,S001,DES-010,2
2024-01-08,S001,DES-011,2
2024-01-08,S001,DES-012,8
2024-01-08,S001,DES-013,7
2024-01-08,S001,DES-014,5
2024-01-08,S001,DES-015,4
2024-01-08,S001,TAL-001,1
2024-01-08,S001,TAL-002,2
2024-01-08,S001,TAL-003,0
2024-01-08,S001,TAL-004,0
2024-01-08,S001,TAL-005,1
2024-01-08,S001,TAL-006,2
2024-01-08,S001,TAL-007,2
2024-01-08,S001,TAL-008,1
2024-01-08,S001,SIE-001,1
2024-01-08,S001,SIE-002,2
2024-01-08,S001,SIE-003,1
2024-01-08,S001,SIE-004,2
2024-01-08,S001,SIE-005,1
2024-01-08,S001,SIE-006,0
2024-01-08,S001,CEP-001,1
2024-01-08,S001,CEP-002,1
2024-01-08,S001,CEP-003,2
2024-01-08,S001,CEP-004,1
2024-01-08,S001,CEP-005,1
2024-01-08,S002,ESM-001,2
2024-01-08,S002,ESM-002,0
2024-01-08,S002,ESM-003,2
2024-01-08,S002,ESM-004,2
2024-01-08,S002,ESM-005,1
2024-01-08,S002,ESM-006,4
2024-01-08,S002,ESM-007,2
2024-01-08,S002,ESM-008,2
2024-01-08,S002,ESM-009,1
2024-01-08,S002,ESM-010,1
2024-01-08,S002,DES-001,6
2024-01-08,S002,DES-002,7
2024-01-08,S002,DES-003,6
2024-01-08,S002,DES-004,6
2024-01-08,S002,DES-005,6
2024-01-08,S002,DES-006,5
2024-01-08,S002,DES-007,7
2024-01-08,S002,DES-008,6
2024-01-08,S002,DES-009,3
2024-01-08,S002,DES-010,5
2024-01-08,S002,DES-011,5
2024-01-08,S002,DES-012,6
2024-01-08,S002,DES-013,7
2024-01-08,S002,DES-014,7
2024-01-08,S002,DES-015,7
2024-01-08,S002,TAL-001,1
2024-01-08,S002,TAL-002,2
2024-01-08,S002,TAL-003,1
2024-01-08,S002,TAL-004,1
2024-01-08,S002,TAL-005,1
2024-01-08,S002,TAL-006,1
2024-01-08,S002,TAL-007,1
2024-01-08,S002,TAL-008,1
2024-01-08,S002,SIE-001,2
2024-01-08,S002,SIE-002,1
2024-01-08,S002,SIE-003,1
2024-01-08,S002,SIE-004,0
2024-01-08,S002,SIE-005,0
2024-01-08,S002,SIE-006,0
2024-01-08,S002,CEP-001,1
2024-01-08,S002,CEP-002,0
2024-01-08,S002,CEP-003,0
2024-01-08,S002,CEP-004,0
2024-01-08,S002,CEP-005,1
2024-01-08,S003,ESM-001,2
2024-01-08,S003,ESM-002,1
2024-01-08,S003,ESM-003,1
2024-01-08,S003,ESM-004,1
2024-01-08,S003,ESM-005,0
2024-01-08,S003,ESM-006,1
2024-01-08,S003,ESM-007,1
2024-01-08,S003,ESM-008,1
2024-01-08,S003,ESM-009,0
2024-01-08,S003,ESM-010,0
2024-01-08,S003,DES-001,5
2024-01-08,S003,DES-002,4
2024-01-08,S003,DES-003,3
2024-01-08,S003,DES-004,3
2024-01-08,S003,DES-005,2
2024-01-08,S003,DES-006,4
2024-01-08,S003,DES-007,4
2024-01-08,S003,DES-008,3
2024-01-08,S003,DES-009,4
2024-01-08,S003,DES-010,3
2024-01-08,S003,DES-011,2
2024-01-08,S003,DES-012,5
2024-01-08,S003,DES-013,3
2024-01-08,S003,DES-014,2
2024-01-08,S003,DES-015,3
2024-01-08,S003,TAL-001,1
2024-01-08,S003,TAL-002,0
2024-01-08,S003,TAL-003,1
2024-01-08,S003,TAL-004,1
2024-01-08,S003,TAL-005,1
2024-01-08,S003,TAL-006,0
2024-01-08,S003,TAL-007,1
2024-01-08,S003,TAL-008,1
2024-01-08,S003,SIE-001,1
2024-01-08,S003,SIE-002,1
2024-01-08,S003,SIE-003,1
2024-01-08,S003,SIE-004,0
2024-01-08,S003,SIE-005,0
2024-01-08,S003,SIE-006,0
2024-01-08,S003,CEP-001,1
2024-01-08,S003,CEP-002,1
2024-01-08,S003,CEP-003,1
2024-01-08,S003,CEP-004,1
2024-01-08,S003,CEP-005,1
2024-01-08,S004,ESM-001,0
2024-01-08,S004,ESM-002,1
2024-01-08,S004,ESM-003,1
2024-01-08,S004,ESM-004,0
2024-01-08,S004,ESM-005,0
2024-01-08,S004,ESM-006,1
2024-01-08,S004,ESM-007,0
2024-01-08,S004,ESM-008,0
2024-01-08,S004,ESM-009,1
2024-01-08,S004,ESM-010,2
2024-01-08,S004,DES-001,3
2024-01-08,S004,DES-002,5
2024-01-08,S004,DES-003,2
2024-01-08,S004,DES-004,4
2024-01-08,S004,DES-005,3
2024-01-08,S004,DES-006,4
2024-01-08,S004,DES-007,3
2024-01-08,S004,DES-008,3
2024-01-08,S004,DES-009,1
2024-01-08,S004,DES-010,4
2024-01-08,S004,DES-011,3
2024-01-08,S004,DES-012,3
2024-01-08,S004,DES-013,4
2024-01-08,S004,DES-014,4
2024-01-08,S004,DES-015,5
2024-01-08,S004,TAL-001,0
2024-01-08,S004,TAL-002,1
2024-01-08,S004,TAL-003,0
2024-01-08,S004,TAL-004,1
2024-01-08,S004,TAL-005,0
2024-01-08,S004,TAL-006,1
2024-01-08,S004,TAL-007,0
2024-01-08,S004,TAL-008,1
2024-01-08,S004,SIE-001,0
2024-01-08,S004,SIE-002,0
2024-01-08,S004,SIE-003,1
2024-01-08,S004,SIE-004,1
2024-01-08,S004,SIE-005,1
2024-01-08,S004,SIE-006,0
2024-01-08,S004,CEP-001,1
2024-01-08,S004,CEP-002,1
2024-01-08,S004,CEP-003,1
2024-01-08,S004,CEP-004,1
2024-01-08,S004,CEP-005,1
2024-01-09,S001,ESM-001,1
2024-01-09,S001,ESM-002,2
2024-01-09,S001,ESM-003,1
2024-01-09,S001,ESM-004,1
2024-01-09,S001,ESM-005,1
2024-01-09,S001,ESM-006,1
2024-01-09,S001,ESM-007,3
2024-01-09,S001,ESM-008,2
2024-01-09,S001,ESM-009,2
2024-01-09,S001,ESM-010,1
2024-01-09,S001,DES-001,6
2024-01-09,S001,DES-002,7
2024-01-09,S001,DES-003,7
2024-01-09,S001,DES-004,6
2024-01-09,S001,DES-005,5
2024-01-09,S001,DES-006,5
2024-01-09,S001,DES-007,5
2024-01-09,S001,DES-008,5
2024-01-09,S001,DES-009,7
2024-01-09,S001,DES-010,5
2024-01-09,S001,DES-011,5
2024-01-09,S001,DES-012,4
2024-01-09,S001,DES-013,5
2024-01-09,S001,DES-014,8
2024-01-09,S001,DES-015,10
2024-01-09,S001,TAL-001,1
2024-01-09,S001,TAL-002,1
2024-01-09,S001,TAL-003,0
2024-01-09,S001,TAL-004,0
2024-01-09,S001,TAL-005,0
2024-01-09,S001,TAL-006,1
2024-01-09,S001,TAL-007,1
2024-01-09,S001,TAL-008,1
2024-01-09,S001,SIE-001,0
2024-01-09,S001,SIE-002,2
2024-01-09,S001,SIE-003,1
2024-01-09,S001,SIE-004,1
2024-01-09,S001,SIE-005,1
2024-01-09,S001,SIE-006,0
2024-01-09,S001,CEP-001,1
2024-01-09,S001,CEP-002,0
2024-01-09,S001,CEP-003,1
2024-01-09,S001,CEP-004,1
2024-01-09,S001,CEP-005,1
2024-01-09,S002,ESM-001,1
2024-01-09,S002,ESM-002,2
2024-01-09,S002,ESM-003,2
2024-01-09,S002,ESM-004,3
2024-01-09,S002,ESM-005,3
2024-01-09,S002,ESM-006,2
2024-01-09,S002,ESM-007,1
2024-01-09,S002,ESM-008,0
2024-01-09,S002,ESM-009,2
2024-01-09,S002,ESM-010,1
2024-01-09,S002,DES-001,6
2024-01-09,S002,DES-002,4
2024-01-09,S002,DES-003,5
2024-01-09,S002,DES-004,6
2024-01-09,S002,DES-005,5
2024-01-09,S002,DES-006,6
2024-01-09,S002,DES-007,7
2024-01-09,S002,DES-008,5
2024-01-09,S002,DES-009,4
2024-01-09,S002,DES-010,4
2024-01-09,S002,DES-011,7
2024-01-09,S002,DES-012,5
2024-01-09,S002,DES-013,8
2024-01-09,S002,DES-014,5
2024-01-09,S002,DES-015,7
2024-01-09,S002,TAL-001,1
2024-01-09,S002,TAL-002,0
2024-01-09,S002,TAL-003,1
2024-01-09,S002,TAL-004,2
2024-01-09,S002,TAL-005,1
2024-01-09,S002,TAL-006,0
2024-01-09,S002,TAL-007,1
2024-01-09,S002,TAL-008,1
2024-01-09,S002,SIE-001,1
2024-01-09,S002,SIE-002,1
2024-01-09,S002,SIE-003,1
2024-01-09,S002,SIE-004,0
2024-01-09,S002,SIE-005,0
2024-01-09,S002,SIE-006,1
2024-01-09,S002,CEP-001,2
2024-01-09,S002,CEP-002,1
2024-01-09,S002,CEP-003,1
2024-01-09,S002,CEP-004,1
2024-01-09,S002,CEP-005,1
2024-01-09,S003,ESM-001,1
2024-01-09,S003,ESM-002,2
2024-01-09,S003,ESM-003,2
2024-01-09,S003,ESM-004,2
2024-01-09,S003,ESM-005,1
2024-01-09,S003,ESM-006,2
2024-01-09,S003,ESM-007,2
2024-01-09,S003,ESM-008,1
2024-01-09,S003,ESM-009,1
2024-01-09,S003,ESM-010,1
2024-01-09,S003,DES-001,6
2024-01-09,S003,DES-002,3
2024-01-09,S003,DES-003,3
2024-01-09,S003,DES-004,2
2024-01-09,S003,DES-005,3
2024-01-09,S003,DES-006,5
2024-01-09,S003,DES-007,4
2024-01-09,S003,DES-008,5
2024-01-09,S003,DES-009,2
2024-01-09,S003,DES-010,3
2024-01-09,S003,DES-011,3
2024-01-09,S003,DES-012,6
2024-01-09,S003,DES-013,2
2024-01-09,S003,DES-014,2
2024-01-09,S003,DES-015,2
2024-01-09,S003,TAL-001,1
2024-01-09,S003,TAL-002,0
2024-01-09,S003,TAL-003,0
2024-01-09,S003,TAL-004,1
2024-01-09,S003,TAL-005,1
2024-01-09,S003,TAL-006,1
2024-01-09,S003,TAL-007,1
2024-01-09,S003,TAL-008,0
2024-01-09,S003,SIE-001,1
2024-01-09,S003,SIE-002,1
2024-01-09,S003,SIE-003,0
2024-01-09,S003,SIE-004,0
2024-01-09,S003,SIE-005,1
2024-01-09,S003,SIE-006,0
2024-01-09,S003,CEP-001,1
2024-01-09,S003,CEP-002,1
2024-01-09,S003,CEP-003,0
2024-01-09,S003,CEP-004,0
2024-01-09,S003,CEP-005,1
2024-01-09,S004,ESM-001,1
2024-01-09,S004,ESM-002,1
2024-01-09,S004,ESM-003,2
2024-01-09,S004,ESM-004,1
2024-01-09,S004,ESM-005,2
2024-01-09,S004,ESM-006,2
2024-01-09,S004,ESM-007,2
2024-01-09,S004,ESM-008,3
2024-01-09,S004,ESM-009,2
2024-01-09,S004,ESM-010,0
2024-01-09,S004,DES-001,5
2024-01-09,S004,DES-002,1
2024-01-09,S004,DES-003,2
2024-01-09,S004,DES-004,6
2024-01-09,S004,DES-005,2
2024-01-09,S004,DES-006,6
2024-01-09,S004,DES-007,3
2024-01-09,S004,DES-008,3
2024-01-09,S004,DES-009,5
2024-01-09,S004,DES-010,2
2024-01-09,S004,DES-011,5
2024-01-09,S004,DES-012,3
2024-01-09,S004,DES-013,3
2024-01-09,S004,DES-014,4
2024-01-09,S004,DES-015,3
2024-01-09,S004,TAL-001,0
2024-01-09,S004,TAL-002,1
2024-01-09,S004,TAL-003,0
2024-01-09,S004,TAL-004,1
2024-01-09,S004,TAL-005,1
2024-01-09,S004,TAL-006,1
2024-01-09,S004,TAL-007,2
2024-01-09,S004,TAL-008,1
2024-01-09,S004,SIE-001,1
2024-01-09,S004,SIE-002,1
2024-01-09,S004,SIE-003,0
2024-01-09,S004,SIE-004,0
2024-01-09,S004,SIE-005,0
2024-01-09,S004,SIE-006,1
2024-01-09,S004,CEP-001,1
2024-01-09,S004,CEP-002,1
2024-01-09,S004,CEP-003,1
2024-01-09,S004,CEP-004,1
2024-01-09,S004,CEP-005,2
2024-01-10,S001,ESM-001,1
2024-01-10,S001,ESM-002,1
2024-01-10,S001,ESM-003,2
2024-01-10,S001,ESM-004,1
2024-01-10,S001,ESM-005,2
2024-01-10,S001,ESM-006,0
2024-01-10,S001,ESM-007,1
2024-01-10,S001,ESM-008,2
2024-01-10,S001,ESM-009,2
2024-01-10,S001,ESM-010,1
2024-01-10,S001,DES-001,3
2024-01-10,S001,DES-002,4
2024-01-10,S001,DES-003,6
2024-01-10,S001,DES-004,5
2024-01-10,S001,DES-005,4
2024-01-10,S001,DES-006,6
2024-01-10,S001,DES-007,5
2024-01-10,S001,DES-008,5
2024-01-10,S001,DES-009,7
2024-01-10,S001,DES-010,3
2024-01-10,S001,DES-011,2
2024-01-10,S001,DES-012,5
2024-01-10,S001,DES-013,6
2024-01-10,S001,DES-014,4
2024-01-10,S001,DES-015,2
2024-01-10,S001,TAL-001,1
2024-01-10,S001,TAL-002,1
2024-01-10,S001,TAL-003,1
2024-01-10,S001,TAL-004,1
2024-01-10,S001,TAL-005,0
2024-01-10,S001,TAL-006,1
2024-01-10,S001,TAL-007,1
2024-01-10,S001,TAL-008,2
2024-01-10,S001,SIE-001,1
2024-01-10,S001,SIE-002,0
2024-01-10,S001,SIE-003,1
2024-01-10,S001,SIE-004,0
2024-01-10,S001,SIE-005,0
2024-01-10,S001,SIE-006,0
2024-01-10,S001,CEP-001,1
2024-01-10,S001,CEP-002,1
2024-01-10,S001,CEP-003,1
2024-01-10,S001,CEP-004,1
2024-01-10,S001,CEP-005,1
2024-01-10,S002,ESM-001,1
2024-01-10,S002,ESM-002,1
2024-01-10,S002,ESM-003,2
2024-01-10,S002,ESM-004,0
2024-01-10,S002,ESM-005,0
2024-01-10,S002,ESM-006,2
2024-01-10,S002,ESM-007,3
2024-01-10,S002,ESM-008,2
2024-01-10,S002,ESM-009,2
2024-01-10,S002,ESM-010,1
2024-01-10,S002,DES-001,3
2024-01-10,S002,DES-002,6
2024-01-10,S002,DES-003,7
2024-01-10,S002,DES-004,6
2024-01-10,S002,DES-005,4
2024-01-10,S002,DES-006,6
2024-01-10,S002,DES-007,7
2024-01-10,S002,DES-008,6
2024-01-10,S002,DES-009,4
2024-01-10,S002,DES-010,5
2024-01-10,S002,DES-011,2
2024-01-10,S002,DES-012,4
2024-01-10,S002,DES-013,5
2024-01-10,S002,DES-014,5
2024-01-10,S002,DES-015,6
2024-01-10,S002,TAL-001,1
2024-01-10,S002,TAL-002,1
2024-01-10,S002,TAL-003,1
2024-01-10,S002,TAL-004,1
2024-01-10,S002,TAL-005,2
2024-01-10,S002,TAL-006,1
2024-01-10,S002,TAL-007,0
2024-01-10,S002,TAL-008,0
2024-01-10,S002,SIE-001,0
2024-01-10,S002,SIE-002,2
2024-01-10,S002,SIE-003,1
2024-01-10,S002,SIE-004,1
2024-01-10,S002,SIE-005,1
2024-01-10,S002,SIE-006,1
2024-01-10,S002,CEP-001,2
2024-01-10,S002,CEP-002,1
2024-01-10,S002,CEP-003,2
2024-01-10,S002,CEP-004,2
2024-01-10,S002,CEP-005,1
2024-01-10,S003,ESM-001,1
2024-01-10,S003,ESM-002,1
2024-01-10,S003,ESM-003,1
2024-01-10,S003,ESM-004,2
2024-01-10,S003,ESM-005,1
2024-01-10,S003,ESM-006,1
2024-01-10,S003,ESM-007,2
2024-01-10,S003,ESM-008,2
2024-01-10,S003,ESM-009,1
2024-01-10,S003,ESM-010,2
2024-01-10,S003,DES-001,4
2024-01-10,S003,DES-002,6
2024-01-10,S003,DES-003,4
2024-01-10,S003,DES-004,4
2024-01-10,S003,DES-005,3
2024-01-10,S003,DES-006,5
2024-01-10,S003,DES-007,3
2024-01-10,S003,DES-008,6
2024-01-10,S003,DES-009,3
2024-01-10,S003,DES-010,4
2024-01-10,S003,DES-011,4
2024-01-10,S003,DES-012,5
2024-01-10,S003,DES-013,7
2024-01-10,S003,DES-014,2
2024-01-10,S003,DES-015,5
2024-01-10,S003,TAL-001,1
2024-01-10,S003,TAL-002,1
2024-01-10,S003,TAL-003,1
2024-01-10,S003,TAL-004,2
2024-01-10,S003,TAL-005,1
2024-01-10,S003,TAL-006,0
2024-01-10,S003,TAL-007,0
2024-01-10,S003,TAL-008,2
2024-01-10,S003,SIE-001,0
2024-01-10,S003,SIE-002,0
2024-01-10,S003,SIE-003,0
2024-01-10,S003,SIE-004,0
2024-01-10,S003,SIE-005,0
2024-01-10,S003,SIE-006,1
2024-01-10,S003,CEP-001,1
2024-01-10,S003,CEP-002,1
2024-01-10,S003,CEP-003,1
2024-01-10,S003,CEP-004,1
2024-01-10,S003,CEP-005,1
2024-01-10,S004,ESM-001,1
2024-01-10,S004,ESM-002,2
2024-01-10,S004,ESM-003,0
2024-01-10,S004,ESM-004,0
2024-01-10,S004,ESM-005,2
2024-01-10,S004,ESM-006,0
2024-01-10,S004,ESM-007,2
2024-01-10,S004,ESM-008,2
2024-01-10,S004,ESM-009,1
2024-01-10,S004,ESM-010,1
2024-01-10,S004,DES-001,2
2024-01-10,S004,DES-002,2
2024-01-10,S004,DES-003,4
2024-01-10,S004,DES-004,3
2024-01-10,S004,DES-005,1
2024-01-10,S004,DES-006,4
2024-01-10,S004,DES-007,5
2024-01-10,S004,DES-008,6
2024-01-10,S004,DES-009,4
2024-01-10,S004,DES-010,2
2024-01-10,S004,DES-011,4
2024-01-10,S004,DES-012,4
2024-01-10,S004,DES-013,3
2024-01-10,S004,DES-014,2
2024-01-10,S004,DES-015,3
2024-01-10,S004,TAL-001,0
2024-01-10,S004,TAL-002,0
2024-01-10,S004,TAL-003,1
2024-01-10,S004,TAL-004,0
2024-01-10,S004,TAL-005,0
2024-01-10,S004,TAL-006,0
2024-01-10,S004,TAL-007,1
2024-01-10,S004,TAL-008,1
2024-01-10,S004,SIE-001,0
2024-01-10,S004,SIE-002,1
2024-01-10,S004,SIE-003,1
2024-01-10,S004,SIE-004,1
2024-01-10,S004,SIE-005,0
2024-01-10,S004,SIE-006,1
2024-01-10,S004,CEP-001,1
2024-01-10,S004,CEP-002,0
2024-01-10,S004,CEP-003,1
2024-01-10,S004,CEP-004,1
2024-01-10,S004,CEP-005,1
2024-01-11,S001,ESM-001,3
2024-01-11,S001,ESM-002,2
2024-01-11,S001,ESM-003,2
2024-01-11,S001,ESM-004,2
2024-01-11,S001,ESM-005,1
2024-01-11,S001,ESM-006,1
2024-01-11,S001,ESM-007,0
2024-01-11,S001,ESM-008,1
2024-01-11,S001,ESM-009,2
2024-01-11,S001,ESM-010,1
2024-01-11,S001,DES-001,5
2024-01-11,S001,DES-002,5
2024-01-11,S001,DES-003,8
2024-01-11,S001,DES-004,4
2024-01-11,S001,DES-005,10
2024-01-11,S001,DES-006,8
2024-01-11,S001,DES-007,6
2024-01-11,S001,DES-008,5
2024-01-11,S001,DES-009,3
2024-01-11,S001,DES-010,7
2024-01-11,S001,DES-011,6
2024-01-11,S001,DES-012,8
2024-01-11,S001,DES-013,6
2024-01-11,S001,DES-014,5
2024-01-11,S001,DES-015,7
2024-01-11,S001,TAL-001,1
2024-01-11,S001,TAL-002,0
2024-01-11,S001,TAL-003,0
2024-01-11,S001,TAL-004,0
2024-01-11,S001,TAL-005,0
2024-01-11,S001,TAL-006,0
2024-01-11,S001,TAL-007,1
2024-01-11,S001,TAL-008,1
2024-01-11,S001,SIE-001,1
2024-01-11,S001,SIE-002,0
2024-01-11,S001,SIE-003,1
2024-01-11,S001,SIE-004,1
2024-01-11,S001,SIE-005,1
2024-01-11,S001,SIE-006,0
2024-01-11,S001,CEP-001,1
2024-01-11,S001,CEP-002,0
2024-01-11,S001,CEP-003,1
2024-01-11,S001,CEP-004,1
2024-01-11,S001,CEP-005,0
2024-01-11,S002,ESM-001,1
2024-01-11,S002,ESM-002,0
2024-01-11,S002,ESM-003,0
2024-01-11,S002,ESM-004,2
2024-01-11,S002,ESM-005,2
2024-01-11,S002,ESM-006,3
2024-01-11,S002,ESM-007,2
2024-01-11,S002,ESM-008,1
2024-01-11,S002,ESM-009,2
2024-01-11,S002,ESM-010,2
2024-01-11,S002,DES-001,7
2024-01-11,S002,DES-002,6
2024-01-11,S002,DES-003,8
2024-01-11,S002,DES-004,6
2024-01-11,S002,DES-005,5
2024-01-11,S002,DES-006,4
2024-01-11,S002,DES-007,5
2024-01-11,S002,DES-008,6
2024-01-11,S002,DES-009,3
2024-01-11,S002,DES-010,5
2024-01-11,S002,DES-011,6
2024-01-11,S002,DES-012,5
2024-01-11,S002,DES-013,2
2024-01-11,S002,DES-014,5
2024-01-11,S002,DES-015,8
2024-01-11,S002,TAL-001,2
2024-01-11,S002,TAL-002,1
2024-01-11,S002,TAL-003,1
2024-01-11,S002,TAL-004,0
2024-01-11,S002,TAL-005,1
2024-01-11,S002,TAL-006,1
2024-01-11,S002,TAL-007,1
2024-01-11,S002,TAL-008,1
2024-01-11,S002,SIE-001,1
2024-01-11,S002,SIE-002,0
2024-01-11,S002,SIE-003,1
2024-01-11,S002,SIE-004,1
2024-01-11,S002,SIE-005,1
2024-01-11,S002,SIE-006,1
2024-01-11,S002,CEP-001,1
2024-01-11,S002,CEP-002,1
2024-01-11,S002,CEP-003,2
2024-01-11,S002,CEP-004,0
2024-01-11,S002,CEP-005,1
2024-01-11,S003,ESM-001,0
2024-01-11,S003,ESM-002,0
2024-01-11,S003,ESM-003,0
2024-01-11,S003,ESM-004,2
2024-01-11,S003,ESM-005,1
2024-01-11,S003,ESM-006,1
2024-01-11,S003,ESM-007,1
2024-01-11,S003,ESM-008,1
2024-01-11,S003,ESM-009,1
2024-01-11,S003,ESM-010,1
2024-01-11,S003,DES-001,4
2024-01-11,S003,DES-002,4
2024-01-11,S003,DES-003,4
2024-01-11,S003,DES-004,5
2024-01-11,S003,DES-005,2
2024-01-11,S003,DES-006,3
2024-01-11,S003,DES-007,3
2024-01-11,S003,DES-008,5
2024-01-11,S003,DES-009,6
2024-01-11,S003,DES-010,5
2024-01-11,S003,DES-011,5
2024-01-11,S003,DES-012,5
2024-01-11,S003,DES-013,4
2024-01-11,S003,DES-014,3
2024-01-11,S003,DES-015,6
2024-01-11,S003,TAL-001,1
2024-01-11,S003,TAL-002,1
2024-01-11,S003,TAL-003,1
2024-01-11,S003,TAL-004,1
2024-01-11,S003,TAL-005,1
2024-01-11,S003,TAL-006,2
2024-01-11,S003,TAL-007,1
2024-01-11,S003,TAL-008,1
2024-01-11,S003,SIE-001,1
2024-01-11,S003,SIE-002,1
2024-01-11,S003,SIE-003,1
2024-01-11,S003,SIE-004,0
2024-01-11,S003,SIE-005,1
2024-01-11,S003,SIE-006,0
2024-01-11,S003,CEP-001,1
2024-01-11,S003,CEP-002,1
2024-01-11,S003,CEP-003,1
2024-01-11,S003,CEP-004,1
2024-01-11,S003,CEP-005,1
2024-01-11,S004,ESM-001,0
2024-01-11,S004,ESM-002,2
2024-01-11,S004,ESM-003,1
2024-01-11,S004,ESM-004,0
2024-01-11,S004,ESM-005,2
2024-01-11,S004,ESM-006,1
2024-01-11,S004,ESM-007,1
2024-01-11,S004,ESM-008,1
2024-01-11,S004,ESM-009,0
2024-01-11,S004,ESM-010,1
2024-01-11,S004,DES-001,3
2024-01-11,S004,DES-002,3
2024-01-11,S004,DES-003,5
2024-01-11,S004,DES-004,2
2024-01-11,S004,DES-005,5
2024-01-11,S004,DES-006,5
2024-01-11,S004,DES-007,4
2024-01-11,S004,DES-008,4
2024-01-11,S004,DES-009,5
2024-01-11,S004,DES-010,4
2024-01-11,S004,DES-011,4
2024-01-11,S004,DES-012,4
2024-01-11,S004,DES-013,5
2024-01-11,S004,DES-014,4
2024-01-11,S004,DES-015,6
2024-01-11,S004,TAL-001,1
2024-01-11,S004,TAL-002,1
2024-01-11,S004,TAL-003,1
2024-01-11,S004,TAL-004,1
2024-01-11,S004,TAL-005,0
2024-01-11,S004,TAL-006,1
2024-01-11,S004,TAL-007,2
2024-01-11,S004,TAL-008,1
2024-01-11,S004,SIE-001,1
2024-01-11,S004,SIE-002,1
2024-01-11,S004,SIE-003,1
2024-01-11,S004,SIE-004,0
2024-01-11,S004,SIE-005,0
2024-01-11,S004,SIE-006,0
2024-01-11,S004,CEP-001,1
2024-01-11,S004,CEP-002,2
2024-01-11,S004,CEP-003,1
2024-01-11,S004,CEP-004,1
2024-01-11,S004,CEP-005,0
2024-01-12,S001,ESM-001,1
2024-01-12,S001,ESM-002,1
2024-01-12,S001,ESM-003,1
2024-01-12,S001,ESM-004,1
2024-01-12,S001,ESM-005,1
2024-01-12,S001,ESM-006,3
2024-01-12,S001,ESM-007,2
2024-01-12,S001,ESM-008,2
2024-01-12,S001,ESM-009,1
2024-01-12,S001,ESM-010,2
2024-01-12,S001,DES-001,5
2024-01-12,S001,DES-002,6
2024-01-12,S001,DES-003,2
2024-01-12,S001,DES-004,4
2024-01-12,S001,DES-005,7
2024-01-12,S001,DES-006,7
2024-01-12,S001,DES-007,6
2024-01-12,S001,DES-008,5
2024-01-12,S001,DES-009,7
2024-01-12,S001,DES-010,4
2024-01-12,S001,DES-011,7
2024-01-12,S001,DES-012,4
2024-01-12,S001,DES-013,4
2024-01-12,S001,DES-014,8
2024-01-12,S001,DES-015,8
2024-01-12,S001,TAL-001,1
2024-01-12,S001,TAL-002,0
2024-01-12,S001,TAL-003,0
2024-01-12,S001,TAL-004,1
2024-01-12,S001,TAL-005,0
2024-01-12,S001,TAL-006,1
2024-01-12,S001,TAL-007,1
2024-01-12,S001,TAL-008,1
2024-01-12,S001,SIE-001,0
2024-01-12,S001,SIE-002,0
2024-01-12,S001,SIE-003,0
2024-01-12,S001,SIE-004,1
2024-01-12,S001,SIE-005,1
2024-01-12,S001,SIE-006,1
2024-01-12,S001,CEP-001,0
2024-01-12,S001,CEP-002,0
2024-01-12,S001,CEP-003,1
2024-01-12,S001,CEP-004,1
2024-01-12,S001,CEP-005,2
2024-01-12,S002,ESM-001,1
2024-01-12,S002,ESM-002,1
2024-01-12,S002,ESM-003,2
2024-01-12,S002,ESM-004,1
2024-01-12,S002,ESM-005,1
2024-01-12,S002,ESM-006,3
2024-01-12,S002,ESM-007,2
2024-01-12,S002,ESM-008,1
2024-01-12,S002,ESM-009,2
2024-01-12,S002,ESM-010,1
2024-01-12,S002,DES-001,5
2024-01-12,S002,DES-002,6
2024-01-12,S002,DES-003,10
2024-01-12,S002,DES-004,6
2024-01-12,S002,DES-005,7
2024-01-12,S002,DES-006,8
2024-01-12,S002,DES-007,6
2024-01-12,S002,DES-008,6
2024-01-12,S002,DES-009,5
2024-01-12,S002,DES-010,6
2024-01-12,S002,DES-011,5
2024-01-12,S002,DES-012,5
2024-01-12,S002,DES-013,6
2024-01-12,S002,DES-014,6
2024-01-12,S002,DES-015,5
2024-01-12,S002,TAL-001,2
2024-01-12,S002,TAL-002,1
2024-01-12,S002,TAL-003,1
2024-01-12,S002,TAL-004,1
2024-01-12,S002,TAL-005,1
2024-01-12,S002,TAL-006,0
2024-01-12,S002,TAL-007,0
2024-01-12,S002,TAL-008,2
2024-01-12,S002,SIE-001,1
2024-01-12,S002,SIE-002,1
2024-01-12,S002,SIE-003,0
2024-01-12,S002,SIE-004,0
2024-01-12,S002,SIE-005,1
2024-01-12,S002,SIE-006,0
2024-01-12,S002,CEP-001,2
2024-01-12,S002,CEP-002,1
2024-01-12,S002,CEP-003,1
2024-01-12,S002,CEP-004,1
2024-01-12,S002,CEP-005,0
2024-01-12,S003,ESM-001,1
2024-01-12,S003,ESM-002,1
2024-01-12,S003,ESM-003,2
2024-01-12,S003,ESM-004,1
2024-01-12,S003,ESM-005,1
2024-01-12,S003,ESM-006,1
2024-01-12,S003,ESM-007,1
2024-01-12,S003,ESM-008,1
2024-01-12,S003,ESM-009,2
2024-01-12,S003,ESM-010,2
2024-01-12,S003,DES-001,4
2024-01-12,S003,DES-002,5
2024-01-12,S003,DES-003,2
2024-01-12,S003,DES-004,4
2024-01-12,S003,DES-005,4
2024-01-12,S003,DES-006,5
2024-01-12,S003,DES-007,3
2024-01-12,S003,DES-008,6
2024-01-12,S003,DES-009,5
2024-01-12,S003,DES-010,2
2024-01-12,S003,DES-011,3
2024-01-12,S003,DES-012,2
2024-01-12,S003,DES-013,5
2024-01-12,S003,DES-014,7
2024-01-12,S003,DES-015,2
2024-01-12,S003,TAL-001,0
2024-01-12,S003,TAL-002,1
2024-01-12,S003,TAL-003,1
2024-01-12,S003,TAL-004,1
2024-01-12,S003,TAL-005,0
2024-01-12,S003,TAL-006,1
2024-01-12,S003,TAL-007,0
2024-01-12,S003,TAL-008,0
2024-01-12,S003,SIE-001,0
2024-01-12,S003,SIE-002,1
2024-01-12,S003,SIE-003,1
2024-01-12,S003,SIE-004,0
2024-01-12,S003,SIE-005,1
2024-01-12,S003,SIE-006,1
2024-01-12,S003,CEP-001,1
2024-01-12,S003,CEP-002,0
2024-01-12,S003,CEP-003,0
2024-01-12,S003,CEP-004,1
2024-01-12,S003,CEP-005,0
2024-01-12,S004,ESM-001,2
2024-01-12,S004,ESM-002,2
2024-01-12,S004,ESM-003,1
2024-01-12,S004,ESM-004,1
2024-01-12,S004,ESM-005,1
2024-01-12,S004,ESM-006,1
2024-01-12,S004,ESM-007,2
2024-01-12,S004,ESM-008,1
2024-01-12,S004,ESM-009,1
2024-01-12,S004,ESM-010,0
2024-01-12,S004,DES-001,3
2024-01-12,S004,DES-002,4
2024-01-12,S004,DES-003,4
2024-01-12,S004,DES-004,4
2024-01-12,S004,DES-005,4
2024-01-12,S004,DES-006,3
2024-01-12,S004,DES-007,3
2024-01-12,S004,DES-008,0
2024-01-12,S004,DES-009,2
2024-01-12,S004,DES-010,5
2024-01-12,S004,DES-011,4
2024-01-12,S004,DES-012,3
2024-01-12,S004,DES-013,7
2024-01-12,S004,DES-014,4
2024-01-12,S004,DES-015,3
2024-01-12,S004,TAL-001,1
2024-01-12,S004,TAL-002,1
2024-01-12,S004,TAL-003,1
2024-01-12,S004,TAL-004,1
2024-01-12,S004,TAL-005,1
2024-01-12,S004,TAL-006,2
2024-01-12,S004,TAL-007,1
2024-01-12,S004,TAL-008,1
2024-01-12,S004,SIE-001,1
2024-01-12,S004,SIE-002,1
2024-01-12,S004,SIE-003,1
2024-01-12,S004,SIE-004,0
2024-01-12,S004,SIE-005,0
2024-01-12,S004,SIE-006,1
2024-01-12,S004,CEP-001,1
2024-01-12,S004,CEP-002,1
2024-01-12,S004,CEP-003,1
2024-01-12,S004,CEP-004,1
2024-01-12,S004,CEP-005,0
2024-01-13,S001,ESM-001,4
2024-01-13,S001,ESM-002,0
2024-01-13,S001,ESM-003,3
2024-01-13,S001,ESM-004,2
2024-01-13,S001,ESM-005,0
2024-01-13,S001,ESM-006,2
2024-01-13,S001,ESM-007,2
2024-01-13,S001,ESM-008,3
2024-01-13,S001,ESM-009,2
2024-01-13,S001,ESM-010,0
2024-01-13,S001,DES-001,2
2024-01-13,S001,DES-002,5
2024-01-13,S001,DES-003,6
2024-01-13,S001,DES-004,7
2024-01-13,S001,DES-005,5
2024-01-13,S001,DES-006,6
2024-01-13,S001,DES-007,5
2024-01-13,S001,DES-008,7
2024-01-13,S001,DES-009,4
2024-01-13,S001,DES-010,8
2024-01-13,S001,DES-011,6
2024-01-13,S001,DES-012,5
2024-01-13,S001,DES-013,7
2024-01-13,S001,DES-014,3
2024-01-13,S001,DES-015,1
2024-01-13,S001,TAL-001,1
2024-01-13,S001,TAL-002,1
2024-01-13,S001,TAL-003,1
2024-01-13,S001,TAL-004,0
2024-01-13,S001,TAL-005,1
2024-01-13,S001,TAL-006,1
2024-01-13,S001,TAL-007,2
2024-01-13,S001,TAL-008,1
2024-01-13,S001,SIE-001,1
2024-01-13,S001,SIE-002,1
2024-01-13,S001,SIE-003,1
2024-01-13,S001,SIE-004,0
2024-01-13,S001,SIE-005,0
2024-01-13,S001,SIE-006,0
2024-01-13,S001,CEP-001,1
2024-01-13,S001,CEP-002,0
2024-01-13,S001,CEP-003,1
2024-01-13,S001,CEP-004,1
2024-01-13,S001,CEP-005,1
2024-01-13,S002,ESM-001,2
2024-01-13,S002,ESM-002,2
2024-01-13,S002,ESM-003,2
2024-01-13,S002,ESM-004,2
2024-01-13,S002,ESM-005,1
2024-01-13,S002,ESM-006,1
2024-01-13,S002,ESM-007,1
2024-01-13,S002,ESM-008,0
2024-01-13,S002,ESM-009,1
2024-01-13,S002,ESM-010,0
2024-01-13,S002,DES-001,4
2024-01-13,S002,DES-002,5
2024-01-13,S002,DES-003,5
2024-01-13,S002,DES-004,8
2024-01-13,S002,DES-005,7
2024-01-13,S002,DES-006,3
2024-01-13,S002,DES-007,5
2024-01-13,S002,DES-008,6
2024-01-13,S002,DES-009,3
2024-01-13,S002,DES-010,4
2024-01-13,S002,DES-011,3
2024-01-13,S002,DES-012,9
2024-01-13,S002,DES-013,6
2024-01-13,S002,DES-014,3
2024-01-13,S002,DES-015,6
2024-01-13,S002,TAL-001,1
2024-01-13,S002,TAL-002,1
2024-01-13,S002,TAL-003,1
2024-01-13,S002,TAL-004,0
2024-01-13,S002,TAL-005,1
2024-01-13,S002,TAL-006,1
2024-01-13,S002,TAL-007,1
2024-01-13,S002,TAL-008,1
2024-01-13,S002,SIE-001,0
2024-01-13,S002,SIE-002,1
2024-01-13,S002,SIE-003,1
2024-01-13,S002,SIE-004,1
2024-01-13,S002,SIE-005,1
2024-01-13,S002,SIE-006,1
2024-01-13,S002,CEP-001,0
2024-01-13,S002,CEP-002,1
2024-01-13,S002,CEP-003,1
2024-01-13,S002,CEP-004,1
2024-01-13,S002,CEP-005,1
2024-01-13,S003,ESM-001,0
2024-01-13,S003,ESM-002,0
2024-01-13,S003,ESM-003,2
2024-01-13,S003,ESM-004,2
2024-01-13,S003,ESM-005,1
2024-01-13,S003,ESM-006,2
2024-01-13,S003,ESM-007,1
2024-01-13,S003,ESM-008,1
2024-01-13,S003,ESM-009,1
2024-01-13,S003,ESM-010,1
2024-01-13,S003,DES-001,6
2024-01-13,S003,DES-002,5
2024-01-13,S003,DES-003,6
2024-01-13,S003,DES-004,4
2024-01-13,S003,DES-005,3
2024-01-13,S003,DES-006,4
2024-01-13,S003,DES-007,5
2024-01-13,S003,DES-008,4
2024-01-13,S003,DES-009,4
2024-01-13,S003,DES-010,4
2024-01-13,S003,DES-011,5
2024-01-13,S003,DES-012,1
2024-01-13,S003,DES-013,5
2024-01-13,S003,DES-014,4
2024-01-13,S003,DES-015,5
2024-01-13,S003,TAL-001,1
2024-01-13,S003,TAL-002,1
2024-01-13,S003,TAL-003,0
2024-01-13,S003,TAL-004,1
2024-01-13,S003,TAL-005,1
2024-01-13,S003,TAL-006,0
2024-01-13,S003,TAL-007,1
2024-01-13,S003,TAL-008,0
2024-01-13,S003,SIE-001,0
2024-01-13,S003,SIE-002,0
2024-01-13,S003,SIE-003,1
2024-01-13,S003,SIE-004,0
2024-01-13,S003,SIE-005,0
2024-01-13,S003,SIE-006,0
2024-01-13,S003,CEP-001,1
2024-01-13,S003,CEP-002,1
2024-01-13,S003,CEP-003,1
2024-01-13,S003,CEP-004,1
2024-01-13,S003,CEP-005,1
2024-01-13,S004,ESM-001,2
2024-01-13,S004,ESM-002,1
2024-01-13,S004,ESM-003,2
2024-01-13,S004,ESM-004,1
2024-01-13,S004,ESM-005,2
2024-01-13,S004,ESM-006,1
2024-01-13,S004,ESM-007,1
2024-01-13,S004,ESM-008,2
2024-01-13,S004,ESM-009,2
2024-01-13,S004,ESM-010,2
2024-01-13,S004,DES-001,3
2024-01-13,S004,DES-002,3
2024-01-13,S004,DES-003,4
2024-01-13,S004,DES-004,3
2024-01-13,S004,DES-005,2
2024-01-13,S004,DES-006,4
2024-01-13,S004,DES-007,2
2024-01-13,S004,DES-008,3
2024-01-13,S004,DES-009,4
2024-01-13,S004,DES-010,3
2024-01-13,S004,DES-011,3
2024-01-13,S004,DES-012,5
2024-01-13,S004,DES-013,5
2024-01-13,S004,DES-014,4
2024-01-13,S004,DES-015,5
2024-01-13,S004,TAL-001,1
2024-01-13,S004,TAL-002,0
2024-01-13,S004,TAL-003,0
2024-01-13,S004,TAL-004,2
2024-01-13,S004,TAL-005,1
2024-01-13,S004,TAL-006,1
2024-01-13,S004,TAL-007,0
2024-01-13,S004,TAL-008,0
2024-01-13,S004,SIE-001,1
2024-01-13,S004,SIE-002,1
2024-01-13,S004,SIE-003,1
2024-01-13,S004,SIE-004,1
2024-01-13,S004,SIE-005,0
2024-01-13,S004,SIE-006,1
2024-01-13,S004,CEP-001,1
2024-01-13,S004,CEP-002,0
2024-01-13,S004,CEP-003,1
2024-01-13,S004,CEP-004,1
2024-01-13,S004,CEP-005,1
2024-01-14,S001,ESM-001,2
2024-01-14,S001,ESM-002,1
2024-01-14,S001,ESM-003,4
2024-01-14,S001,ESM-004,2
2024-01-14,S001,ESM-005,1
2024-01-14,S001,ESM-006,1
2024-01-14,S001,ESM-007,1
2024-01-14,S001,ESM-008,2
2024-01-14,S001,ESM-009,1
2024-01-14,S001,ESM-010,2
2024-01-14,S001,DES-001,5
2024-01-14,S001,DES-002,3
2024-01-14,S001,DES-003,8
2024-01-14,S001,DES-004,8
2024-01-14,S001,DES-005,8
2024-01-14,S001,DES-006,5
2024-01-14,S001,DES-007,5
2024-01-14,S001,DES-008,4
2024-01-14,S001,DES-009,6
2024-01-14,S001,DES-010,6
2024-01-14,S001,DES-011,5
2024-01-14,S001,DES-012,5
2024-01-14,S001,DES-013,8
2024-01-14,S001,DES-014,6
2024-01-14,S001,DES-015,9
2024-01-14,S001,TAL-001,3
2024-01-14,S001,TAL-002,0
2024-01-14,S001,TAL-003,0
2024-01-14,S001,TAL-004,0
2024-01-14,S001,TAL-005,1
2024-01-14,S001,TAL-006,1
2024-01-14,S001,TAL-007,1
2024-01-14,S001,TAL-008,1
2024-01-14,S001,SIE-001,0
2024-01-14,S001,SIE-002,0
2024-01-14,S001,SIE-003,1
2024-01-14,S001,SIE-004,1
2024-01-14,S001,SIE-005,0
2024-01-14,S001,SIE-006,1
2024-01-14,S001,CEP-001,2
2024-01-14,S001,CEP-002,1
2024-01-14,S001,CEP-003,2
2024-01-14,S001,CEP-004,1
2024-01-14,S001,CEP-005,1
2024-01-14,S002,ESM-001,0
2024-01-14,S002,ESM-002,2
2024-01-14,S002,ESM-003,2
2024-01-14,S002,ESM-004,2
2024-01-14,S002,ESM-005,3
2024-01-14,S002,ESM-006,1
2024-01-14,S002,ESM-007,1
2024-01-14,S002,ESM-008,2
2024-01-14,S002,ESM-009,1
2024-01-14,S002,ESM-010,0
2024-01-14,S002,DES-001,6
2024-01-14,S002,DES-002,7
2024-01-14,S002,DES-003,6
2024-01-14,S002,DES-004,6
2024-01-14,S002,DES-005,4
2024-01-14,S002,DES-006,6
2024-01-14,S002,DES-007,7
2024-01-14,S002,DES-008,7
2024-01-14,S002,DES-009,6
2024-01-14,S002,DES-010,6
2024-01-14,S002,DES-011,6
2024-01-14,S002,DES-012,5
2024-01-14,S002,DES-013,8
2024-01-14,S002,DES-014,5
2024-01-14,S002,DES-015,6
2024-01-14,S002,TAL-001,2
2024-01-14,S002,TAL-002,0
2024-01-14,S002,TAL-003,1
2024-01-14,S002,TAL-004,1
2024-01-14,S002,TAL-005,2
2024-01-14,S002,TAL-006,0
2024-01-14,S002,TAL-007,1
2024-01-14,S002,TAL-008,1
2024-01-14,S002,SIE-001,1
2024-01-14,S002,SIE-002,1
2024-01-14,S002,SIE-003,2
2024-01-14,S002,SIE-004,1
2024-01-14,S002,SIE-005,1
2024-01-14,S002,SIE-006,0
2024-01-14,S002,CEP-001,1
2024-01-14,S002,CEP-002,1
2024-01-14,S002,CEP-003,2
2024-01-14,S002,CEP-004,2
2024-01-14,S002,CEP-005,1
2024-01-14,S003,ESM-001,1
2024-01-14,S003,ESM-002,1
2024-01-14,S003,ESM-003,1
2024-01-14,S003,ESM-004,2
2024-01-14,S003,ESM-005,1
2024-01-14,S003,ESM-006,0
2024-01-14,S003,ESM-007,1
2024-01-14,S003,ESM-008,1
2024-01-14,S003,ESM-009,0
2024-01-14,S003,ESM-010,1
2024-01-14,S003,DES-001,2
2024-01-14,S003,DES-002,3
2024-01-14,S003,DES-003,5
2024-01-14,S003,DES-004,1
2024-01-14,S003,DES-005,3
2024-01-14,S003,DES-006,4
2024-01-14,S003,DES-007,4
2024-01-14,S003,DES-008,3
2024-01-14,S003,DES-009,4
2024-01-14,S003,DES-010,4
2024-01-14,S003,DES-011,4
2024-01-14,S003,DES-012,3
2024-01-14,S003,DES-013,5
2024-01-14,S003,DES-014,5
2024-01-14,S003,DES-015,3
2024-01-14,S003,TAL-001,1
2024-01-14,S003,TAL-002,1
2024-01-14,S003,TAL-003,1
2024-01-14,S003,TAL-004,1
2024-01-14,S003,TAL-005,1
2024-01-14,S003,TAL-006,1
2024-01-14,S003,TAL-007,0
2024-01-14,S003,TAL-008,0
2024-01-14,S003,SIE-001,1
2024-01-14,S003,SIE-002,0
2024-01-14,S003,SIE-003,0
2024-01-14,S003,SIE-004,1
2024-01-14,S003,SIE-005,0
2024-01-14,S003,SIE-006,0
2024-01-14,S003,CEP-001,1
2024-01-14,S003,CEP-002,0
2024-01-14,S003,CEP-003,1
2024-01-14,S003,CEP-004,1
2024-01-14,S003,CEP-005,1
2024-01-14,S004,ESM-001,2
2024-01-14,S004,ESM-002,3
2024-01-14,S004,ESM-003,1
2024-01-14,S004,ESM-004,2
2024-01-14,S004,ESM-005,2
2024-01-14,S004,ESM-006,1
2024-01-14,S004,ESM-007,1
2024-01-14,S004,ESM-008,0
2024-01-14,S004,ESM-009,2
2024-01-14,S004,ESM-010,2
2024-01-14,S004,DES-001,4
2024-01-14,S004,DES-002,4
2024-01-14,S004,DES-003,4
2024-01-14,S004,DES-004,4
2024-01-14,S004,DES-005,4
2024-01-14,S004,DES-006,4
2024-01-14,S004,DES-007,6
2024-01-14,S004,DES-008,4
2024-01-14,S004,DES-009,3
2024-01-14,S004,DES-010,3
2024-01-14,S004,DES-011,2
2024-01-14,S004,DES-012,6
2024-01-14,S004,DES-013,3
2024-01-14,S004,DES-014,3
2024-01-14,S004,DES-015,4
2024-01-14,S004,TAL-001,1
2024-01-14,S004,TAL-002,0
2024-01-14,S004,TAL-003,2
2024-01-14,S004,TAL-004,0
2024-01-14,S004,TAL-005,1
2024-01-14,S004,TAL-006,1
2024-01-14,S004,TAL-007,1
2024-01-14,S004,TAL-008,1
2024-01-14,S004,SIE-001,0
2024-01-14,S004,SIE-002,1
2024-01-14,S004,SIE-003,0
2024-01-14,S004,SIE-004,0
2024-01-14,S004,SIE-005,0
2024-01-14,S004,SIE-006,0
2024-01-14,S004,CEP-001,1
2024-01-14,S004,CEP-002,0
2024-01-14,S004,CEP-003,0
2024-01-14,S004,CEP-004,0
2024-01-14,S004,CEP-005,1
2024-01-15,S001,ESM-001,0
2024-01-15,S001,ESM-002,3
2024-01-15,S001,ESM-003,2
2024-01-15,S001,ESM-004,2
2024-01-15,S001,ESM-005,2
2024-01-15,S001,ESM-006,1
2024-01-15,S001,ESM-007,2
2024-01-15,S001,ESM-008,3
2024-01-15,S001,ESM-009,2
2024-01-15,S001,ESM-010,2
2024-01-15,S001,DES-001,6
2024-01-15,S001,DES-002,4
2024-01-15,S001,DES-003,8
2024-01-15,S001,DES-004,4
2024-01-15,S001,DES-005,6
2024-01-15,S001,DES-006,4
2024-01-15,S001,DES-007,5
2024-01-15,S001,DES-008,5
2024-01-15,S001,DES-009,6
2024-01-15,S001,DES-010,8
2024-01-15,S001,DES-011,5
2024-01-15,S001,DES-012,7
2024-01-15,S001,DES-013,5
2024-01-15,S001,DES-014,6
2024-01-15,S001,DES-015,7
2024-01-15,S001,TAL-001,1
2024-01-15,S001,TAL-002,2
2024-01-15,S001,TAL-003,0
2024-01-15,S001,TAL-004,1
2024-01-15,S001,TAL-005,1
2024-01-15,S001,TAL-006,1
2024-01-15,S001,TAL-007,2
2024-01-15,S001,TAL-008,1
2024-01-15,S001,SIE-001,1
2024-01-15,S001,SIE-002,1
2024-01-15,S001,SIE-003,1
2024-01-15,S001,SIE-004,1
2024-01-15,S001,SIE-005,1
2024-01-15,S001,SIE-006,1
2024-01-15,S001,CEP-001,1
2024-01-15,S001,CEP-002,1
2024-01-15,S001,CEP-003,2
2024-01-15,S001,CEP-004,2
2024-01-15,S001,CEP-005,2
2024-01-15,S002,ESM-001,0
2024-01-15,S002,ESM-002,1
2024-01-15,S002,ESM-003,2
2024-01-15,S002,ESM-004,1
2024-01-15,S002,ESM-005,1
2024-01-15,S002,ESM-006,0
2024-01-15,S002,ESM-007,3
2024-01-15,S002,ESM-008,1
2024-01-15,S002,ESM-009,1
2024-01-15,S002,ESM-010,0
2024-01-15,S002,DES-001,7
2024-01-15,S002,DES-002,3
2024-01-15,S002,DES-003,3
2024-01-15,S002,DES-004,5
2024-01-15,S002,DES-005,6
2024-01-15,S002,DES-006,7
2024-01-15,S002,DES-007,8
2024-01-15,S002,DES-008,5
2024-01-15,S002,DES-009,6
2024-01-15,S002,DES-010,6
2024-01-15,S002,DES-011,4
2024-01-15,S002,DES-012,7
2024-01-15,S002,DES-013,4
2024-01-15,S002,DES-014,6
2024-01-15,S002,DES-015,3
2024-01-15,S002,TAL-001,2
2024-01-15,S002,TAL-002,1
2024-01-15,S002,TAL-003,2
2024-01-15,S002,TAL-004,0
2024-01-15,S002,TAL-005,0
2024-01-15,S002,TAL-006,0
2024-01-15,S002,TAL-007,0
2024-01-15,S002,TAL-008,1
2024-01-15,S002,SIE-001,1
2024-01-15,S002,SIE-002,0
2024-01-15,S002,SIE-003,1
2024-01-15,S002,SIE-004,1
2024-01-15,S002,SIE-005,0
2024-01-15,S002,SIE-006,1
2024-01-15,S002,CEP-001,2
2024-01-15,S002,CEP-002,1
2024-01-15,S002,CEP-003,2
2024-01-15,S002,CEP-004,1
2024-01-15,S002,CEP-005,1
2024-01-15,S003,ESM-001,0
2024-01-15,S003,ESM-002,0
2024-01-15,S003,ESM-003,1
2024-01-15,S003,ESM-004,1
2024-01-15,S003,ESM-005,1
2024-01-15,S003,ESM-006,2
2024-01-15,S003,ESM-007,2
2024-01-15,S003,ESM-008,0
2024-01-15,S003,ESM-009,2
2024-01-15,S003,ESM-010,1
2024-01-15,S003,DES-001,5
2024-01-15,S003,DES-002,4
2024-01-15,S003,DES-003,5
2024-01-15,S003,DES-004,1
2024-01-15,S003,DES-005,2
2024-01-15,S003,DES-006,4
2024-01-15,S003,DES-007,4
2024-01-15,S003,DES-008,5
2024-01-15,S003,DES-009,6
2024-01-15,S003,DES-010,5
2024-01-15,S003,DES-011,4
2024-01-15,S003,DES-012,3
2024-01-15,S003,DES-013,4
2024-01-15,S003,DES-014,3
2024-01-15,S003,DES-015,3
2024-01-15,S003,TAL-001,0
2024-01-15,S003,TAL-002,1
2024-01-15,S003,TAL-003,1
2024-01-15,S003,TAL-004,1
2024-01-15,S003,TAL-005,1
2024-01-15,S003,TAL-006,1
2024-01-15,S003,TAL-007,1
2024-01-15,S003,TAL-008,1
2024-01-15,S003,SIE-001,0
2024-01-15,S003,SIE-002,0
2024-01-15,S003,SIE-003,1
2024-01-15,S003,SIE-004,1
2024-01-15,S003,SIE-005,1
2024-01-15,S003,SIE-006,1
2024-01-15,S003,CEP-001,0
2024-01-15,S003,CEP-002,0
2024-01-15,S003,CEP-003,1
2024-01-15,S003,CEP-004,0
2024-01-15,S003,CEP-005,0
2024-01-15,S004,ESM-001,0
2024-01-15,S004,ESM-002,1
2024-01-15,S004,ESM-003,1
2024-01-15,S004,ESM-004,1
2024-01-15,S004,ESM-005,1
2024-01-15,S004,ESM-006,2
2024-01-15,S004,ESM-007,1
2024-01-15,S004,ESM-008,0
2024-01-15,S004,ESM-009,1
2024-01-15,S004,ESM-010,2
2024-01-15,S004,DES-001,5
2024-01-15,S004,DES-002,3
2024-01-15,S004,DES-003,3
2024-01-15,S004,DES-004,4
2024-01-15,S004,DES-005,5
2024-01-15,S004,DES-006,3
2024-01-15,S004,DES-007,5
2024-01-15,S004,DES-008,3
2024-01-15,S004,DES-009,4
2024-01-15,S004,DES-010,4
2024-01-15,S004,DES-011,4
2024-01-15,S004,DES-012,2
2024-01-15,S004,DES-013,5
2024-01-15,S004,DES-014,4
2024-01-15,S004,DES-015,4
2024-01-15,S004,TAL-001,1
2024-01-15,S004,TAL-002,1
2024-01-15,S004,TAL-003,1
2024-01-15,S004,TAL-004,0
2024-01-15,S004,TAL-005,1
2024-01-15,S004,TAL-006,0
2024-01-15,S004,TAL-007,0
2024-01-15,S004,TAL-008,1
2024-01-15,S004,SIE-001,0
2024-01-15,S004,SIE-002,1
2024-01-15,S004,SIE-003,0
2024-01-15,S004,SIE-004,0
2024-01-15,S004,SIE-005,0
2024-01-15,S004,SIE-006,1
2024-01-15,S004,CEP-001,0
2024-01-15,S004,CEP-002,0
2024-01-15,S004,CEP-003,1
2024-01-15,S004,CEP-004,1
2024-01-15,S004,CEP-005,1
2024-01-16,S001,ESM-001,3
2024-01-16,S001,ESM-002,0
2024-01-16,S001,ESM-003,2
2024-01-16,S001,ESM-004,1
2024-01-16,S001,ESM-005,2
2024-01-16,S001,ESM-006,2
2024-01-16,S001,ESM-007,1
2024-01-16,S001,ESM-008,3
2024-01-16,S001,ESM-009,1
2024-01-16,S001,ESM-010,2
2024-01-16,S001,DES-001,8
2024-01-16,S001,DES-002,7
2024-01-16,S001,DES-003,4
2024-01-16,S001,DES-004,7
2024-01-16,S001,DES-005,4
2024-01-16,S001,DES-006,6
2024-01-16,S001,DES-007,4
2024-01-16,S001,DES-008,1
2024-01-16,S001,DES-009,6
2024-01-16,S001,DES-010,7
2024-01-16,S001,DES-011,6
2024-01-16,S001,DES-012,7
2024-01-16,S001,DES-013,5
2024-01-16,S001,DES-014,4
2024-01-16,S001,DES-015,6
2024-01-16,S001,TAL-001,0
2024-01-16,S001,TAL-002,0
2024-01-16,S001,TAL-003,0
2024-01-16,S001,TAL-004,0
2024-01-16,S001,TAL-005,0
2024-01-16,S001,TAL-006,1
2024-01-16,S001,TAL-007,1
2024-01-16,S001,TAL-008,0
2024-01-16,S001,SIE-001,1
2024-01-16,S001,SIE-002,0
2024-01-16,S001,SIE-003,1
2024-01-16,S001,SIE-004,0
2024-01-16,S001,SIE-005,0
2024-01-16,S001,SIE-006,1
2024-01-16,S001,CEP-001,1
2024-01-16,S001,CEP-002,0
2024-01-16,S001,CEP-003,2
2024-01-16,S001,CEP-004,1
2024-01-16,S001,CEP-005,1
2024-01-16,S002,ESM-001,3
2024-01-16,S002,ESM-002,2
2024-01-16,S002,ESM-003,2
2024-01-16,S002,ESM-004,1
2024-01-16,S002,ESM-005,1
2024-01-16,S002,ESM-006,1
2024-01-16,S002,ESM-007,3
2024-01-16,S002,ESM-008,1
2024-01-16,S002,ESM-009,0
2024-01-16,S002,ESM-010,3
2024-01-16,S002,DES-001,7
2024-01-16,S002,DES-002,6
2024-01-16,S002,DES-003,6
2024-01-16,S002,DES-004,7
2024-01-16,S002,DES-005,7
2024-01-16,S002,DES-006,6
2024-01-16,S002,DES-007,5
2024-01-16,S002,DES-008,5
2024-01-16,S002,DES-009,9
2024-01-16,S002,DES-010,4
2024-01-16,S002,DES-011,6
2024-01-16,S002,DES-012,4
2024-01-16,S002,DES-013,4
2024-01-16,S002,DES-014,3
2024-01-16,S002,DES-015,6
2024-01-16,S002,TAL-001,1
2024-01-16,S002,TAL-002,1
2024-01-16,S002,TAL-003,2
2024-01-16,S002,TAL-004,1
2024-01-16,S002,TAL-005,1
2024-01-16,S002,TAL-006,1
2024-01-16,S002,TAL-007,0
2024-01-16,S002,TAL-008,1
2024-01-16,S002,SIE-001,0
2024-01-16,S002,SIE-002,0
2024-01-16,S002,SIE-003,1
2024-01-16,S002,SIE-004,0
2024-01-16,S002,SIE-005,1
2024-01-16,S002,SIE-006,1
2024-01-16,S002,CEP-001,2
2024-01-16,S002,CEP-002,2
2024-01-16,S002,CEP-003,0
2024-01-16,S002,CEP-004,0
2024-01-16,S002,CEP-005,2
2024-01-16,S003,ESM-001,0
2024-01-16,S003,ESM-002,1
2024-01-16,S003,ESM-003,1
2024-01-16,S003,ESM-004,1
2024-01-16,S003,ESM-005,1
2024-01-16,S003,ESM-006,0
2024-01-16,S003,ESM-007,0
2024-01-16,S003,ESM-008,1
2024-01-16,S003,ESM-009,1
2024-01-16,S003,ESM-010,2
2024-01-16,S003,DES-001,3
2024-01-16,S003,DES-002,5
2024-01-16,S003,DES-003,5
2024-01-16,S003,DES-004,4
2024-01-16,S003,DES-005,4
2024-01-16,S003,DES-006,4
2024-01-16,S003,DES-007,2
2024-01-16,S003,DES-008,3
2024-01-16,S003,DES-009,4
2024-01-16,S003,DES-010,6
2024-01-16,S003,DES-011,5
2024-01-16,S003,DES-012,4
2024-01-16,S003,DES-013,2
2024-01-16,S003,DES-014,5
2024-01-16,S003,DES-015,1
2024-01-16,S003,TAL-001,0
2024-01-16,S003,TAL-002,0
2024-01-16,S003,TAL-003,1
2024-01-16,S003,TAL-004,0
2024-01-16,S003,TAL-005,1
2024-01-16,S003,TAL-006,1
2024-01-16,S003,TAL-007,1
2024-01-16,S003,TAL-008,0
2024-01-16,S003,SIE-001,0
2024-01-16,S003,SIE-002,1
2024-01-16,S003,SIE-003,1
2024-01-16,S003,SIE-004,0
2024-01-16,S003,SIE-005,0
2024-01-16,S003,SIE-006,1
2024-01-16,S003,CEP-001,1
2024-01-16,S003,CEP-002,1
2024-01-16,S003,CEP-003,1
2024-01-16,S003,CEP-004,1
2024-01-16,S003,CEP-005,1
2024-01-16,S004,ESM-001,0
2024-01-16,S004,ESM-002,1
2024-01-16,S004,ESM-003,2
2024-01-16,S004,ESM-004,1
2024-01-16,S004,ESM-005,1
2024-01-16,S004,ESM-006,2
2024-01-16,S004,ESM-007,1
2024-01-16,S004,ESM-008,2
2024-01-16,S004,ESM-009,1
2024-01-16,S004,ESM-010,0
2024-01-16,S004,DES-001,4
2024-01-16,S004,DES-002,4
2024-01-16,S004,DES-003,3
2024-01-16,S004,DES-004,4
2024-01-16,S004,DES-005,2
2024-01-16,S004,DES-006,3
2024-01-16,S004,DES-007,4
2024-01-16,S004,DES-008,4
2024-01-16,S004,DES-009,5
2024-01-16,S004,DES-010,4
2024-01-16,S004,DES-011,5
2024-01-16,S004,DES-012,3
2024-01-16,S004,DES-013,3
2024-01-16,S004,DES-014,2
2024-01-16,S004,DES-015,4
2024-01-16,S004,TAL-001,0
2024-01-16,S004,TAL-002,1
2024-01-16,S004,TAL-003,1
2024-01-16,S004,TAL-004,1
2024-01-16,S004,TAL-005,1
2024-01-16,S004,TAL-006,1
2024-01-16,S004,TAL-007,1
2024-01-16,S004,TAL-008,1
2024-01-16,S004,SIE-001,1
2024-01-16,S004,SIE-002,1
2024-01-16,S004,SIE-003,0
2024-01-16,S004,SIE-004,0
2024-01-16,S004,SIE-005,1
2024-01-16,S004,SIE-006,1
2024-01-16,S004,CEP-001,0
2024-01-16,S004,CEP-002,1
2024-01-16,S004,CEP-003,1
2024-01-16,S004,CEP-004,1
2024-01-16,S004,CEP-005,1
2024-01-17,S001,ESM-001,2
2024-01-17,S001,ESM-002,1
2024-01-17,S001,ESM-003,1
2024-01-17,S001,ESM-004,3
2024-01-17,S001,ESM-005,2
2024-01-17,S001,ESM-006,2
2024-01-17,S001,ESM-007,1
2024-01-17,S001,ESM-008,0
2024-01-17,S001,ESM-009,3
2024-01-17,S001,ESM-010,1
2024-01-17,S001,DES-001,4
2024-01-17,S001,DES-002,5
2024-01-17,S001,DES-003,5
2024-01-17,S001,DES-004,5
2024-01-17,S001,DES-005,5
2024-01-17,S001,DES-006,5
2024-01-17,S001,DES-007,3
2024-01-17,S001,DES-008,4
2024-01-17,S001,DES-009,4
2024-01-17,S001,DES-010,3
2024-01-17,S001,DES-011,6
2024-01-17,S001,DES-012,7
2024-01-17,S001,DES-013,7
2024-01-17,S001,DES-014,6
2024-01-17,S001,DES-015,7
2024-01-17,S001,TAL-001,1
2024-01-17,S001,TAL-002,1
2024-01-17,S001,TAL-003,2
2024-01-17,S001,TAL-004,0
2024-01-17,S001,TAL-005,1
2024-01-17,S001,TAL-006,1
2024-01-17,S001,TAL-007,1
2024-01-17,S001,TAL-008,1
2024-01-17,S001,SIE-001,1
2024-01-17,S001,SIE-002,1
2024-01-17,S001,SIE-003,1
2024-01-17,S001,SIE-004,0
2024-01-17,S001,SIE-005,1
2024-01-17,S001,SIE-006,1
2024-01-17,S001,CEP-001,1
2024-01-17,S001,CEP-002,1
2024-01-17,S001,CEP-003,1
2024-01-17,S001,CEP-004,0
2024-01-17,S001,CEP-005,2
2024-01-17,S002,ESM-001,2
2024-01-17,S002,ESM-002,0
2024-01-17,S002,ESM-003,3
2024-01-17,S002,ESM-004,1
2024-01-17,S002,ESM-005,2
2024-01-17,S002,ESM-006,1
2024-01-17,S002,ESM-007,1
2024-01-17,S002,ESM-008,3
2024-01-17,S002,ESM-009,3
2024-01-17,S002,ESM-010,2
2024-01-17,S002,DES-001,4
2024-01-17,S002,DES-002,6
2024-01-17,S002,DES-003,6
2024-01-17,S002,DES-004,4
2024-01-17,S002,DES-005,6
2024-01-17,S002,DES-006,8
2024-01-17,S002,DES-007,8
2024-01-17,S002,DES-008,6
2024-01-17,S002,DES-009,9
2024-01-17,S002,DES-010,3
2024-01-17,S002,DES-011,4
2024-01-17,S002,DES-012,2
2024-01-17,S002,DES-013,6
2024-01-17,S002,DES-014,4
2024-01-17,S002,DES-015,4
2024-01-17,S002,TAL-001,1
2024-01-17,S002,TAL-002,1
2024-01-17,S002,TAL-003,0
2024-01-17,S002,TAL-004,2
2024-01-17,S002,TAL-005,1
2024-01-17,S002,TAL-006,0
2024-01-17,S002,TAL-007,1
2024-01-17,S002,TAL-008,1
2024-01-17,S002,SIE-001,0
2024-01-17,S002,SIE-002,1
2024-01-17,S002,SIE-003,1
2024-01-17,S002,SIE-004,1
2024-01-17,S002,SIE-005,0
2024-01-17,S002,SIE-006,0
2024-01-17,S002,CEP-001,1
2024-01-17,S002,CEP-002,1
2024-01-17,S002,CEP-003,1
2024-01-17,S002,CEP-004,2
2024-01-17,S002,CEP-005,0
2024-01-17,S003,ESM-001,1
2024-01-17,S003,ESM-002,1
2024-01-17,S003,ESM-003,0
2024-01-17,S003,ESM-004,2
2024-01-17,S003,ESM-005,1
2024-01-17,S003,ESM-006,1
2024-01-17,S003,ESM-007,1
2024-01-17,S003,ESM-008,1
2024-01-17,S003,ESM-009,2
2024-01-17,S003,ESM-010,1
2024-01-17,S003,DES-001,2
2024-01-17,S003,DES-002,3
2024-01-17,S003,DES-003,2
2024-01-17,S003,DES-004,5
2024-01-17,S003,DES-005,3
2024-01-17,S003,DES-006,3
2024-01-17,S003,DES-007,5
2024-01-17,S003,DES-008,4
2024-01-17,S003,DES-009,3
2024-01-17,S003,DES-010,3
2024-01-17,S003,DES-011,5
2024-01-17,S003,DES-012,6
2024-01-17,S003,DES-013,4
2024-01-17,S003,DES-014,3
2024-01-17,S003,DES-015,5
2024-01-17,S003,TAL-001,0
2024-01-17,S003,TAL-002,1
2024-01-17,S003,TAL-003,0
2024-01-17,S003,TAL-004,1
2024-01-17,S003,TAL-005,2
2024-01-17,S003,TAL-006,0
2024-01-17,S003,TAL-007,1
2024-01-17,S003,TAL-008,1
2024-01-17,S003,SIE-001,1
2024-01-17,S003,SIE-002,1
2024-01-17,S003,SIE-003,1
2024-01-17,S003,SIE-004,1
2024-01-17,S003,SIE-005,1
2024-01-17,S003,SIE-006,0
2024-01-17,S003,CEP-001,1
2024-01-17,S003,CEP-002,1
2024-01-17,S003,CEP-003,1
2024-01-17,S003,CEP-004,0
2024-01-17,S003,CEP-005,1
2024-01-17,S004,ESM-001,1
2024-01-17,S004,ESM-002,2
2024-01-17,S004,ESM-003,1
2024-01-17,S004,ESM-004,1
2024-01-17,S004,ESM-005,2
2024-01-17,S004,ESM-006,1
2024-01-17,S004,ESM-007,1
2024-01-17,S004,ESM-008,0
2024-01-17,S004,ESM-009,2
2024-01-17,S004,ESM-010,1
2024-01-17,S004,DES-001,3
2024-01-17,S004,DES-002,4
2024-01-17,S004,DES-003,2
2024-01-17,S004,DES-004,4
2024-01-17,S004,DES-005,5
2024-01-17,S004,DES-006,4
2024-01-17,S004,DES-007,4
2024-01-17,S004,DES-008,5
2024-01-17,S004,DES-009,4
2024-01-17,S004,DES-010,2
2024-01-17,S004,DES-011,4
2024-01-17,S004,DES-012,0
2024-01-17,S004,DES-013,6
2024-01-17,S004,DES-014,3
2024-01-17,S004,DES-015,4
2024-01-17,S004,TAL-001,0
2024-01-17,S004,TAL-002,1
2024-01-17,S004,TAL-003,1
2024-01-17,S004,TAL-004,1
2024-01-17,S004,TAL-005,1
2024-01-17,S004,TAL-006,1
2024-01-17,S004,TAL-007,1
2024-01-17,S004,TAL-008,1
2024-01-17,S004,SIE-001,1
2024-01-17,S004,SIE-002,0
2024-01-17,S004,SIE-003,0
2024-01-17,S004,SIE-004,1
2024-01-17,S004,SIE-005,1
2024-01-17,S004,SIE-006,1
2024-01-17,S004,CEP-001,1
2024-01-17,S004,CEP-002,1
2024-01-17,S004,CEP-003,0
2024-01-17,S004,CEP-004,2
2024-01-17,S004,CEP-005,0
2024-01-18,S001,ESM-001,1
2024-01-18,S001,ESM-002,3
2024-01-18,S001,ESM-003,2
2024-01-18,S001,ESM-004,1
2024-01-18,S001,ESM-005,2
2024-01-18,S001,ESM-006,2
2024-01-18,S001,ESM-007,2
2024-01-18,S001,ESM-008,2
2024-01-18,S001,ESM-009,1
2024-01-18,S001,ESM-010,2
2024-01-18,S001,DES-001,4
2024-01-18,S001,DES-002,7
2024-01-18,S001,DES-003,7
2024-01-18,S001,DES-004,7
2024-01-18,S001,DES-005,6
2024-01-18,S001,DES-006,6
2024-01-18,S001,DES-007,6
2024-01-18,S001,DES-008,8
2024-01-18,S001,DES-009,5
2024-01-18,S001,DES-010,8
2024-01-18,S001,DES-011,6
2024-01-18,S001,DES-012,6
2024-01-18,S001,DES-013,8
2024-01-18,S001,DES-014,7
2024-01-18,S001,DES-015,4
2024-01-18,S001,TAL-001,0
2024-01-18,S001,TAL-002,2
2024-01-18,S001,TAL-003,0
2024-01-18,S001,TAL-004,1
2024-01-18,S001,TAL-005,2
2024-01-18,S001,TAL-006,2
2024-01-18,S001,TAL-007,1
2024-01-18,S001,TAL-008,0
2024-01-18,S001,SIE-001,0
2024-01-18,S001,SIE-002,0
2024-01-18,S001,SIE-003,1
2024-01-18,S001,SIE-004,0
2024-01-18,S001,SIE-005,0
2024-01-18,S001,SIE-006,0
2024-01-18,S001,CEP-001,1
2024-01-18,S001,CEP-002,3
2024-01-18,S001,CEP-003,0
2024-01-18,S001,CEP-004,2
2024-01-18,S001,CEP-005,2
2024-01-18,S002,ESM-001,1
2024-01-18,S002,ESM-002,0
2024-01-18,S002,ESM-003,1
2024-01-18,S002,ESM-004,1
2024-01-18,S002,ESM-005,3
2024-01-18,S002,ESM-006,0
2024-01-18,S002,ESM-007,0
2024-01-18,S002,ESM-008,0
2024-01-18,S002,ESM-009,2
2024-01-18,S002,ESM-010,1
2024-01-18,S002,DES-001,4
2024-01-18,S002,DES-002,4
2024-01-18,S002,DES-003,4
2024-01-18,S002,DES-004,4
2024-01-18,S002,DES-005,6
2024-01-18,S002,DES-006,6
2024-01-18,S002,DES-007,4
2024-01-18,S002,DES-008,7
2024-01-18,S002,DES-009,6
2024-01-18,S002,DES-010,3
2024-01-18,S002,DES-011,7
2024-01-18,S002,DES-012,4
2024-01-18,S002,DES-013,4
2024-01-18,S002,DES-014,8
2024-01-18,S002,DES-015,4
2024-01-18,S002,TAL-001,0
2024-01-18,S002,TAL-002,2
2024-01-18,S002,TAL-003,2
2024-01-18,S002,TAL-004,0
2024-01-18,S002,TAL-005,3
2024-01-18,S002,TAL-006,2
2024-01-18,S002,TAL-007,2
2024-01-18,S002,TAL-008,1
2024-01-18,S002,SIE-001,0
2024-01-18,S002,SIE-002,1
2024-01-18,S002,SIE-003,0
2024-01-18,S002,SIE-004,1
2024-01-18,S002,SIE-005,0
2024-01-18,S002,SIE-006,2
2024-01-18,S002,CEP-001,2
2024-01-18,S002,CEP-002,0
2024-01-18,S002,CEP-003,0
2024-01-18,S002,CEP-004,0
2024-01-18,S002,CEP-005,2
2024-01-18,S003,ESM-001,0
2024-01-18,S003,ESM-002,0
2024-01-18,S003,ESM-003,2
2024-01-18,S003,ESM-004,2
2024-01-18,S003,ESM-005,1
2024-01-18,S003,ESM-006,1
2024-01-18,S003,ESM-007,1
2024-01-18,S003,ESM-008,1
2024-01-18,S003,ESM-009,1
2024-01-18,S003,ESM-010,2
2024-01-18,S003,DES-001,3
2024-01-18,S003,DES-002,5
2024-01-18,S003,DES-003,5
2024-01-18,S003,DES-004,3
2024-01-18,S003,DES-005,4
2024-01-18,S003,DES-006,5
2024-01-18,S003,DES-007,7
2024-01-18,S003,DES-008,5
2024-01-18,S003,DES-009,4
2024-01-18,S003,DES-010,4
2024-01-18,S003,DES-011,5
2024-01-18,S003,DES-012,5
2024-01-18,S003,DES-013,4
2024-01-18,S003,DES-014,5
2024-01-18,S003,DES-015,4
2024-01-18,S003,TAL-001,1
2024-01-18,S003,TAL-002,1
2024-01-18,S003,TAL-003,1
2024-01-18,S003,TAL-004,0
2024-01-18,S003,TAL-005,1
2024-01-18,S003,TAL-006,0
2024-01-18,S003,TAL-007,1
2024-01-18,S003,TAL-008,1
2024-01-18,S003,SIE-001,1
2024-01-18,S003,SIE-002,1
2024-01-18,S003,SIE-003,0
2024-01-18,S003,SIE-004,1
2024-01-18,S003,SIE-005,1
2024-01-18,S003,SIE-006,0
2024-01-18,S003,CEP-001,2
2024-01-18,S003,CEP-002,1
2024-01-18,S003,CEP-003,0
2024-01-18,S003,CEP-004,1
2024-01-18,S003,CEP-005,1
2024-01-18,S004,ESM-001,1
2024-01-18,S004,ESM-002,1
2024-01-18,S004,ESM-003,1
2024-01-18,S004,ESM-004,2
2024-01-18,S004,ESM-005,0
2024-01-18,S004,ESM-006,0
2024-01-18,S004,ESM-007,1
2024-01-18,S004,ESM-008,2
2024-01-18,S004,ESM-009,0
2024-01-18,S004,ESM-010,1
2024-01-18,S004,DES-001,4
2024-01-18,S004,DES-002,6
2024-01-18,S004,DES-003,5
2024-01-18,S004,DES-004,4
2024-01-18,S004,DES-005,2
2024-01-18,S004,DES-006,3
2024-01-18,S004,DES-007,5
2024-01-18,S004,DES-008,4
2024-01-18,S004,DES-009,2
2024-01-18,S004,DES-010,2
2024-01-18,S004,DES-011,4
2024-01-18,S004,DES-012,1
2024-01-18,S004,DES-013,4
2024-01-18,S004,DES-014,4
2024-01-18,S004,DES-015,4
2024-01-18,S004,TAL-001,1
2024-01-18,S004,TAL-002,0
2024-01-18,S004,TAL-003,1
2024-01-18,S004,TAL-004,1
2024-01-18,S004,TAL-005,0
2024-01-18,S004,TAL-006,1
2024-01-18,S004,TAL-007,0
2024-01-18,S004,TAL-008,1
2024-01-18,S004,SIE-001,0
2024-01-18,S004,SIE-002,0
2024-01-18,S004,SIE-003,1
2024-01-18,S004,SIE-004,0
2024-01-18,S004,SIE-005,1
2024-01-18,S004,SIE-006,0
2024-01-18,S004,CEP-001,1
2024-01-18,S004,CEP-002,1
2024-01-18,S004,CEP-003,1
2024-01-18,S004,CEP-004,1
2024-01-18,S004,CEP-005,1
2024-01-19,S001,ESM-001,3
2024-01-19,S001,ESM-002,1
2024-01-19,S001,ESM-003,2
2024-01-19,S001,ESM-004,1
2024-01-19,S001,ESM-005,4
2024-01-19,S001,ESM-006,0
2024-01-19,S001,ESM-007,2
2024-01-19,S001,ESM-008,1
2024-01-19,S001,ESM-009,1
2024-01-19,S001,ESM-010,2
2024-01-19,S001,DES-001,5
2024-01-19,S001,DES-002,5
2024-01-19,S001,DES-003,4
2024-01-19,S001,DES-004,5
2024-01-19,S001,DES-005,6
2024-01-19,S001,DES-006,2
2024-01-19,S001,DES-007,7
2024-01-19,S001,DES-008,5
2024-01-19,S001,DES-009,5
2024-01-19,S001,DES-010,5
2024-01-19,S001,DES-011,5
2024-01-19,S001,DES-012,4
2024-01-19,S001,DES-013,5
2024-01-19,S001,DES-014,7
2024-01-19,S001,DES-015,8
2024-01-19,S001,TAL-001,1
2024-01-19,S001,TAL-002,1
2024-01-19,S001,TAL-003,1
2024-01-19,S001,TAL-004,0
2024-01-19,S001,TAL-005,1
2024-01-19,S001,TAL-006,0
2024-01-19,S001,TAL-007,0
2024-01-19,S001,TAL-008,0
2024-01-19,S001,SIE-001,1
2024-01-19,S001,SIE-002,0
2024-01-19,S001,SIE-003,1
2024-01-19,S001,SIE-004,1
2024-01-19,S001,SIE-005,1
2024-01-19,S001,SIE-006,0
2024-01-19,S001,CEP-001,1
2024-01-19,S001,CEP-002,2
2024-01-19,S001,CEP-003,1
2024-01-19,S001,CEP-004,0
2024-01-19,S001,CEP-005,2
2024-01-19,S002,ESM-001,2
2024-01-19,S002,ESM-002,1
2024-01-19,S002,ESM-003,1
2024-01-19,S002,ESM-004,4
2024-01-19,S002,ESM-005,2
2024-01-19,S002,ESM-006,1
2024-01-19,S002,ESM-007,2
2024-01-19,S002,ESM-008,1
2024-01-19,S002,ESM-009,2
2024-01-19,S002,ESM-010,3
2024-01-19,S002,DES-001,7
2024-01-19,S002,DES-002,5
2024-01-19,S002,DES-003,6
2024-01-19,S002,DES-004,4
2024-01-19,S002,DES-005,4
2024-01-19,S002,DES-006,5
2024-01-19,S002,DES-007,7
2024-01-19,S002,DES-008,5
2024-01-19,S002,DES-009,5
2024-01-19,S002,DES-010,5
2024-01-19,S002,DES-011,6
2024-01-19,S002,DES-012,4
2024-01-19,S002,DES-013,6
2024-01-19,S002,DES-014,5
2024-01-19,S002,DES-015,5
2024-01-19,S002,TAL-001,0
2024-01-19,S002,TAL-002,1
2024-01-19,S002,TAL-003,2
2024-01-19,S002,TAL-004,1
2024-01-19,S002,TAL-005,1
2024-01-19,S002,TAL-006,1
2024-01-19,S002,TAL-007,1
2024-01-19,S002,TAL-008,1
2024-01-19,S002,SIE-001,0
2024-01-19,S002,SIE-002,1
2024-01-19,S002,SIE-003,1
2024-01-19,S002,SIE-004,0
2024-01-19,S002,SIE-005,0
2024-01-19,S002,SIE-006,1
2024-01-19,S002,CEP-001,0
2024-01-19,S002,CEP-002,2
2024-01-19,S002,CEP-003,1
2024-01-19,S002,CEP-004,1
2024-01-19,S002,CEP-005,1
2024-01-19,S003,ESM-001,1
2024-01-19,S003,ESM-002,1
2024-01-19,S003,ESM-003,2
2024-01-19,S003,ESM-004,0
2024-01-19,S003,ESM-005,1
2024-01-19,S003,ESM-006,1
2024-01-19,S003,ESM-007,0
2024-01-19,S003,ESM-008,0
2024-01-19,S003,ESM-009,1
2024-01-19,S003,ESM-010,0
2024-01-19,S003,DES-001,3
2024-01-19,S003,DES-002,4
2024-01-19,S003,DES-003,3
2024-01-19,S003,DES-004,1
2024-01-19,S003,DES-005,5
2024-01-19,S003,DES-006,5
2024-01-19,S003,DES-007,2
2024-01-19,S003,DES-008,3
2024-01-19,S003,DES-009,4
2024-01-19,S003,DES-010,4
2024-01-19,S003,DES-011,5
2024-01-19,S003,DES-012,3
2024-01-19,S003,DES-013,4
2024-01-19,S003,DES-014,4
2024-01-19,S003,DES-015,5
2024-01-19,S003,TAL-001,0
2024-01-19,S003,TAL-002,0
2024-01-19,S003,TAL-003,1
2024-01-19,S003,TAL-004,1
2024-01-19,S003,TAL-005,1
2024-01-19,S003,TAL-006,1
2024-01-19,S003,TAL-007,0
2024-01-19,S003,TAL-008,0
2024-01-19,S003,SIE-001,0
2024-01-19,S003,SIE-002,1
2024-01-19,S003,SIE-003,1
2024-01-19,S003,SIE-004,1
2024-01-19,S003,SIE-005,1
2024-01-19,S003,SIE-006,0
2024-01-19,S003,CEP-001,0
2024-01-19,S003,CEP-002,0
2024-01-19,S003,CEP-003,1
2024-01-19,S003,CEP-004,1
2024-01-19,S003,CEP-005,0
2024-01-19,S004,ESM-001,2
2024-01-19,S004,ESM-002,1
2024-01-19,S004,ESM-003,1
2024-01-19,S004,ESM-004,0
2024-01-19,S004,ESM-005,1
2024-01-19,S004,ESM-006,2
2024-01-19,S004,ESM-007,1
2024-01-19,S004,ESM-008,0
2024-01-19,S004,ESM-009,0
2024-01-19,S004,ESM-010,0
2024-01-19,S004,DES-001,4
2024-01-19,S004,DES-002,4
2024-01-19,S004,DES-003,5
2024-01-19,S004,DES-004,4
2024-01-19,S004,DES-005,4
2024-01-19,S004,DES-006,5
2024-01-19,S004,DES-007,5
2024-01-19,S004,DES-008,4
2024-01-19,S004,DES-009,2
2024-01-19,S004,DES-010,3
2024-01-19,S004,DES-011,5
2024-01-19,S004,DES-012,4
2024-01-19,S004,DES-013,3
2024-01-19,S004,DES-014,5
2024-01-19,S004,DES-015,5
2024-01-19,S004,TAL-001,1
2024-01-19,S004,TAL-002,0
2024-01-19,S004,TAL-003,1
2024-01-19,S004,TAL-004,2
2024-01-19,S004,TAL-005,1
2024-01-19,S004,TAL-006,1
2024-01-19,S004,TAL-007,0
2024-01-19,S004,TAL-008,0
2024-01-19,S004,SIE-001,1
2024-01-19,S004,SIE-002,0
2024-01-19,S004,SIE-003,0
2024-01-19,S004,SIE-004,1
2024-01-19,S004,SIE-005,1
2024-01-19,S004,SIE-006,0
2024-01-19,S004,CEP-001,1
2024-01-19,S004,CEP-002,1
2024-01-19,S004,CEP-003,1
2024-01-19,S004,CEP-004,1
2024-01-19,S004,CEP-005,1
2024-01-20,S001,ESM-001,0
2024-01-20,S001,ESM-002,1
2024-01-20,S001,ESM-003,2
2024-01-20,S001,ESM-004,1
2024-01-20,S001,ESM-005,2
2024-01-20,S001,ESM-006,2
2024-01-20,S001,ESM-007,2
2024-01-20,S001,ESM-008,2
2024-01-20,S001,ESM-009,1
2024-01-20,S001,ESM-010,0
2024-01-20,S001,DES-001,5
2024-01-20,S001,DES-002,6
2024-01-20,S001,DES-003,4
2024-01-20,S001,DES-004,4
2024-01-20,S001,DES-005,6
2024-01-20,S001,DES-006,4
2024-01-20,S001,DES-007,5
2024-01-20,S001,DES-008,6
2024-01-20,S001,DES-009,8
2024-01-20,S001,DES-010,4
2024-01-20,S001,DES-011,2
2024-01-20,S001,DES-012,4
2024-01-20,S001,DES-013,7
2024-01-20,S001,DES-014,2
2024-01-20,S001,DES-015,5
2024-01-20,S001,TAL-001,0
2024-01-20,S001,TAL-002,0
2024-01-20,S001,TAL-003,1
2024-01-20,S001,TAL-004,1
2024-01-20,S001,TAL-005,1
2024-01-20,S001,TAL-006,1
2024-01-20,S001,TAL-007,1
2024-01-20,S001,TAL-008,1
2024-01-20,S001,SIE-001,1
2024-01-20,S001,SIE-002,1
2024-01-20,S001,SIE-003,0
2024-01-20,S001,SIE-004,1
2024-01-20,S001,SIE-005,0
2024-01-20,S001,SIE-006,1
2024-01-20,S001,CEP-001,2
2024-01-20,S001,CEP-002,2
2024-01-20,S001,CEP-003,1
2024-01-20,S001,CEP-004,2
2024-01-20,S001,CEP-005,1
2024-01-20,S002,ESM-001,2
2024-01-20,S002,ESM-002,1
2024-01-20,S002,ESM-003,2
2024-01-20,S002,ESM-004,1
2024-01-20,S002,ESM-005,1
2024-01-20,S002,ESM-006,0
2024-01-20,S002,ESM-007,1
2024-01-20,S002,ESM-008,2
2024-01-20,S002,ESM-009,2
2024-01-20,S002,ESM-010,1
2024-01-20,S002,DES-001,3
2024-01-20,S002,DES-002,6
2024-01-20,S002,DES-003,6
2024-01-20,S002,DES-004,5
2024-01-20,S002,DES-005,4
2024-01-20,S002,DES-006,7
2024-01-20,S002,DES-007,8
2024-01-20,S002,DES-008,4
2024-01-20,S002,DES-009,3
2024-01-20,S002,DES-010,6
2024-01-20,S002,DES-011,8
2024-01-20,S002,DES-012,6
2024-01-20,S002,DES-013,2
2024-01-20,S002,DES-014,5
2024-01-20,S002,DES-015,6
2024-01-20,S002,TAL-001,1
2024-01-20,S002,TAL-002,1
2024-01-20,S002,TAL-003,2
2024-01-20,S002,TAL-004,2
2024-01-20,S002,TAL-005,1
2024-01-20,S002,TAL-006,0
2024-01-20,S002,TAL-007,1
2024-01-20,S002,TAL-008,1
2024-01-20,S002,SIE-001,1
2024-01-20,S002,SIE-002,0
2024-01-20,S002,SIE-003,2
2024-01-20,S002,SIE-004,0
2024-01-20,S002,SIE-005,1
2024-01-20,S002,SIE-006,1
2024-01-20,S002,CEP-001,1
2024-01-20,S002,CEP-002,1
2024-01-20,S002,CEP-003,0
2024-01-20,S002,CEP-004,1
2024-01-20,S002,CEP-005,1
2024-01-20,S003,ESM-001,1
2024-01-20,S003,ESM-002,1
2024-01-20,S003,ESM-003,1
2024-01-20,S003,ESM-004,1
2024-01-20,S003,ESM-005,1
2024-01-20,S003,ESM-006,2
2024-01-20,S003,ESM-007,1
2024-01-20,S003,ESM-008,1
2024-01-20,S003,ESM-009,1
2024-01-20,S003,ESM-010,1
2024-01-20,S003,DES-001,3
2024-01-20,S003,DES-002,5
2024-01-20,S003,DES-003,4
2024-01-20,S003,DES-004,4
2024-01-20,S003,DES-005,4
2024-01-20,S003,DES-006,3
2024-01-20,S003,DES-007,5
2024-01-20,S003,DES-008,2
2024-01-20,S003,DES-009,3
2024-01-20,S003,DES-010,3
2024-01-20,S003,DES-011,6
2024-01-20,S003,DES-012,4
2024-01-20,S003,DES-013,4
2024-01-20,S003,DES-014,3
2024-01-20,S003,DES-015,3
2024-01-20,S003,TAL-001,1
2024-01-20,S003,TAL-002,1
2024-01-20,S003,TAL-003,1
2024-01-20,S003,TAL-004,1
2024-01-20,S003,TAL-005,0
2024-01-20,S003,TAL-006,1
2024-01-20,S003,TAL-007,0
2024-01-20,S003,TAL-008,1
2024-01-20,S003,SIE-001,1
2024-01-20,S003,SIE-002,1
2024-01-20,S003,SIE-003,0
2024-01-20,S003,SIE-004,0
2024-01-20,S003,SIE-005,0
2024-01-20,S003,SIE-006,0
2024-01-20,S003,CEP-001,1
2024-01-20,S003,CEP-002,0
2024-01-20,S003,CEP-003,1
2024-01-20,S003,CEP-004,1
2024-01-20,S003,CEP-005,2
2024-01-20,S004,ESM-001,1
2024-01-20,S004,ESM-002,1
2024-01-20,S004,ESM-003,1
2024-01-20,S004,ESM-004,0
2024-01-20,S004,ESM-005,0
2024-01-20,S004,ESM-006,2
2024-01-20,S004,ESM-007,1
2024-01-20,S004,ESM-008,1
2024-01-20,S004,ESM-009,1
2024-01-20,S004,ESM-010,0
2024-01-20,S004,DES-001,2
2024-01-20,S004,DES-002,4
2024-01-20,S004,DES-003,2
2024-01-20,S004,DES-004,6
2024-01-20,S004,DES-005,2
2024-01-20,S004,DES-006,6
2024-01-20,S004,DES-007,2
2024-01-20,S004,DES-008,3
2024-01-20,S004,DES-009,4
2024-01-20,S004,DES-010,5
2024-01-20,S004,DES-011,3
2024-01-20,S004,DES-012,4
2024-01-20,S004,DES-013,3
2024-01-20,S004,DES-014,3
2024-01-20,S004,DES-015,3
2024-01-20,S004,TAL-001,1
2024-01-20,S004,TAL-002,0
2024-01-20,S004,TAL-003,0
2024-01-20,S004,TAL-004,0
2024-01-20,S004,TAL-005,0
2024-01-20,S004,TAL-006,1
2024-01-20,S004,TAL-007,1
2024-01-20,S004,TAL-008,0
2024-01-20,S004,SIE-001,0
2024-01-20,S004,SIE-002,1
2024-01-20,S004,SIE-003,1
2024-01-20,S004,SIE-004,0
2024-01-20,S004,SIE-005,0
2024-01-20,S004,SIE-006,0
2024-01-20,S004,CEP-001,1
2024-01-20,S004,CEP-002,1
2024-01-20,S004,CEP-003,0
2024-01-20,S004,CEP-004,1
2024-01-20,S004,CEP-005,1
2024-01-21,S001,ESM-001,1
2024-01-21,S001,ESM-002,2
2024-01-21,S001,ESM-003,0
2024-01-21,S001,ESM-004,2
2024-01-21,S001,ESM-005,2
2024-01-21,S001,ESM-006,3
2024-01-21,S001,ESM-007,0
2024-01-21,S001,ESM-008,3
2024-01-21,S001,ESM-009,3
2024-01-21,S001,ESM-010,1
2024-01-21,S001,DES-001,5
2024-01-21,S001,DES-002,5
2024-01-21,S001,DES-003,7
2024-01-21,S001,DES-004,4
2024-01-21,S001,DES-005,4
2024-01-21,S001,DES-006,7
2024-01-21,S001,DES-007,3
2024-01-21,S001,DES-008,8
2024-01-21,S001,DES-009,7
2024-01-21,S001,DES-010,3
2024-01-21,S001,DES-011,6
2024-01-21,S001,DES-012,7
2024-01-21,S001,DES-013,6
2024-01-21,S001,DES-014,7
2024-01-21,S001,DES-015,4
2024-01-21,S001,TAL-001,1
2024-01-21,S001,TAL-002,0
2024-01-21,S001,TAL-003,0
2024-01-21,S001,TAL-004,2
2024-01-21,S001,TAL-005,2
2024-01-21,S001,TAL-006,1
2024-01-21,S001,TAL-007,1
2024-01-21,S001,TAL-008,3
2024-01-21,S001,SIE-001,0
2024-01-21,S001,SIE-002,1
2024-01-21,S001,SIE-003,0
2024-01-21,S001,SIE-004,1
2024-01-21,S001,SIE-005,1
2024-01-21,S001,SIE-006,0
2024-01-21,S001,CEP-001,1
2024-01-21,S001,CEP-002,2
2024-01-21,S001,CEP-003,0
2024-01-21,S001,CEP-004,1
2024-01-21,S001,CEP-005,2
2024-01-21,S002,ESM-001,0
2024-01-21,S002,ESM-002,1
2024-01-21,S002,ESM-003,0
2024-01-21,S002,ESM-004,1
2024-01-21,S002,ESM-005,0
2024-01-21,S002,ESM-006,1
2024-01-21,S002,ESM-007,1
2024-01-21,S002,ESM-008,1
2024-01-21,S002,ESM-009,2
2024-01-21,S002,ESM-010,0
2024-01-21,S002,DES-001,2
2024-01-21,S002,DES-002,6
2024-01-21,S002,DES-003,9
2024-01-21,S002,DES-004,5
2024-01-21,S002,DES-005,4
2024-01-21,S002,DES-006,6
2024-01-21,S002,DES-007,2
2024-01-21,S002,DES-008,6
2024-01-21,S002,DES-009,9
2024-01-21,S002,DES-010,8
2024-01-21,S002,DES-011,7
2024-01-21,S002,DES-012,4
2024-01-21,S002,DES-013,7
2024-01-21,S002,DES-014,6
2024-01-21,S002,DES-015,3
2024-01-21,S002,TAL-001,2
2024-01-21,S002,TAL-002,0
2024-01-21,S002,TAL-003,2
2024-01-21,S002,TAL-004,0
2024-01-21,S002,TAL-005,1
2024-01-21,S002,TAL-006,0
2024-01-21,S002,TAL-007,2
2024-01-21,S002,TAL-008,1
2024-01-21,S002,SIE-001,0
2024-01-21,S002,SIE-002,1
2024-01-21,S002,SIE-003,1
2024-01-21,S002,SIE-004,0
2024-01-21,S002,SIE-005,1
2024-01-21,S002,SIE-006,0
2024-01-21,S002,CEP-001,1
2024-01-21,S002,CEP-002,1
2024-01-21,S002,CEP-003,1
2024-01-21,S002,CEP-004,1
2024-01-21,S002,CEP-005,2
2024-01-21,S003,ESM-001,0
2024-01-21,S003,ESM-002,1
2024-01-21,S003,ESM-003,1
2024-01-21,S003,ESM-004,1
2024-01-21,S003,ESM-005,1
2024-01-21,S003,ESM-006,1
2024-01-21,S003,ESM-007,2
2024-01-21,S003,ESM-008,1
2024-01-21,S003,ESM-009,0
2024-01-21,S003,ESM-010,1
2024-01-21,S003,DES-001,4
2024-01-21,S003,DES-002,4
2024-01-21,S003,DES-003,3
2024-01-21,S003,DES-004,6
2024-01-21,S003,DES-005,3
2024-01-21,S003,DES-006,6
2024-01-21,S003,DES-007,5
2024-01-21,S003,DES-008,5
2024-01-21,S003,DES-009,5
2024-01-21,S003,DES-010,5
2024-01-21,S003,DES-011,5
2024-01-21,S003,DES-012,3
2024-01-21,S003,DES-013,4
2024-01-21,S003,DES-014,2
2024-01-21,S003,DES-015,6
2024-01-21,S003,TAL-001,1
2024-01-21,S003,TAL-002,1
2024-01-21,S003,TAL-003,1
2024-01-21,S003,TAL-004,0
2024-01-21,S003,TAL-005,0
2024-01-21,S003,TAL-006,1
2024-01-21,S003,TAL-007,1
2024-01-21,S003,TAL-008,1
2024-01-21,S003,SIE-001,0
2024-01-21,S003,SIE-002,0
2024-01-21,S003,SIE-003,1
2024-01-21,S003,SIE-004,1
2024-01-21,S003,SIE-005,1
2024-01-21,S003,SIE-006,0
2024-01-21,S003,CEP-001,1
2024-01-21,S003,CEP-002,0
2024-01-21,S003,CEP-003,1
2024-01-21,S003,CEP-004,0
2024-01-21,S003,CEP-005,0
2024-01-21,S004,ESM-001,2
2024-01-21,S004,ESM-002,0
2024-01-21,S004,ESM-003,1
2024-01-21,S004,ESM-004,1
2024-01-21,S004,ESM-005,1
2024-01-21,S004,ESM-006,1
2024-01-21,S004,ESM-007,1
2024-01-21,S004,ESM-008,1
2024-01-21,S004,ESM-009,0
2024-01-21,S004,ESM-010,0
2024-01-21,S004,DES-001,6
2024-01-21,S004,DES-002,2
2024-01-21,S004,DES-003,3
2024-01-21,S004,DES-004,3
2024-01-21,S004,DES-005,5
2024-01-21,S004,DES-006,5
2024-01-21,S004,DES-007,5
2024-01-21,S004,DES-008,4
2024-01-21,S004,DES-009,5
2024-01-21,S004,DES-010,5
2024-01-21,S004,DES-011,5
2024-01-21,S004,DES-012,3
2024-01-21,S004,DES-013,2
2024-01-21,S004,DES-014,4
2024-01-21,S004,DES-015,4
2024-01-21,S004,TAL-001,0
2024-01-21,S004,TAL-002,1
2024-01-21,S004,TAL-003,0
2024-01-21,S004,TAL-004,1
2024-01-21,S004,TAL-005,0
2024-01-21,S004,TAL-006,1
2024-01-21,S004,TAL-007,0
2024-01-21,S004,TAL-008,1
2024-01-21,S004,SIE-001,1
2024-01-21,S004,SIE-002,0
2024-01-21,S004,SIE-003,0
2024-01-21,S004,SIE-004,0
2024-01-21,S004,SIE-005,1
2024-01-21,S004,SIE-006,0
2024-01-21,S004,CEP-001,1
2024-01-21,S004,CEP-002,1
2024-01-21,S004,CEP-003,0
2024-01-21,S004,CEP-004,1
2024-01-21,S004,CEP-005,1
2024-01-22,S001,ESM-001,1
2024-01-22,S001,ESM-002,1
2024-01-22,S001,ESM-003,1
2024-01-22,S001,ESM-004,2
2024-01-22,S001,ESM-005,2
2024-01-22,S001,ESM-006,2
2024-01-22,S001,ESM-007,3
2024-01-22,S001,ESM-008,1
2024-01-22,S001,ESM-009,1
2024-01-22,S001,ESM-010,1
2024-01-22,S001,DES-001,6
2024-01-22,S001,DES-002,7
2024-01-22,S001,DES-003,5
2024-01-22,S001,DES-004,6
2024-01-22,S001,DES-005,7
2024-01-22,S001,DES-006,4
2024-01-22,S001,DES-007,6
2024-01-22,S001,DES-008,6
2024-01-22,S001,DES-009,4
2024-01-22,S001,DES-010,4
2024-01-22,S001,DES-011,5
2024-01-22,S001,DES-012,6
2024-01-22,S001,DES-013,6
2024-01-22,S001,DES-014,5
2024-01-22,S001,DES-015,7
2024-01-22,S001,TAL-001,0
2024-01-22,S001,TAL-002,2
2024-01-22,S001,TAL-003,1
2024-01-22,S001,TAL-004,0
2024-01-22,S001,TAL-005,2
2024-01-22,S001,TAL-006,0
2024-01-22,S001,TAL-007,2
2024-01-22,S001,TAL-008,0
2024-01-22,S001,SIE-001,1
2024-01-22,S001,SIE-002,1
2024-01-22,S001,SIE-003,1
2024-01-22,S001,SIE-004,2
2024-01-22,S001,SIE-005,1
2024-01-22,S001,SIE-006,1
2024-01-22,S001,CEP-001,0
2024-01-22,S001,CEP-002,3
2024-01-22,S001,CEP-003,2
2024-01-22,S001,CEP-004,1
2024-01-22,S001,CEP-005,1
2024-01-22,S002,ESM-001,1
2024-01-22,S002,ESM-002,2
2024-01-22,S002,ESM-003,1
2024-01-22,S002,ESM-004,0
2024-01-22,S002,ESM-005,2
2024-01-22,S002,ESM-006,3
2024-01-22,S002,ESM-007,1
2024-01-22,S002,ESM-008,2
2024-01-22,S002,ESM-009,2
2024-01-22,S002,ESM-010,2
2024-01-22,S002,DES-001,6
2024-01-22,S002,DES-002,6
2024-01-22,S002,DES-003,5
2024-01-22,S002,DES-004,6
2024-01-22,S002,DES-005,6
2024-01-22,S002,DES-006,5
2024-01-22,S002,DES-007,7
2024-01-22,S002,DES-008,5
2024-01-22,S002,DES-009,5
2024-01-22,S002,DES-010,6
2024-01-22,S002,DES-011,8
2024-01-22,S002,DES-012,4
2024-01-22,S002,DES-013,5
2024-01-22,S002,DES-014,7
2024-01-22,S002,DES-015,5
2024-01-22,S002,TAL-001,1
2024-01-22,S002,TAL-002,1
2024-01-22,S002,TAL-003,1
2024-01-22,S002,TAL-004,0
2024-01-22,S002,TAL-005,1
2024-01-22,S002,TAL-006,0
2024-01-22,S002,TAL-007,1
2024-01-22,S002,TAL-008,1
2024-01-22,S002,SIE-001,1
2024-01-22,S002,SIE-002,0
2024-01-22,S002,SIE-003,1
2024-01-22,S002,SIE-004,0
2024-01-22,S002,SIE-005,0
2024-01-22,S002,SIE-006,0
2024-01-22,S002,CEP-001,1
2024-01-22,S002,CEP-002,1
2024-01-22,S002,CEP-003,2
2024-01-22,S002,CEP-004,1
2024-01-22,S002,CEP-005,1
2024-01-22,S003,ESM-001,1
2024-01-22,S003,ESM-002,0
2024-01-22,S003,ESM-003,1
2024-01-22,S003,ESM-004,0
2024-01-22,S003,ESM-005,1
2024-01-22,S003,ESM-006,1
2024-01-22,S003,ESM-007,1
2024-01-22,S003,ESM-008,0
2024-01-22,S003,ESM-009,2
2024-01-22,S003,ESM-010,0
2024-01-22,S003,DES-001,4
2024-01-22,S003,DES-002,3
2024-01-22,S003,DES-003,4
2024-01-22,S003,DES-004,6
2024-01-22,S003,DES-005,3
2024-01-22,S003,DES-006,3
2024-01-22,S003,DES-007,5
2024-01-22,S003,DES-008,5
2024-01-22,S003,DES-009,4
2024-01-22,S003,DES-010,3
2024-01-22,S003,DES-011,3
2024-01-22,S003,DES-012,4
2024-01-22,S003,DES-013,3
2024-01-22,S003,DES-014,5
2024-01-22,S003,DES-015,5
2024-01-22,S003,TAL-001,2
2024-01-22,S003,TAL-002,0
2024-01-22,S003,TAL-003,0
2024-01-22,S003,TAL-004,1
2024-01-22,S003,TAL-005,1
2024-01-22,S003,TAL-006,1
2024-01-22,S003,TAL-007,1
2024-01-22,S003,TAL-008,0
2024-01-22,S003,SIE-001,0
2024-01-22,S003,SIE-002,0
2024-01-22,S003,SIE-003,0
2024-01-22,S003,SIE-004,1
2024-01-22,S003,SIE-005,1
2024-01-22,S003,SIE-006,1
2024-01-22,S003,CEP-001,1
2024-01-22,S003,CEP-002,1
2024-01-22,S003,CEP-003,1
2024-01-22,S003,CEP-004,1
2024-01-22,S003,CEP-005,1
2024-01-22,S004,ESM-001,1
2024-01-22,S004,ESM-002,1
2024-01-22,S004,ESM-003,1
2024-01-22,S004,ESM-004,0
2024-01-22,S004,ESM-005,0
2024-01-22,S004,ESM-006,1
2024-01-22,S004,ESM-007,2
2024-01-22,S004,ESM-008,1
2024-01-22,S004,ESM-009,1
2024-01-22,S004,ESM-010,1
2024-01-22,S004,DES-001,4
2024-01-22,S004,DES-002,5
2024-01-22,S004,DES-003,2
2024-01-22,S004,DES-004,4
2024-01-22,S004,DES-005,2
2024-01-22,S004,DES-006,5
2024-01-22,S004,DES-007,4
2024-01-22,S004,DES-008,3
2024-01-22,S004,DES-009,3
2024-01-22,S004,DES-010,4
2024-01-22,S004,DES-011,3
2024-01-22,S004,DES-012,4
2024-01-22,S004,DES-013,3
2024-01-22,S004,DES-014,3
2024-01-22,S004,DES-015,5
2024-01-22,S004,TAL-001,1
2024-01-22,S004,TAL-002,1
2024-01-22,S004,TAL-003,0
2024-01-22,S004,TAL-004,1
2024-01-22,S004,TAL-005,1
2024-01-22,S004,TAL-006,1
2024-01-22,S004,TAL-007,1
2024-01-22,S004,TAL-008,1
2024-01-22,S004,SIE-001,1
2024-01-22,S004,SIE-002,0
2024-01-22,S004,SIE-003,1
2024-01-22,S004,SIE-004,0
2024-01-22,S004,SIE-005,0
2024-01-22,S004,SIE-006,0
2024-01-22,S004,CEP-001,1
2024-01-22,S004,CEP-002,1
2024-01-22,S004,CEP-003,1
2024-01-22,S004,CEP-004,1
2024-01-22,S004,CEP-005,1
2024-01-23,S001,ESM-001,1
2024-01-23,S001,ESM-002,1
2024-01-23,S001,ESM-003,2
2024-01-23,S001,ESM-004,2
2024-01-23,S001,ESM-005,3
2024-01-23,S001,ESM-006,2
2024-01-23,S001,ESM-007,2
2024-01-23,S001,ESM-008,0
2024-01-23,S001,ESM-009,0
2024-01-23,S001,ESM-010,2
2024-01-23,S001,DES-001,5
2024-01-23,S001,DES-002,4
2024-01-23,S001,DES-003,5
2024-01-23,S001,DES-004,9
2024-01-23,S001,DES-005,5
2024-01-23,S001,DES-006,6
2024-01-23,S001,DES-007,8
2024-01-23,S001,DES-008,3
2024-01-23,S001,DES-009,6
2024-01-23,S001,DES-010,4
2024-01-23,S001,DES-011,6
2024-01-23,S001,DES-012,6
2024-01-23,S001,DES-013,4
2024-01-23,S001,DES-014,6
2024-01-23,S001,DES-015,3
2024-01-23,S001,TAL-001,0
2024-01-23,S001,TAL-002,1
2024-01-23,S001,TAL-003,0
2024-01-23,S001,TAL-004,3
2024-01-23,S001,TAL-005,1
2024-01-23,S001,TAL-006,2
2024-01-23,S001,TAL-007,1
2024-01-23,S001,TAL-008,1
2024-01-23,S001,SIE-001,1
2024-01-23,S001,SIE-002,2
2024-01-23,S001,SIE-003,1
2024-01-23,S001,SIE-004,0
2024-01-23,S001,SIE-005,0
2024-01-23,S001,SIE-006,0
2024-01-23,S001,CEP-001,0
2024-01-23,S001,CEP-002,1
2024-01-23,S001,CEP-003,1
2024-01-23,S001,CEP-004,0
2024-01-23,S001,CEP-005,1
2024-01-23,S002,ESM-001,2
2024-01-23,S002,ESM-002,3
2024-01-23,S002,ESM-003,1
2024-01-23,S002,ESM-004,1
2024-01-23,S002,ESM-005,1
2024-01-23,S002,ESM-006,1
2024-01-23,S002,ESM-007,1
2024-01-23,S002,ESM-008,3
2024-01-23,S002,ESM-009,0
2024-01-23,S002,ESM-010,3
2024-01-23,S002,DES-001,5
2024-01-23,S002,DES-002,6
2024-01-23,S002,DES-003,4
2024-01-23,S002,DES-004,5
2024-01-23,S002,DES-005,5
2024-01-23,S002,DES-006,6
2024-01-23,S002,DES-007,3
2024-01-23,S002,DES-008,6
2024-01-23,S002,DES-009,3
2024-01-23,S002,DES-010,6
2024-01-23,S002,DES-011,4
2024-01-23,S002,DES-012,6
2024-01-23,S002,DES-013,5
2024-01-23,S002,DES-014,5
2024-01-23,S002,DES-015,5
2024-01-23,S002,TAL-001,1
2024-01-23,S002,TAL-002,1
2024-01-23,S002,TAL-003,1
2024-01-23,S002,TAL-004,1
2024-01-23,S002,TAL-005,1
2024-01-23,S002,TAL-006,0
2024-01-23,S002,TAL-007,1
2024-01-23,S002,TAL-008,1
2024-01-23,S002,SIE-001,0
2024-01-23,S002,SIE-002,1
2024-01-23,S002,SIE-003,0
2024-01-23,S002,SIE-004,1
2024-01-23,S002,SIE-005,0
2024-01-23,S002,SIE-006,0
2024-01-23,S002,CEP-001,1
2024-01-23,S002,CEP-002,1
2024-01-23,S002,CEP-003,3
2024-01-23,S002,CEP-004,0
2024-01-23,S002,CEP-005,2
2024-01-23,S003,ESM-001,1
2024-01-23,S003,ESM-002,1
2024-01-23,S003,ESM-003,1
2024-01-23,S003,ESM-004,1
2024-01-23,S003,ESM-005,0
2024-01-23,S003,ESM-006,0
2024-01-23,S003,ESM-007,1
2024-01-23,S003,ESM-008,1
2024-01-23,S003,ESM-009,0
2024-01-23,S003,ESM-010,2
2024-01-23,S003,DES-001,3
2024-01-23,S003,DES-002,5
2024-01-23,S003,DES-003,3
2024-01-23,S003,DES-004,4
2024-01-23,S003,DES-005,2
2024-01-23,S003,DES-006,2
2024-01-23,S003,DES-007,3
2024-01-23,S003,DES-008,1
2024-01-23,S003,DES-009,5
2024-01-23,S003,DES-010,3
2024-01-23,S003,DES-011,5
2024-01-23,S003,DES-012,5
2024-01-23,S003,DES-013,2
2024-01-23,S003,DES-014,3
2024-01-23,S003,DES-015,3
2024-01-23,S003,TAL-001,1
2024-01-23,S003,TAL-002,1
2024-01-23,S003,TAL-003,0
2024-01-23,S003,TAL-004,0
2024-01-23,S003,TAL-005,1
2024-01-23,S003,TAL-006,0
2024-01-23,S003,TAL-007,1
2024-01-23,S003,TAL-008,0
2024-01-23,S003,SIE-001,0
2024-01-23,S003,SIE-002,1
2024-01-23,S003,SIE-003,1
2024-01-23,S003,SIE-004,0
2024-01-23,S003,SIE-005,0
2024-01-23,S003,SIE-006,1
2024-01-23,S003,CEP-001,1
2024-01-23,S003,CEP-002,1
2024-01-23,S003,CEP-003,1
2024-01-23,S003,CEP-004,1
2024-01-23,S003,CEP-005,0
2024-01-23,S004,ESM-001,1
2024-01-23,S004,ESM-002,1
2024-01-23,S004,ESM-003,1
2024-01-23,S004,ESM-004,1
2024-01-23,S004,ESM-005,1
2024-01-23,S004,ESM-006,1
2024-01-23,S004,ESM-007,1
2024-01-23,S004,ESM-008,1
2024-01-23,S004,ESM-009,1
2024-01-23,S004,ESM-010,1
2024-01-23,S004,DES-001,3
2024-01-23,S004,DES-002,3
2024-01-23,S004,DES-003,2
2024-01-23,S004,DES-004,5
2024-01-23,S004,DES-005,7
2024-01-23,S004,DES-006,4
2024-01-23,S004,DES-007,3
2024-01-23,S004,DES-008,3
2024-01-23,S004,DES-009,5
2024-01-23,S004,DES-010,4
2024-01-23,S004,DES-011,5
2024-01-23,S004,DES-012,4
2024-01-23,S004,DES-013,4
2024-01-23,S004,DES-014,3
2024-01-23,S004,DES-015,5
2024-01-23,S004,TAL-001,0
2024-01-23,S004,TAL-002,2
2024-01-23,S004,TAL-003,1
2024-01-23,S004,TAL-004,1
2024-01-23,S004,TAL-005,1
2024-01-23,S004,TAL-006,0
2024-01-23,S004,TAL-007,0
2024-01-23,S004,TAL-008,0
2024-01-23,S004,SIE-001,1
2024-01-23,S004,SIE-002,1
2024-01-23,S004,SIE-003,1
2024-01-23,S004,SIE-004,2
2024-01-23,S004,SIE-005,0
2024-01-23,S004,SIE-006,0
2024-01-23,S004,CEP-001,0
2024-01-23,S004,CEP-002,1
2024-01-23,S004,CEP-003,1
2024-01-23,S004,CEP-004,1
2024-01-23,S004,CEP-005,1
2024-01-24,S001,ESM-001,1
2024-01-24,S001,ESM-002,1
2024-01-24,S001,ESM-003,3
2024-01-24,S001,ESM-004,1
2024-01-24,S001,ESM-005,2
2024-01-24,S001,ESM-006,0
2024-01-24,S001,ESM-007,3
2024-01-24,S001,ESM-008,1
2024-01-24,S001,ESM-009,2
2024-01-24,S001,ESM-010,3
2024-01-24,S001,DES-001,5
2024-01-24,S001,DES-002,3
2024-01-24,S001,DES-003,5
2024-01-24,S001,DES-004,3
2024-01-24,S001,DES-005,5
2024-01-24,S001,DES-006,9
2024-01-24,S001,DES-007,5
2024-01-24,S001,DES-008,4
2024-01-24,S001,DES-009,5
2024-01-24,S001,DES-010,6
2024-01-24,S001,DES-011,8
2024-01-24,S001,DES-012,6
2024-01-24,S001,DES-013,4
2024-01-24,S001,DES-014,8
2024-01-24,S001,DES-015,4
2024-01-24,S001,TAL-001,1
2024-01-24,S001,TAL-002,1
2024-01-24,S001,TAL-003,2
2024-01-24,S001,TAL-004,1
2024-01-24,S001,TAL-005,1
2024-01-24,S001,TAL-006,1
2024-01-24,S001,TAL-007,1
2024-01-24,S001,TAL-008,2
2024-01-24,S001,SIE-001,1
2024-01-24,S001,SIE-002,1
2024-01-24,S001,SIE-003,0
2024-01-24,S001,SIE-004,1
2024-01-24,S001,SIE-005,1
2024-01-24,S001,SIE-006,1
2024-01-24,S001,CEP-001,1
2024-01-24,S001,CEP-002,2
2024-01-24,S001,CEP-003,1
2024-01-24,S001,CEP-004,1
2024-01-24,S001,CEP-005,1
2024-01-24,S002,ESM-001,2
2024-01-24,S002,ESM-002,1
2024-01-24,S002,ESM-003,4
2024-01-24,S002,ESM-004,1
2024-01-24,S002,ESM-005,2
2024-01-24,S002,ESM-006,2
2024-01-24,S002,ESM-007,1
2024-01-24,S002,ESM-008,1
2024-01-24,S002,ESM-009,0
2024-01-24,S002,ESM-010,2
2024-01-24,S002,DES-001,6
2024-01-24,S002,DES-002,8
2024-01-24,S002,DES-003,4
2024-01-24,S002,DES-004,6
2024-01-24,S002,DES-005,5
2024-01-24,S002,DES-006,5
2024-01-24,S002,DES-007,9
2024-01-24,S002,DES-008,4
2024-01-24,S002,DES-009,6
2024-01-24,S002,DES-010,5
2024-01-24,S002,DES-011,7
2024-01-24,S002,DES-012,7
2024-01-24,S002,DES-013,10
2024-01-24,S002,DES-014,5
2024-01-24,S002,DES-015,6
2024-01-24,S002,TAL-001,2
2024-01-24,S002,TAL-002,1
2024-01-24,S002,TAL-003,2
2024-01-24,S002,TAL-004,1
2024-01-24,S002,TAL-005,1
2024-01-24,S002,TAL-006,1
2024-01-24,S002,TAL-007,1
2024-01-24,S002,TAL-008,2
2024-01-24,S002,SIE-001,0
2024-01-24,S002,SIE-002,2
2024-01-24,S002,SIE-003,2
2024-01-24,S002,SIE-004,0
2024-01-24,S002,SIE-005,0
2024-01-24,S002,SIE-006,1
2024-01-24,S002,CEP-001,1
2024-01-24,S002,CEP-002,1
2024-01-24,S002,CEP-003,2
2024-01-24,S002,CEP-004,1
2024-01-24,S002,CEP-005,0
2024-01-24,S003,ESM-001,1
2024-01-24,S003,ESM-002,1
2024-01-24,S003,ESM-003,2
2024-01-24,S003,ESM-004,2
2024-01-24,S003,ESM-005,1
2024-01-24,S003,ESM-006,1
2024-01-24,S003,ESM-007,2
2024-01-24,S003,ESM-008,1
2024-01-24,S003,ESM-009,1
2024-01-24,S003,ESM-010,1
2024-01-24,S003,DES-001,2
2024-01-24,S003,DES-002,3
2024-01-24,S003,DES-003,3
2024-01-24,S003,DES-004,2
2024-01-24,S003,DES-005,3
2024-01-24,S003,DES-006,5
2024-01-24,S003,DES-007,4
2024-01-24,S003,DES-008,4
2024-01-24,S003,DES-009,4
2024-01-24,S003,DES-010,2
2024-01-24,S003,DES-011,3
2024-01-24,S003,DES-012,5
2024-01-24,S003,DES-013,2
2024-01-24,S003,DES-014,3
2024-01-24,S003,DES-015,5
2024-01-24,S003,TAL-001,0
2024-01-24,S003,TAL-002,0
2024-01-24,S003,TAL-003,1
2024-01-24,S003,TAL-004,0
2024-01-24,S003,TAL-005,2
2024-01-24,S003,TAL-006,1
2024-01-24,S003,TAL-007,1
2024-01-24,S003,TAL-008,1
2024-01-24,S003,SIE-001,1
2024-01-24,S003,SIE-002,0
2024-01-24,S003,SIE-003,1
2024-01-24,S003,SIE-004,0
2024-01-24,S003,SIE-005,1
2024-01-24,S003,SIE-006,0
2024-01-24,S003,CEP-001,1
2024-01-24,S003,CEP-002,2
2024-01-24,S003,CEP-003,0
2024-01-24,S003,CEP-004,0
2024-01-24,S003,CEP-005,0
2024-01-24,S004,ESM-001,1
2024-01-24,S004,ESM-002,1
2024-01-24,S004,ESM-003,2
2024-01-24,S004,ESM-004,0
2024-01-24,S004,ESM-005,1
2024-01-24,S004,ESM-006,1
2024-01-24,S004,ESM-007,1
2024-01-24,S004,ESM-008,2
2024-01-24,S004,ESM-009,1
2024-01-24,S004,ESM-010,2
2024-01-24,S004,DES-001,3
2024-01-24,S004,DES-002,4
2024-01-24,S004,DES-003,1
2024-01-24,S004,DES-004,6
2024-01-24,S004,DES-005,3
2024-01-24,S004,DES-006,3
2024-01-24,S004,DES-007,3
2024-01-24,S004,DES-008,5
2024-01-24,S004,DES-009,5
2024-01-24,S004,DES-010,5
2024-01-24,S004,DES-011,5
2024-01-24,S004,DES-012,7
2024-01-24,S004,DES-013,6
2024-01-24,S004,DES-014,4
2024-01-24,S004,DES-015,6
2024-01-24,S004,TAL-001,1
2024-01-24,S004,TAL-002,1
2024-01-24,S004,TAL-003,0
2024-01-24,S004,TAL-004,0
2024-01-24,S004,TAL-005,0
2024-01-24,S004,TAL-006,0
2024-01-24,S004,TAL-007,0
2024-01-24,S004,TAL-008,0
2024-01-24,S004,SIE-001,1
2024-01-24,S004,SIE-002,0
2024-01-24,S004,SIE-003,1
2024-01-24,S004,SIE-004,0
2024-01-24,S004,SIE-005,1
2024-01-24,S004,SIE-006,0
2024-01-24,S004,CEP-001,1
2024-01-24,S004,CEP-002,0
2024-01-24,S004,CEP-003,1
2024-01-24,S004,CEP-004,1
2024-01-24,S004,CEP-005,1
2024-01-25,S001,ESM-001,2
2024-01-25,S001,ESM-002,2
2024-01-25,S001,ESM-003,1
2024-01-25,S001,ESM-004,2
2024-01-25,S001,ESM-005,0
2024-01-25,S001,ESM-006,2
2024-01-25,S001,ESM-007,1
2024-01-25,S001,ESM-008,1
2024-01-25,S001,ESM-009,3
2024-01-25,S001,ESM-010,0
2024-01-25,S001,DES-001,4
2024-01-25,S001,DES-002,4
2024-01-25,S001,DES-003,4
2024-01-25,S001,DES-004,4
2024-01-25,S001,DES-005,5
2024-01-25,S001,DES-006,7
2024-01-25,S001,DES-007,2
2024-01-25,S001,DES-008,5
2024-01-25,S001,DES-009,4
2024-01-25,S001,DES-010,3
2024-01-25,S001,DES-011,5
2024-01-25,S001,DES-012,7
2024-01-25,S001,DES-013,6
2024-01-25,S001,DES-014,4
2024-01-25,S001,DES-015,8
2024-01-25,S001,TAL-001,1
2024-01-25,S001,TAL-002,1
2024-01-25,S001,TAL-003,0
2024-01-25,S001,TAL-004,0
2024-01-25,S001,TAL-005,0
2024-01-25,S001,TAL-006,2
2024-01-25,S001,TAL-007,1
2024-01-25,S001,TAL-008,0
2024-01-25,S001,SIE-001,2
2024-01-25,S001,SIE-002,0
2024-01-25,S001,SIE-003,0
2024-01-25,S001,SIE-004,1
2024-01-25,S001,SIE-005,1
2024-01-25,S001,SIE-006,0
2024-01-25,S001,CEP-001,1
2024-01-25,S001,CEP-002,1
2024-01-25,S001,CEP-003,1
2024-01-25,S001,CEP-004,2
2024-01-25,S001,CEP-005,0
2024-01-25,S002,ESM-001,2
2024-01-25,S002,ESM-002,1
2024-01-25,S002,ESM-003,2
2024-01-25,S002,ESM-004,1
2024-01-25,S002,ESM-005,1
2024-01-25,S002,ESM-006,2
2024-01-25,S002,ESM-007,0
2024-01-25,S002,ESM-008,2
2024-01-25,S002,ESM-009,2
2024-01-25,S002,ESM-010,2
2024-01-25,S002,DES-001,4
2024-01-25,S002,DES-002,4
2024-01-25,S002,DES-003,7
2024-01-25,S002,DES-004,5
2024-01-25,S002,DES-005,4
2024-01-25,S002,DES-006,5
2024-01-25,S002,DES-007,6
2024-01-25,S002,DES-008,4
2024-01-25,S002,DES-009,3
2024-01-25,S002,DES-010,5
2024-01-25,S002,DES-011,4
2024-01-25,S002,DES-012,4
2024-01-25,S002,DES-013,3
2024-01-25,S002,DES-014,3
2024-01-25,S002,DES-015,2
2024-01-25,S002,TAL-001,0
2024-01-25,S002,TAL-002,1
2024-01-25,S002,TAL-003,1
2024-01-25,S002,TAL-004,2
2024-01-25,S002,TAL-005,0
2024-01-25,S002,TAL-006,0
2024-01-25,S002,TAL-007,1
2024-01-25,S002,TAL-008,0
2024-01-25,S002,SIE-001,0
2024-01-25,S002,SIE-002,1
2024-01-25,S002,SIE-003,1
2024-01-25,S002,SIE-004,0
2024-01-25,S002,SIE-005,2
2024-01-25,S002,SIE-006,1
2024-01-25,S002,CEP-001,1
2024-01-25,S002,CEP-002,0
2024-01-25,S002,CEP-003,2
2024-01-25,S002,CEP-004,2
2024-01-25,S002,CEP-005,2
2024-01-25,S003,ESM-001,1
2024-01-25,S003,ESM-002,2
2024-01-25,S003,ESM-003,0
2024-01-25,S003,ESM-004,1
2024-01-25,S003,ESM-005,1
2024-01-25,S003,ESM-006,0
2024-01-25,S003,ESM-007,1
2024-01-25,S003,ESM-008,2
2024-01-25,S003,ESM-009,0
2024-01-25,S003,ESM-010,0
2024-01-25,S003,DES-001,2
2024-01-25,S003,DES-002,7
2024-01-25,S003,DES-003,5
2024-01-25,S003,DES-004,3
2024-01-25,S003,DES-005,4
2024-01-25,S003,DES-006,2
2024-01-25,S003,DES-007,3
2024-01-25,S003,DES-008,6
2024-01-25,S003,DES-009,3
2024-01-25,S003,DES-010,3
2024-01-25,S003,DES-011,3
2024-01-25,S003,DES-012,6
2024-01-25,S003,DES-013,4
2024-01-25,S003,DES-014,3
2024-01-25,S003,DES-015,5
2024-01-25,S003,TAL-001,1
2024-01-25,S003,TAL-002,1
2024-01-25,S003,TAL-003,0
2024-01-25,S003,TAL-004,0
2024-01-25,S003,TAL-005,1
2024-01-25,S003,TAL-006,1
2024-01-25,S003,TAL-007,0
2024-01-25,S003,TAL-008,1
2024-01-25,S003,SIE-001,0
2024-01-25,S003,SIE-002,0
2024-01-25,S003,SIE-003,1
2024-01-25,S003,SIE-004,0
2024-01-25,S003,SIE-005,0
2024-01-25,S003,SIE-006,0
2024-01-25,S003,CEP-001,0
2024-01-25,S003,CEP-002,1
2024-01-25,S003,CEP-003,1
2024-01-25,S003,CEP-004,1
2024-01-25,S003,CEP-005,1
2024-01-25,S004,ESM-001,2
2024-01-25,S004,ESM-002,1
2024-01-25,S004,ESM-003,1
2024-01-25,S004,ESM-004,1
2024-01-25,S004,ESM-005,2
2024-01-25,S004,ESM-006,0
2024-01-25,S004,ESM-007,1
2024-01-25,S004,ESM-008,1
2024-01-25,S004,ESM-009,2
2024-01-25,S004,ESM-010,1
2024-01-25,S004,DES-001,5
2024-01-25,S004,DES-002,5
2024-01-25,S004,DES-003,6
2024-01-25,S004,DES-004,4
2024-01-25,S004,DES-005,3
2024-01-25,S004,DES-006,3
2024-01-25,S004,DES-007,2
2024-01-25,S004,DES-008,4
2024-01-25,S004,DES-009,6
2024-01-25,S004,DES-010,4
2024-01-25,S004,DES-011,4
2024-01-25,S004,DES-012,3
2024-01-25,S004,DES-013,5
2024-01-25,S004,DES-014,3
2024-01-25,S004,DES-015,4
2024-01-25,S004,TAL-001,1
2024-01-25,S004,TAL-002,1
2024-01-25,S004,TAL-003,1
2024-01-25,S004,TAL-004,2
2024-01-25,S004,TAL-005,0
2024-01-25,S004,TAL-006,1
2024-01-25,S004,TAL-007,1
2024-01-25,S004,TAL-008,1
2024-01-25,S004,SIE-001,1
2024-01-25,S004,SIE-002,1
2024-01-25,S004,SIE-003,0
2024-01-25,S004,SIE-004,0
2024-01-25,S004,SIE-005,1
2024-01-25,S004,SIE-006,1
2024-01-25,S004,CEP-001,0
2024-01-25,S004,CEP-002,0
2024-01-25,S004,CEP-003,2
2024-01-25,S004,CEP-004,1
2024-01-25,S004,CEP-005,1
2024-01-26,S001,ESM-001,1
2024-01-26,S001,ESM-002,2
2024-01-26,S001,ESM-003,2
2024-01-26,S001,ESM-004,1
2024-01-26,S001,ESM-005,3
2024-01-26,S001,ESM-006,1
2024-01-26,S001,ESM-007,2
2024-01-26,S001,ESM-008,2
2024-01-26,S001,ESM-009,1
2024-01-26,S001,ESM-010,1
2024-01-26,S001,DES-001,6
2024-01-26,S001,DES-002,6
2024-01-26,S001,DES-003,3
2024-01-26,S001,DES-004,8
2024-01-26,S001,DES-005,5
2024-01-26,S001,DES-006,7
2024-01-26,S001,DES-007,4
2024-01-26,S001,DES-008,8
2024-01-26,S001,DES-009,5
2024-01-26,S001,DES-010,6
2024-01-26,S001,DES-011,5
2024-01-26,S001,DES-012,7
2024-01-26,S001,DES-013,3
2024-01-26,S001,DES-014,8
2024-01-26,S001,DES-015,6
2024-01-26,S001,TAL-001,1
2024-01-26,S001,TAL-002,1
2024-01-26,S001,TAL-003,0
2024-01-26,S001,TAL-004,0
2024-01-26,S001,TAL-005,0
2024-01-26,S001,TAL-006,1
2024-01-26,S001,TAL-007,1
2024-01-26,S001,TAL-008,0
2024-01-26,S001,SIE-001,1
2024-01-26,S001,SIE-002,1
2024-01-26,S001,SIE-003,1
2024-01-26,S001,SIE-004,2
2024-01-26,S001,SIE-005,1
2024-01-26,S001,SIE-006,0
2024-01-26,S001,CEP-001,2
2024-01-26,S001,CEP-002,1
2024-01-26,S001,CEP-003,1
2024-01-26,S001,CEP-004,1
2024-01-26,S001,CEP-005,2
2024-01-26,S002,ESM-001,0
2024-01-26,S002,ESM-002,1
2024-01-26,S002,ESM-003,1
2024-01-26,S002,ESM-004,1
2024-01-26,S002,ESM-005,2
2024-01-26,S002,ESM-006,2
2024-01-26,S002,ESM-007,1
2024-01-26,S002,ESM-008,3
2024-01-26,S002,ESM-009,1
2024-01-26,S002,ESM-010,1
2024-01-26,S002,DES-001,5
2024-01-26,S002,DES-002,5
2024-01-26,S002,DES-003,4
2024-01-26,S002,DES-004,5
2024-01-26,S002,DES-005,9
2024-01-26,S002,DES-006,6
2024-01-26,S002,DES-007,3
2024-01-26,S002,DES-008,7
2024-01-26,S002,DES-009,3
2024-01-26,S002,DES-010,3
2024-01-26,S002,DES-011,7
2024-01-26,S002,DES-012,5
2024-01-26,S002,DES-013,5
2024-01-26,S002,DES-014,5
2024-01-26,S002,DES-015,6
2024-01-26,S002,TAL-001,0
2024-01-26,S002,TAL-002,1
2024-01-26,S002,TAL-003,0
2024-01-26,S002,TAL-004,1
2024-01-26,S002,TAL-005,1
2024-01-26,S002,TAL-006,2
2024-01-26,S002,TAL-007,1
2024-01-26,S002,TAL-008,1
2024-01-26,S002,SIE-001,1
2024-01-26,S002,SIE-002,0
2024-01-26,S002,SIE-003,0
2024-01-26,S002,SIE-004,1
2024-01-26,S002,SIE-005,0
2024-01-26,S002,SIE-006,1
2024-01-26,S002,CEP-001,1
2024-01-26,S002,CEP-002,2
2024-01-26,S002,CEP-003,2
2024-01-26,S002,CEP-004,1
2024-01-26,S002,CEP-005,1
2024-01-26,S003,ESM-001,1
2024-01-26,S003,ESM-002,2
2024-01-26,S003,ESM-003,1
2024-01-26,S003,ESM-004,1
2024-01-26,S003,ESM-005,1
2024-01-26,S003,ESM-006,1
2024-01-26,S003,ESM-007,1
2024-01-26,S003,ESM-008,1
2024-01-26,S003,ESM-009,1
2024-01-26,S003,ESM-010,1
2024-01-26,S003,DES-001,3
2024-01-26,S003,DES-002,1
2024-01-26,S003,DES-003,4
2024-01-26,S003,DES-004,2
2024-01-26,S003,DES-005,4
2024-01-26,S003,DES-006,5
2024-01-26,S003,DES-007,4
2024-01-26,S003,DES-008,3
2024-01-26,S003,DES-009,7
2024-01-26,S003,DES-010,7
2024-01-26,S003,DES-011,5
2024-01-26,S003,DES-012,4
2024-01-26,S003,DES-013,2
2024-01-26,S003,DES-014,1
2024-01-26,S003,DES-015,3
2024-01-26,S003,TAL-001,0
2024-01-26,S003,TAL-002,1
2024-01-26,S003,TAL-003,0
2024-01-26,S003,TAL-004,1
2024-01-26,S003,TAL-005,2
2024-01-26,S003,TAL-006,1
2024-01-26,S003,TAL-007,0
2024-01-26,S003,TAL-008,0
2024-01-26,S003,SIE-001,0
2024-01-26,S003,SIE-002,0
2024-01-26,S003,SIE-003,0
2024-01-26,S003,SIE-004,1
2024-01-26,S003,SIE-005,0
2024-01-26,S003,SIE-006,0
2024-01-26,S003,CEP-001,1
2024-01-26,S003,CEP-002,1
2024-01-26,S003,CEP-003,1
2024-01-26,S003,CEP-004,1
2024-01-26,S003,CEP-005,1
2024-01-26,S004,ESM-001,2
2024-01-26,S004,ESM-002,1
2024-01-26,S004,ESM-003,1
2024-01-26,S004,ESM-004,1
2024-01-26,S004,ESM-005,1
2024-01-26,S004,ESM-006,0
2024-01-26,S004,ESM-007,1
2024-01-26,S004,ESM-008,1
2024-01-26,S004,ESM-009,0
2024-01-26,S004,ESM-010,1
2024-01-26,S004,DES-001,6
2024-01-26,S004,DES-002,5
2024-01-26,S004,DES-003,3
2024-01-26,S004,DES-004,2
2024-01-26,S004,DES-005,2
2024-01-26,S004,DES-006,3
2024-01-26,S004,DES-007,4
2024-01-26,S004,DES-008,3
2024-01-26,S004,DES-009,5
2024-01-26,S004,DES-010,4
2024-01-26,S004,DES-011,4
2024-01-26,S004,DES-012,1
2024-01-26,S004,DES-013,4
2024-01-26,S004,DES-014,4
2024-01-26,S004,DES-015,5
2024-01-26,S004,TAL-001,0
2024-01-26,S004,TAL-002,1
2024-01-26,S004,TAL-003,0
2024-01-26,S004,TAL-004,1
2024-01-26,S004,TAL-005,1
2024-01-26,S004,TAL-006,0
2024-01-26,S004,TAL-007,1
2024-01-26,S004,TAL-008,1
2024-01-26,S004,SIE-001,1
2024-01-26,S004,SIE-002,0
2024-01-26,S004,SIE-003,0
2024-01-26,S004,SIE-004,0
2024-01-26,S004,SIE-005,0
2024-01-26,S004,SIE-006,0
2024-01-26,S004,CEP-001,1
2024-01-26,S004,CEP-002,1
2024-01-26,S004,CEP-003,1
2024-01-26,S004,CEP-004,1
2024-01-26,S004,CEP-005,0
2024-01-27,S001,ESM-001,2
2024-01-27,S001,ESM-002,1
2024-01-27,S001,ESM-003,3
2024-01-27,S001,ESM-004,1
2024-01-27,S001,ESM-005,2
2024-01-27,S001,ESM-006,2
2024-01-27,S001,ESM-007,1
2024-01-27,S001,ESM-008,1
2024-01-27,S001,ESM-009,2
2024-01-27,S001,ESM-010,1
2024-01-27,S001,DES-001,6
2024-01-27,S001,DES-002,5
2024-01-27,S001,DES-003,5
2024-01-27,S001,DES-004,5
2024-01-27,S001,DES-005,7
2024-01-27,S001,DES-006,5
2024-01-27,S001,DES-007,6
2024-01-27,S001,DES-008,4
2024-01-27,S001,DES-009,6
2024-01-27,S001,DES-010,5
2024-01-27,S001,DES-011,7
2024-01-27,S001,DES-012,5
2024-01-27,S001,DES-013,4
2024-01-27,S001,DES-014,7
2024-01-27,S001,DES-015,7
2024-01-27,S001,TAL-001,1
2024-01-27,S001,TAL-002,2
2024-01-27,S001,TAL-003,1
2024-01-27,S001,TAL-004,0
2024-01-27,S001,TAL-005,0
2024-01-27,S001,TAL-006,1
2024-01-27,S001,TAL-007,0
2024-01-27,S001,TAL-008,1
2024-01-27,S001,SIE-001,1
2024-01-27,S001,SIE-002,1
2024-01-27,S001,SIE-003,1
2024-01-27,S001,SIE-004,1
2024-01-27,S001,SIE-005,1
2024-01-27,S001,SIE-006,1
2024-01-27,S001,CEP-001,1
2024-01-27,S001,CEP-002,1
2024-01-27,S001,CEP-003,0
2024-01-27,S001,CEP-004,1
2024-01-27,S001,CEP-005,1
2024-01-27,S002,ESM-001,3
2024-01-27,S002,ESM-002,1
2024-01-27,S002,ESM-003,3
2024-01-27,S002,ESM-004,1
2024-01-27,S002,ESM-005,2
2024-01-27,S002,ESM-006,2
2024-01-27,S002,ESM-007,1
2024-01-27,S002,ESM-008,2
2024-01-27,S002,ESM-009,0
2024-01-27,S002,ESM-010,2
2024-01-27,S002,DES-001,6
2024-01-27,S002,DES-002,7
2024-01-27,S002,DES-003,5
2024-01-27,S002,DES-004,6
2024-01-27,S002,DES-005,4
2024-01-27,S002,DES-006,6
2024-01-27,S002,DES-007,7
2024-01-27,S002,DES-008,8
2024-01-27,S002,DES-009,2
2024-01-27,S002,DES-010,7
2024-01-27,S002,DES-011,3
2024-01-27,S002,DES-012,8
2024-01-27,S002,DES-013,4
2024-01-27,S002,DES-014,4
2024-01-27,S002,DES-015,9
2024-01-27,S002,TAL-001,1
2024-01-27,S002,TAL-002,1
2024-01-27,S002,TAL-003,2
2024-01-27,S002,TAL-004,1
2024-01-27,S002,TAL-005,2
2024-01-27,S002,TAL-006,1
2024-01-27,S002,TAL-007,2
2024-01-27,S002,TAL-008,1
2024-01-27,S002,SIE-001,1
2024-01-27,S002,SIE-002,1
2024-01-27,S002,SIE-003,0
2024-01-27,S002,SIE-004,1
2024-01-27,S002,SIE-005,0
2024-01-27,S002,SIE-006,1
2024-01-27,S002,CEP-001,2
2024-01-27,S002,CEP-002,1
2024-01-27,S002,CEP-003,1
2024-01-27,S002,CEP-004,2
2024-01-27,S002,CEP-005,1
2024-01-27,S003,ESM-001,1
2024-01-27,S003,ESM-002,2
2024-01-27,S003,ESM-003,2
2024-01-27,S003,ESM-004,1
2024-01-27,S003,ESM-005,1
2024-01-27,S003,ESM-006,1
2024-01-27,S003,ESM-007,1
2024-01-27,S003,ESM-008,0
2024-01-27,S003,ESM-009,0
2024-01-27,S003,ESM-010,1
2024-01-27,S003,DES-001,5
2024-01-27,S003,DES-002,4
2024-01-27,S003,DES-003,4
2024-01-27,S003,DES-004,6
2024-01-27,S003,DES-005,3
2024-01-27,S003,DES-006,6
2024-01-27,S003,DES-007,5
2024-01-27,S003,DES-008,2
2024-01-27,S003,DES-009,3
2024-01-27,S003,DES-010,4
2024-01-27,S003,DES-011,5
2024-01-27,S003,DES-012,5
2024-01-27,S003,DES-013,4
2024-01-27,S003,DES-014,5
2024-01-27,S003,DES-015,4
2024-01-27,S003,TAL-001,1
2024-01-27,S003,TAL-002,1
2024-01-27,S003,TAL-003,1
2024-01-27,S003,TAL-004,0
2024-01-27,S003,TAL-005,1
2024-01-27,S003,TAL-006,1
2024-01-27,S003,TAL-007,1
2024-01-27,S003,TAL-008,1
2024-01-27,S003,SIE-001,0
2024-01-27,S003,SIE-002,0
2024-01-27,S003,SIE-003,1
2024-01-27,S003,SIE-004,1
2024-01-27,S003,SIE-005,1
2024-01-27,S003,SIE-006,1
2024-01-27,S003,CEP-001,1
2024-01-27,S003,CEP-002,1
2024-01-27,S003,CEP-003,1
2024-01-27,S003,CEP-004,1
2024-01-27,S003,CEP-005,1
2024-01-27,S004,ESM-001,1
2024-01-27,S004,ESM-002,1
2024-01-27,S004,ESM-003,1
2024-01-27,S004,ESM-004,1
2024-01-27,S004,ESM-005,1
2024-01-27,S004,ESM-006,1
2024-01-27,S004,ESM-007,1
2024-01-27,S004,ESM-008,0
2024-01-27,S004,ESM-009,1
2024-01-27,S004,ESM-010,1
2024-01-27,S004,DES-001,5
2024-01-27,S004,DES-002,1
2024-01-27,S004,DES-003,5
2024-01-27,S004,DES-004,5
2024-01-27,S004,DES-005,2
2024-01-27,S004,DES-006,6
2024-01-27,S004,DES-007,4
2024-01-27,S004,DES-008,1
2024-01-27,S004,DES-009,5
2024-01-27,S004,DES-010,4
2024-01-27,S004,DES-011,3
2024-01-27,S004,DES-012,4
2024-01-27,S004,DES-013,2
2024-01-27,S004,DES-014,3
2024-01-27,S004,DES-015,2
2024-01-27,S004,TAL-001,1
2024-01-27,S004,TAL-002,0
2024-01-27,S004,TAL-003,0
2024-01-27,S004,TAL-004,0
2024-01-27,S004,TAL-005,1
2024-01-27,S004,TAL-006,0
2024-01-27,S004,TAL-007,0
2024-01-27,S004,TAL-008,1
2024-01-27,S004,SIE-001,0
2024-01-27,S004,SIE-002,0
2024-01-27,S004,SIE-003,1
2024-01-27,S004,SIE-004,1
2024-01-27,S004,SIE-005,0
2024-01-27,S004,SIE-006,1
2024-01-27,S004,CEP-001,0
2024-01-27,S004,CEP-002,1
2024-01-27,S004,CEP-003,0
2024-01-27,S004,CEP-004,1
2024-01-27,S004,CEP-005,1
2024-01-28,S001,ESM-001,1
2024-01-28,S001,ESM-002,1
2024-01-28,S001,ESM-003,0
2024-01-28,S001,ESM-004,2
2024-01-28,S001,ESM-005,2
2024-01-28,S001,ESM-006,2
2024-01-28,S001,ESM-007,3
2024-01-28,S001,ESM-008,1
2024-01-28,S001,ESM-009,2
2024-01-28,S001,ESM-010,1
2024-01-28,S001,DES-001,6
2024-01-28,S001,DES-002,6
2024-01-28,S001,DES-003,8
2024-01-28,S001,DES-004,6
2024-01-28,S001,DES-005,5
2024-01-28,S001,DES-006,8
2024-01-28,S001,DES-007,5
2024-01-28,S001,DES-008,5
2024-01-28,S001,DES-009,7
2024-01-28,S001,DES-010,6
2024-01-28,S001,DES-011,6
2024-01-28,S001,DES-012,7
2024-01-28,S001,DES-013,6
2024-01-28,S001,DES-014,6
2024-01-28,S001,DES-015,4
2024-01-28,S001,TAL-001,1
2024-01-28,S001,TAL-002,2
2024-01-28,S001,TAL-003,1
2024-01-28,S001,TAL-004,1
2024-01-28,S001,TAL-005,2
2024-01-28,S001,TAL-006,1
2024-01-28,S001,TAL-007,0
2024-01-28,S001,TAL-008,2
2024-01-28,S001,SIE-001,0
2024-01-28,S001,SIE-002,1
2024-01-28,S001,SIE-003,0
2024-01-28,S001,SIE-004,0
2024-01-28,S001,SIE-005,0
2024-01-28,S001,SIE-006,2
2024-01-28,S001,CEP-001,1
2024-01-28,S001,CEP-002,1
2024-01-28,S001,CEP-003,2
2024-01-28,S001,CEP-004,1
2024-01-28,S001,CEP-005,1
2024-01-28,S002,ESM-001,2
2024-01-28,S002,ESM-002,0
2024-01-28,S002,ESM-003,1
2024-01-28,S002,ESM-004,2
2024-01-28,S002,ESM-005,2
2024-01-28,S002,ESM-006,1
2024-01-28,S002,ESM-007,0
2024-01-28,S002,ESM-008,1
2024-01-28,S002,ESM-009,1
2024-01-28,S002,ESM-010,1
2024-01-28,S002,DES-001,7
2024-01-28,S002,DES-002,5
2024-01-28,S002,DES-003,4
2024-01-28,S002,DES-004,5
2024-01-28,S002,DES-005,5
2024-01-28,S002,DES-006,2
2024-01-28,S002,DES-007,2
2024-01-28,S002,DES-008,4
2024-01-28,S002,DES-009,4
2024-01-28,S002,DES-010,5
2024-01-28,S002,DES-011,5
2024-01-28,S002,DES-012,7
2024-01-28,S002,DES-013,5
2024-01-28,S002,DES-014,4
2024-01-28,S002,DES-015,8
2024-01-28,S002,TAL-001,1
2024-01-28,S002,TAL-002,2
2024-01-28,S002,TAL-003,2
2024-01-28,S002,TAL-004,2
2024-01-28,S002,TAL-005,2
2024-01-28,S002,TAL-006,1
2024-01-28,S002,TAL-007,0
2024-01-28,S002,TAL-008,0
2024-01-28,S002,SIE-001,1
2024-01-28,S002,SIE-002,0
2024-01-28,S002,SIE-003,1
2024-01-28,S002,SIE-004,1
2024-01-28,S002,SIE-005,1
2024-01-28,S002,SIE-006,0
2024-01-28,S002,CEP-001,1
2024-01-28,S002,CEP-002,1
2024-01-28,S002,CEP-003,2
2024-01-28,S002,CEP-004,1
2024-01-28,S002,CEP-005,1
2024-01-28,S003,ESM-001,1
2024-01-28,S003,ESM-002,1
2024-01-28,S003,ESM-003,1
2024-01-28,S003,ESM-004,0
2024-01-28,S003,ESM-005,1
2024-01-28,S003,ESM-006,2
2024-01-28,S003,ESM-007,1
2024-01-28,S003,ESM-008,1
2024-01-28,S003,ESM-009,0
2024-01-28,S003,ESM-010,2
2024-01-28,S003,DES-001,0
2024-01-28,S003,DES-002,5
2024-01-28,S003,DES-003,2
2024-01-28,S003,DES-004,5
2024-01-28,S003,DES-005,4
2024-01-28,S003,DES-006,5
2024-01-28,S003,DES-007,2
2024-01-28,S003,DES-008,4
2024-01-28,S003,DES-009,2
2024-01-28,S003,DES-010,5
2024-01-28,S003,DES-011,6
2024-01-28,S003,DES-012,3
2024-01-28,S003,DES-013,3
2024-01-28,S003,DES-014,5
2024-01-28,S003,DES-015,2
2024-01-28,S003,TAL-001,1
2024-01-28,S003,TAL-002,1
2024-01-28,S003,TAL-003,0
2024-01-28,S003,TAL-004,1
2024-01-28,S003,TAL-005,0
2024-01-28,S003,TAL-006,1
2024-01-28,S003,TAL-007,0
2024-01-28,S003,TAL-008,0
2024-01-28,S003,SIE-001,1
2024-01-28,S003,SIE-002,0
2024-01-28,S003,SIE-003,0
2024-01-28,S003,SIE-004,1
2024-01-28,S003,SIE-005,1
2024-01-28,S003,SIE-006,0
2024-01-28,S003,CEP-001,1
2024-01-28,S003,CEP-002,1
2024-01-28,S003,CEP-003,1
2024-01-28,S003,CEP-004,1
2024-01-28,S003,CEP-005,1
2024-01-28,S004,ESM-001,0
2024-01-28,S004,ESM-002,0
2024-01-28,S004,ESM-003,1
2024-01-28,S004,ESM-004,1
2024-01-28,S004,ESM-005,2
2024-01-28,S004,ESM-006,1
2024-01-28,S004,ESM-007,0
2024-01-28,S004,ESM-008,1
2024-01-28,S004,ESM-009,1
2024-01-28,S004,ESM-010,0
2024-01-28,S004,DES-001,4
2024-01-28,S004,DES-002,6
2024-01-28,S004,DES-003,4
2024-01-28,S004,DES-004,5
2024-01-28,S004,DES-005,3
2024-01-28,S004,DES-006,3
2024-01-28,S004,DES-007,4
2024-01-28,S004,DES-008,3
2024-01-28,S004,DES-009,3
2024-01-28,S004,DES-010,4
2024-01-28,S004,DES-011,4
2024-01-28,S004,DES-012,4
2024-01-28,S004,DES-013,6
2024-01-28,S004,DES-014,4
2024-01-28,S004,DES-015,4
2024-01-28,S004,TAL-001,0
2024-01-28,S004,TAL-002,0
2024-01-28,S004,TAL-003,1
2024-01-28,S004,TAL-004,1
2024-01-28,S004,TAL-005,0
2024-01-28,S004,TAL-006,1
2024-01-28,S004,TAL-007,1
2024-01-28,S004,TAL-008,0
2024-01-28,S004,SIE-001,0
2024-01-28,S004,SIE-002,1
2024-01-28,S004,SIE-003,1
2024-01-28,S004,SIE-004,0
2024-01-28,S004,SIE-005,0
2024-01-28,S004,SIE-006,0
2024-01-28,S004,CEP-001,1
2024-01-28,S004,CEP-002,2
2024-01-28,S004,CEP-003,1
2024-01-28,S004,CEP-004,1
2024-01-28,S004,CEP-005,1
2024-01-29,S001,ESM-001,2
2024-01-29,S001,ESM-002,2
2024-01-29,S001,ESM-003,2
2024-01-29,S001,ESM-004,3
2024-01-29,S001,ESM-005,1
2024-01-29,S001,ESM-006,1
2024-01-29,S001,ESM-007,2
2024-01-29,S001,ESM-008,2
2024-01-29,S001,ESM-009,0
2024-01-29,S001,ESM-010,2
2024-01-29,S001,DES-001,4
2024-01-29,S001,DES-002,5
2024-01-29,S001,DES-003,7
2024-01-29,S001,DES-004,6
2024-01-29,S001,DES-005,5
2024-01-29,S001,DES-006,4
2024-01-29,S001,DES-007,3
2024-01-29,S001,DES-008,4
2024-01-29,S001,DES-009,3
2024-01-29,S001,DES-010,5
2024-01-29,S001,DES-011,3
2024-01-29,S001,DES-012,7
2024-01-29,S001,DES-013,8
2024-01-29,S001,DES-014,7
2024-01-29,S001,DES-015,8
2024-01-29,S001,TAL-001,1
2024-01-29,S001,TAL-002,1
2024-01-29,S001,TAL-003,1
2024-01-29,S001,TAL-004,2
2024-01-29,S001,TAL-005,1
2024-01-29,S001,TAL-006,1
2024-01-29,S001,TAL-007,3
2024-01-29,S001,TAL-008,0
2024-01-29,S001,SIE-001,1
2024-01-29,S001,SIE-002,1
2024-01-29,S001,SIE-003,2
2024-01-29,S001,SIE-004,1
2024-01-29,S001,SIE-005,0
2024-01-29,S001,SIE-006,0
2024-01-29,S001,CEP-001,2
2024-01-29,S001,CEP-002,1
2024-01-29,S001,CEP-003,2
2024-01-29,S001,CEP-004,2
2024-01-29,S001,CEP-005,2
2024-01-29,S002,ESM-001,1
2024-01-29,S002,ESM-002,2
2024-01-29,S002,ESM-003,0
2024-01-29,S002,ESM-004,2
2024-01-29,S002,ESM-005,1
2024-01-29,S002,ESM-006,0
2024-01-29,S002,ESM-007,2
2024-01-29,S002,ESM-008,1
2024-01-29,S002,ESM-009,1
2024-01-29,S002,ESM-010,0
2024-01-29,S002,DES-001,8
2024-01-29,S002,DES-002,4
2024-01-29,S002,DES-003,6
2024-01-29,S002,DES-004,6
2024-01-29,S002,DES-005,4
2024-01-29,S002,DES-006,8
2024-01-29,S002,DES-007,5
2024-01-29,S002,DES-008,5
2024-01-29,S002,DES-009,3
2024-01-29,S002,DES-010,9
2024-01-29,S002,DES-011,3
2024-01-29,S002,DES-012,5
2024-01-29,S002,DES-013,8
2024-01-29,S002,DES-014,7
2024-01-29,S002,DES-015,5
2024-01-29,S002,TAL-001,1
2024-01-29,S002,TAL-002,2
2024-01-29,S002,TAL-003,1
2024-01-29,S002,TAL-004,1
2024-01-29,S002,TAL-005,2
2024-01-29,S002,TAL-006,0
2024-01-29,S002,TAL-007,1
2024-01-29,S002,TAL-008,1
2024-01-29,S002,SIE-001,0
2024-01-29,S002,SIE-002,1
2024-01-29,S002,SIE-003,1
2024-01-29,S002,SIE-004,2
2024-01-29,S002,SIE-005,0
2024-01-29,S002,SIE-006,2
2024-01-29,S002,CEP-001,1
2024-01-29,S002,CEP-002,2
2024-01-29,S002,CEP-003,1
2024-01-29,S002,CEP-004,2
2024-01-29,S002,CEP-005,1
2024-01-29,S003,ESM-001,2
2024-01-29,S003,ESM-002,2
2024-01-29,S003,ESM-003,0
2024-01-29,S003,ESM-004,1
2024-01-29,S003,ESM-005,2
2024-01-29,S003,ESM-006,1
2024-01-29,S003,ESM-007,2
2024-01-29,S003,ESM-008,1
2024-01-29,S003,ESM-009,2
2024-01-29,S003,ESM-010,1
2024-01-29,S003,DES-001,6
2024-01-29,S003,DES-002,6
2024-01-29,S003,DES-003,4
2024-01-29,S003,DES-004,5
2024-01-29,S003,DES-005,2
2024-01-29,S003,DES-006,4
2024-01-29,S003,DES-007,3
2024-01-29,S003,DES-008,3
2024-01-29,S003,DES-009,2
2024-01-29,S003,DES-010,3
2024-01-29,S003,DES-011,5
2024-01-29,S003,DES-012,5
2024-01-29,S003,DES-013,4
2024-01-29,S003,DES-014,3
2024-01-29,S003,DES-015,2
2024-01-29,S003,TAL-001,0
2024-01-29,S003,TAL-002,1
2024-01-29,S003,TAL-003,1
2024-01-29,S003,TAL-004,0
2024-01-29,S003,TAL-005,0
2024-01-29,S003,TAL-006,1
2024-01-29,S003,TAL-007,0
2024-01-29,S003,TAL-008,1
2024-01-29,S003,SIE-001,1
2024-01-29,S003,SIE-002,0
2024-01-29,S003,SIE-003,1
2024-01-29,S003,SIE-004,1
2024-01-29,S003,SIE-005,1
2024-01-29,S003,SIE-006,1
2024-01-29,S003,CEP-001,1
2024-01-29,S003,CEP-002,2
2024-01-29,S003,CEP-003,1
2024-01-29,S003,CEP-004,1
2024-01-29,S003,CEP-005,1
2024-01-29,S004,ESM-001,2
2024-01-29,S004,ESM-002,1
2024-01-29,S004,ESM-003,2
2024-01-29,S004,ESM-004,1
2024-01-29,S004,ESM-005,0
2024-01-29,S004,ESM-006,0
2024-01-29,S004,ESM-007,1
2024-01-29,S004,ESM-008,1
2024-01-29,S004,ESM-009,2
2024-01-29,S004,ESM-010,1
2024-01-29,S004,DES-001,3
2024-01-29,S004,DES-002,5
2024-01-29,S004,DES-003,5
2024-01-29,S004,DES-004,5
2024-01-29,S004,DES-005,4
2024-01-29,S004,DES-006,6
2024-01-29,S004,DES-007,6
2024-01-29,S004,DES-008,3
2024-01-29,S004,DES-009,5
2024-01-29,S004,DES-010,1
2024-01-29,S004,DES-011,3
2024-01-29,S004,DES-012,5
2024-01-29,S004,DES-013,4
2024-01-29,S004,DES-014,6
2024-01-29,S004,DES-015,2
2024-01-29,S004,TAL-001,1
2024-01-29,S004,TAL-002,1
2024-01-29,S004,TAL-003,1
2024-01-29,S004,TAL-004,1
2024-01-29,S004,TAL-005,1
2024-01-29,S004,TAL-006,1
2024-01-29,S004,TAL-007,1
2024-01-29,S004,TAL-008,0
2024-01-29,S004,SIE-001,1
2024-01-29,S004,SIE-002,1
2024-01-29,S004,SIE-003,0
2024-01-29,S004,SIE-004,1
2024-01-29,S004,SIE-005,1
2024-01-29,S004,SIE-006,1
2024-01-29,S004,CEP-001,1
2024-01-29,S004,CEP-002,0
2024-01-29,S004,CEP-003,1
2024-01-29,S004,CEP-004,1
2024-01-29,S004,CEP-005,1
2024-01-30,S001,ESM-001,2
2024-01-30,S001,ESM-002,3
2024-01-30,S001,ESM-003,1
2024-01-30,S001,ESM-004,2
2024-01-30,S001,ESM-005,0
2024-01-30,S001,ESM-006,1
2024-01-30,S001,ESM-007,3
2024-01-30,S001,ESM-008,0
2024-01-30,S001,ESM-009,1
2024-01-30,S001,ESM-010,1
2024-01-30,S001,DES-001,6
2024-01-30,S001,DES-002,5
2024-01-30,S001,DES-003,4
2024-01-30,S001,DES-004,7
2024-01-30,S001,DES-005,5
2024-01-30,S001,DES-006,6
2024-01-30,S001,DES-007,5
2024-01-30,S001,DES-008,5
2024-01-30,S001,DES-009,5
2024-01-30,S001,DES-010,7
2024-01-30,S001,DES-011,7
2024-01-30,S001,DES-012,3
2024-01-30,S001,DES-013,7
2024-01-30,S001,DES-014,4
2024-01-30,S001,DES-015,6
2024-01-30,S001,TAL-001,1
2024-01-30,S001,TAL-002,1
2024-01-30,S001,TAL-003,2
2024-01-30,S001,TAL-004,1
2024-01-30,S001,TAL-005,1
2024-01-30,S001,TAL-006,0
2024-01-30,S001,TAL-007,0
2024-01-30,S001,TAL-008,1
2024-01-30,S001,SIE-001,1
2024-01-30,S001,SIE-002,1
2024-01-30,S001,SIE-003,1
2024-01-30,S001,SIE-004,1
2024-01-30,S001,SIE-005,1
2024-01-30,S001,SIE-006,1
2024-01-30,S001,CEP-001,1
2024-01-30,S001,CEP-002,3
2024-01-30,S001,CEP-003,1
2024-01-30,S001,CEP-004,2
2024-01-30,S001,CEP-005,1
2024-01-30,S002,ESM-001,3
2024-01-30,S002,ESM-002,3
2024-01-30,S002,ESM-003,2
2024-01-30,S002,ESM-004,2
2024-01-30,S002,ESM-005,2
2024-01-30,S002,ESM-006,2
2024-01-30,S002,ESM-007,2
2024-01-30,S002,ESM-008,1
2024-01-30,S002,ESM-009,2
2024-01-30,S002,ESM-010,0
2024-01-30,S002,DES-001,6
2024-01-30,S002,DES-002,7
2024-01-30,S002,DES-003,7
2024-01-30,S002,DES-004,5
2024-01-30,S002,DES-005,6
2024-01-30,S002,DES-006,5
2024-01-30,S002,DES-007,6
2024-01-30,S002,DES-008,7
2024-01-30,S002,DES-009,8
2024-01-30,S002,DES-010,4
2024-01-30,S002,DES-011,8
2024-01-30,S002,DES-012,6
2024-01-30,S002,DES-013,7
2024-01-30,S002,DES-014,4
2024-01-30,S002,DES-015,5
2024-01-30,S002,TAL-001,0
2024-01-30,S002,TAL-002,2
2024-01-30,S002,TAL-003,0
2024-01-30,S002,TAL-004,2
2024-01-30,S002,TAL-005,1
2024-01-30,S002,TAL-006,1
2024-01-30,S002,TAL-007,2
2024-01-30,S002,TAL-008,0
2024-01-30,S002,SIE-001,0
2024-01-30,S002,SIE-002,1
2024-01-30,S002,SIE-003,2
2024-01-30,S002,SIE-004,0
2024-01-30,S002,SIE-005,2
2024-01-30,S002,SIE-006,1
2024-01-30,S002,CEP-001,0
2024-01-30,S002,CEP-002,1
2024-01-30,S002,CEP-003,2
2024-01-30,S002,CEP-004,1
2024-01-30,S002,CEP-005,2
2024-01-30,S003,ESM-001,1
2024-01-30,S003,ESM-002,1
2024-01-30,S003,ESM-003,2
2024-01-30,S003,ESM-004,2
2024-01-30,S003,ESM-005,0
2024-01-30,S003,ESM-006,1
2024-01-30,S003,ESM-007,1
2024-01-30,S003,ESM-008,1
2024-01-30,S003,ESM-009,1
2024-01-30,S003,ESM-010,1
2024-01-30,S003,DES-001,4
2024-01-30,S003,DES-002,5
2024-01-30,S003,DES-003,4
2024-01-30,S003,DES-004,5
2024-01-30,S003,DES-005,3
2024-01-30,S003,DES-006,3
2024-01-30,S003,DES-007,5
2024-01-30,S003,DES-008,2
2024-01-30,S003,DES-009,4
2024-01-30,S003,DES-010,4
2024-01-30,S003,DES-011,4
2024-01-30,S003,DES-012,4
2024-01-30,S003,DES-013,4
2024-01-30,S003,DES-014,3
2024-01-30,S003,DES-015,2
2024-01-30,S003,TAL-001,1
2024-01-30,S003,TAL-002,0
2024-01-30,S003,TAL-003,1
2024-01-30,S003,TAL-004,0
2024-01-30,S003,TAL-005,1
2024-01-30,S003,TAL-006,1
2024-01-30,S003,TAL-007,0
2024-01-30,S003,TAL-008,0
2024-01-30,S003,SIE-001,1
2024-01-30,S003,SIE-002,1
2024-01-30,S003,SIE-003,1
2024-01-30,S003,SIE-004,0
2024-01-30,S003,SIE-005,1
2024-01-30,S003,SIE-006,1
2024-01-30,S003,CEP-001,1
2024-01-30,S003,CEP-002,0
2024-01-30,S003,CEP-003,1
2024-01-30,S003,CEP-004,0
2024-01-30,S003,CEP-005,1
2024-01-30,S004,ESM-001,0
2024-01-30,S004,ESM-002,0
2024-01-30,S004,ESM-003,2
2024-01-30,S004,ESM-004,1
2024-01-30,S004,ESM-005,1
2024-01-30,S004,ESM-006,1
2024-01-30,S004,ESM-007,0
2024-01-30,S004,ESM-008,1
2024-01-30,S004,ESM-009,1
2024-01-30,S004,ESM-010,0
2024-01-30,S004,DES-001,4
2024-01-30,S004,DES-002,3
2024-01-30,S004,DES-003,6
2024-01-30,S004,DES-004,4
2024-01-30,S004,DES-005,4
2024-01-30,S004,DES-006,3
2024-01-30,S004,DES-007,4
2024-01-30,S004,DES-008,4
2024-01-30,S004,DES-009,3
2024-01-30,S004,DES-010,5
2024-01-30,S004,DES-011,3
2024-01-30,S004,DES-012,3
2024-01-30,S004,DES-013,2
2024-01-30,S004,DES-014,4
2024-01-30,S004,DES-015,5
2024-01-30,S004,TAL-001,0
2024-01-30,S004,TAL-002,0
2024-01-30,S004,TAL-003,1
2024-01-30,S004,TAL-004,1
2024-01-30,S004,TAL-005,0
2024-01-30,S004,TAL-006,1
2024-01-30,S004,TAL-007,0
2024-01-30,S004,TAL-008,1
2024-01-30,S004,SIE-001,0
2024-01-30,S004,SIE-002,0
2024-01-30,S004,SIE-003,0
2024-01-30,S004,SIE-004,0
2024-01-30,S004,SIE-005,1
2024-01-30,S004,SIE-006,1
2024-01-30,S004,CEP-001,1
2024-01-30,S004,CEP-002,0
2024-01-30,S004,CEP-003,1
2024-01-30,S004,CEP-004,1
2024-01-30,S004,CEP-005,1
2024-01-31,S001,ESM-001,0
2024-01-31,S001,ESM-002,3
2024-01-31,S001,ESM-003,2
2024-01-31,S001,ESM-004,2
2024-01-31,S001,ESM-005,2
2024-01-31,S001,ESM-006,2
2024-01-31,S001,ESM-007,1
2024-01-31,S001,ESM-008,1
2024-01-31,S001,ESM-009,1
2024-01-31,S001,ESM-010,2
2024-01-31,S001,DES-001,3
2024-01-31,S001,DES-002,4
2024-01-31,S001,DES-003,5
2024-01-31,S001,DES-004,5
2024-01-31,S001,DES-005,4
2024-01-31,S001,DES-006,5
2024-01-31,S001,DES-007,1
2024-01-31,S001,DES-008,5
2024-01-31,S001,DES-009,7
2024-01-31,S001,DES-010,4
2024-01-31,S001,DES-011,8
2024-01-31,S001,DES-012,8
2024-01-31,S001,DES-013,6
2024-01-31,S001,DES-014,6
2024-01-31,S001,DES-015,3
2024-01-31,S001,TAL-001,0
2024-01-31,S001,TAL-002,1
2024-01-31,S001,TAL-003,0
2024-01-31,S001,TAL-004,1
2024-01-31,S001,TAL-005,2
2024-01-31,S001,TAL-006,1
2024-01-31,S001,TAL-007,1
2024-01-31,S001,TAL-008,1
2024-01-31,S001,SIE-001,0
2024-01-31,S001,SIE-002,0
2024-01-31,S001,SIE-003,0
2024-01-31,S001,SIE-004,2
2024-01-31,S001,SIE-005,1
2024-01-31,S001,SIE-006,0
2024-01-31,S001,CEP-001,1
2024-01-31,S001,CEP-002,2
2024-01-31,S001,CEP-003,1
2024-01-31,S001,CEP-004,1
2024-01-31,S001,CEP-005,1
2024-01-31,S002,ESM-001,3
2024-01-31,S002,ESM-002,2
2024-01-31,S002,ESM-003,1
2024-01-31,S002,ESM-004,1
2024-01-31,S002,ESM-005,1
2024-01-31,S002,ESM-006,2
2024-01-31,S002,ESM-007,2
2024-01-31,S002,ESM-008,1
2024-01-31,S002,ESM-009,2
2024-01-31,S002,ESM-010,2
2024-01-31,S002,DES-001,7
2024-01-31,S002,DES-002,4
2024-01-31,S002,DES-003,4
2024-01-31,S002,DES-004,6
2024-01-31,S002,DES-005,3
2024-01-31,S002,DES-006,5
2024-01-31,S002,DES-007,6
2024-01-31,S002,DES-008,4
2024-01-31,S002,DES-009,5
2024-01-31,S002,DES-010,8
2024-01-31,S002,DES-011,8
2024-01-31,S002,DES-012,3
2024-01-31,S002,DES-013,6
2024-01-31,S002,DES-014,8
2024-01-31,S002,DES-015,7
2024-01-31,S002,TAL-001,3
2024-01-31,S002,TAL-002,0
2024-01-31,S002,TAL-003,3
2024-01-31,S002,TAL-004,1
2024-01-31,S002,TAL-005,0
2024-01-31,S002,TAL-006,2
2024-01-31,S002,TAL-007,1
2024-01-31,S002,TAL-008,2
2024-01-31,S002,SIE-001,0
2024-01-31,S002,SIE-002,1
2024-01-31,S002,SIE-003,0
2024-01-31,S002,SIE-004,0
2024-01-31,S002,SIE-005,1
2024-01-31,S002,SIE-006,0
2024-01-31,S002,CEP-001,1
2024-01-31,S002,CEP-002,1
2024-01-31,S002,CEP-003,1
2024-01-31,S002,CEP-004,1
2024-01-31,S002,CEP-005,1
2024-01-31,S003,ESM-001,1
2024-01-31,S003,ESM-002,1
2024-01-31,S003,ESM-003,1
2024-01-31,S003,ESM-004,1
2024-01-31,S003,ESM-005,1
2024-01-31,S003,ESM-006,2
2024-01-31,S003,ESM-007,1
2024-01-31,S003,ESM-008,1
2024-01-31,S003,ESM-009,0
2024-01-31,S003,ESM-010,1
2024-01-31,S003,DES-001,3
2024-01-31,S003,DES-002,4
2024-01-31,S003,DES-003,4
2024-01-31,S003,DES-004,4
2024-01-31,S003,DES-005,3
2024-01-31,S003,DES-006,3
2024-01-31,S003,DES-007,6
2024-01-31,S003,DES-008,4
2024-01-31,S003,DES-009,5
2024-01-31,S003,DES-010,3
2024-01-31,S003,DES-011,4
2024-01-31,S003,DES-012,4
2024-01-31,S003,DES-013,5
2024-01-31,S003,DES-014,4
2024-01-31,S003,DES-015,5
2024-01-31,S003,TAL-001,1
2024-01-31,S003,TAL-002,1
2024-01-31,S003,TAL-003,1
2024-01-31,S003,TAL-004,0
2024-01-31,S003,TAL-005,1
2024-01-31,S003,TAL-006,0
2024-01-31,S003,TAL-007,0
2024-01-31,S003,TAL-008,1
2024-01-31,S003,SIE-001,1
2024-01-31,S003,SIE-002,0
2024-01-31,S003,SIE-003,0
2024-01-31,S003,SIE-004,1
2024-01-31,S003,SIE-005,1
2024-01-31,S003,SIE-006,1
2024-01-31,S003,CEP-001,1
2024-01-31,S003,CEP-002,1
2024-01-31,S003,CEP-003,0
2024-01-31,S003,CEP-004,1
2024-01-31,S003,CEP-005,1
2024-01-31,S004,ESM-001,2
2024-01-31,S004,ESM-002,0
2024-01-31,S004,ESM-003,1
2024-01-31,S004,ESM-004,2
2024-01-31,S004,ESM-005,0
2024-01-31,S004,ESM-006,1
2024-01-31,S004,ESM-007,1
2024-01-31,S004,ESM-008,1
2024-01-31,S004,ESM-009,0
2024-01-31,S004,ESM-010,1
2024-01-31,S004,DES-001,5
2024-01-31,S004,DES-002,5
2024-01-31,S004,DES-003,3
2024-01-31,S004,DES-004,5
2024-01-31,S004,DES-005,5
2024-01-31,S004,DES-006,3
2024-01-31,S004,DES-007,3
2024-01-31,S004,DES-008,4
2024-01-31,S004,DES-009,4
2024-01-31,S004,DES-010,5
2024-01-31,S004,DES-011,3
2024-01-31,S004,DES-012,4
2024-01-31,S004,DES-013,1
2024-01-31,S004,DES-014,3
2024-01-31,S004,DES-015,4
2024-01-31,S004,TAL-001,0
2024-01-31,S004,TAL-002,0
2024-01-31,S004,TAL-003,1
2024-01-31,S004,TAL-004,0
2024-01-31,S004,TAL-005,1
2024-01-31,S004,TAL-006,1
2024-01-31,S004,TAL-007,1
2024-01-31,S004,TAL-008,1
2024-01-31,S004,SIE-001,1
2024-01-31,S004,SIE-002,1
2024-01-31,S004,SIE-003,0
2024-01-31,S004,SIE-004,0
2024-01-31,S004,SIE-005,0
2024-01-31,S004,SIE-006,0
2024-01-31,S004,CEP-001,1
2024-01-31,S004,CEP-002,2
2024-01-31,S004,CEP-003,1
2024-01-31,S004,CEP-004,1
2024-01-31,S004,CEP-005,1
2024-02-01,S001,ESM-001,3
2024-02-01,S001,ESM-002,1
2024-02-01,S001,ESM-003,1
2024-02-01,S001,ESM-004,1
2024-02-01,S001,ESM-005,2
2024-02-01,S001,ESM-006,1
2024-02-01,S001,ESM-007,0
2024-02-01,S001,ESM-008,1
2024-02-01,S001,ESM-009,3
2024-02-01,S001,ESM-010,2
2024-02-01,S001,DES-001,6
2024-02-01,S001,DES-002,7
2024-02-01,S001,DES-003,5
2024-02-01,S001,DES-004,5
2024-02-01,S001,DES-005,7
2024-02-01,S001,DES-006,4
2024-02-01,S001,DES-007,9
2024-02-01,S001,DES-008,5
2024-02-01,S001,DES-009,7
2024-02-01,S001,DES-010,7
2024-02-01,S001,DES-011,4
2024-02-01,S001,DES-012,6
2024-02-01,S001,DES-013,4
2024-02-01,S001,DES-014,7
2024-02-01,S001,DES-015,5
2024-02-01,S001,TAL-001,1
2024-02-01,S001,TAL-002,2
2024-02-01,S001,TAL-003,1
2024-02-01,S001,TAL-004,1
2024-02-01,S001,TAL-005,0
2024-02-01,S001,TAL-006,2
2024-02-01,S001,TAL-007,3
2024-02-01,S001,TAL-008,1
2024-02-01,S001,SIE-001,1
2024-02-01,S001,SIE-002,1
2024-02-01,S001,SIE-003,1
2024-02-01,S001,SIE-004,1
2024-02-01,S001,SIE-005,0
2024-02-01,S001,SIE-006,0
2024-02-01,S001,CEP-001,2
2024-02-01,S001,CEP-002,1
2024-02-01,S001,CEP-003,3
2024-02-01,S001,CEP-004,1
2024-02-01,S001,CEP-005,1
2024-02-01,S002,ESM-001,3
2024-02-01,S002,ESM-002,1
2024-02-01,S002,ESM-003,2
2024-02-01,S002,ESM-004,1
2024-02-01,S002,ESM-005,2
2024-02-01,S002,ESM-006,1
2024-02-01,S002,ESM-007,1
2024-02-01,S002,ESM-008,2
2024-02-01,S002,ESM-009,0
2024-02-01,S002,ESM-010,1
2024-02-01,S002,DES-001,5
2024-02-01,S002,DES-002,7
2024-02-01,S002,DES-003,6
2024-02-01,S002,DES-004,7
2024-02-01,S002,DES-005,7
2024-02-01,S002,DES-006,6
2024-02-01,S002,DES-007,4
2024-02-01,S002,DES-008,8
2024-02-01,S002,DES-009,4
2024-02-01,S002,DES-010,6
2024-02-01,S002,DES-011,5
2024-02-01,S002,DES-012,3
2024-02-01,S002,DES-013,5
2024-02-01,S002,DES-014,4
2024-02-01,S002,DES-015,4
2024-02-01,S002,TAL-001,0
2024-02-01,S002,TAL-002,1
2024-02-01,S002,TAL-003,1
2024-02-01,S002,TAL-004,1
2024-02-01,S002,TAL-005,2
2024-02-01,S002,TAL-006,1
2024-02-01,S002,TAL-007,1
2024-02-01,S002,TAL-008,0
2024-02-01,S002,SIE-001,1
2024-02-01,S002,SIE-002,2
2024-02-01,S002,SIE-003,0
2024-02-01,S002,SIE-004,0
2024-02-01,S002,SIE-005,1
2024-02-01,S002,SIE-006,1
2024-02-01,S002,CEP-001,1
2024-02-01,S002,CEP-002,2
2024-02-01,S002,CEP-003,1
2024-02-01,S002,CEP-004,2
2024-02-01,S002,CEP-005,3
2024-02-01,S003,ESM-001,2
2024-02-01,S003,ESM-002,0
2024-02-01,S003,ESM-003,1
2024-02-01,S003,ESM-004,2
2024-02-01,S003,ESM-005,0
2024-02-01,S003,ESM-006,1
2024-02-01,S003,ESM-007,2
2024-02-01,S003,ESM-008,1
2024-02-01,S003,ESM-009,0
2024-02-01,S003,ESM-010,1
2024-02-01,S003,DES-001,2
2024-02-01,S003,DES-002,4
2024-02-01,S003,DES-003,4
2024-02-01,S003,DES-004,4
2024-02-01,S003,DES-005,5
2024-02-01,S003,DES-006,5
2024-02-01,S003,DES-007,6
2024-02-01,S003,DES-008,3
2024-02-01,S003,DES-009,4
2024-02-01,S003,DES-010,3
2024-02-01,S003,DES-011,2
2024-02-01,S003,DES-012,3
2024-02-01,S003,DES-013,3
2024-02-01,S003,DES-014,5
2024-02-01,S003,DES-015,3
2024-02-01,S003,TAL-001,0
2024-02-01,S003,TAL-002,0
2024-02-01,S003,TAL-003,1
2024-02-01,S003,TAL-004,1
2024-02-01,S003,TAL-005,0
2024-02-01,S003,TAL-006,0
2024-02-01,S003,TAL-007,2
2024-02-01,S003,TAL-008,0
2024-02-01,S003,SIE-001,0
2024-02-01,S003,SIE-002,1
2024-02-01,S003,SIE-003,1
2024-02-01,S003,SIE-004,0
2024-02-01,S003,SIE-005,1
2024-02-01,S003,SIE-006,0
2024-02-01,S003,CEP-001,0
2024-02-01,S003,CEP-002,2
2024-02-01,S003,CEP-003,1
2024-02-01,S003,CEP-004,1
2024-02-01,S003,CEP-005,1
2024-02-01,S004,ESM-001,1
2024-02-01,S004,ESM-002,1
2024-02-01,S004,ESM-003,1
2024-02-01,S004,ESM-004,1
2024-02-01,S004,ESM-005,2
2024-02-01,S004,ESM-006,2
2024-02-01,S004,ESM-007,1
2024-02-01,S004,ESM-008,1
2024-02-01,S004,ESM-009,1
2024-02-01,S004,ESM-010,1
2024-02-01,S004,DES-001,5
2024-02-01,S004,DES-002,5
2024-02-01,S004,DES-003,5
2024-02-01,S004,DES-004,5
2024-02-01,S004,DES-005,2
2024-02-01,S004,DES-006,3
2024-02-01,S004,DES-007,4
2024-02-01,S004,DES-008,5
2024-02-01,S004,DES-009,3
2024-02-01,S004,DES-010,5
2024-02-01,S004,DES-011,3
2024-02-01,S004,DES-012,5
2024-02-01,S004,DES-013,3
2024-02-01,S004,DES-014,3
2024-02-01,S004,DES-015,3
2024-02-01,S004,TAL-001,0
2024-02-01,S004,TAL-002,0
2024-02-01,S004,TAL-003,0
2024-02-01,S004,TAL-004,1
2024-02-01,S004,TAL-005,0
2024-02-01,S004,TAL-006,1
2024-02-01,S004,TAL-007,0
2024-02-01,S004,TAL-008,1
2024-02-01,S004,SIE-001,1
2024-02-01,S004,SIE-002,0
2024-02-01,S004,SIE-003,0
2024-02-01,S004,SIE-004,1
2024-02-01,S004,SIE-005,0
2024-02-01,S004,SIE-006,1
2024-02-01,S004,CEP-001,1
2024-02-01,S004,CEP-002,1
2024-02-01,S004,CEP-003,1
2024-02-01,S004,CEP-004,1
2024-02-01,S004,CEP-005,1
2024-02-02,S001,ESM-001,2
2024-02-02,S001,ESM-002,0
2024-02-02,S001,ESM-003,0
2024-02-02,S001,ESM-004,0
2024-02-02,S001,ESM-005,2
2024-02-02,S001,ESM-006,0
2024-02-02,S001,ESM-007,1
2024-02-02,S001,ESM-008,1
2024-02-02,S001,ESM-009,2
2024-02-02,S001,ESM-010,2
2024-02-02,S001,DES-001,2
2024-02-02,S001,DES-002,3
2024-02-02,S001,DES-003,2
2024-02-02,S001,DES-004,7
2024-02-02,S001,DES-005,5
2024-02-02,S001,DES-006,6
2024-02-02,S001,DES-007,4
2024-02-02,S001,DES-008,4
2024-02-02,S001,DES-009,5
2024-02-02,S001,DES-010,7
2024-02-02,S001,DES-011,7
2024-02-02,S001,DES-012,5
2024-02-02,S001,DES-013,7
2024-02-02,S001,DES-014,4
2024-02-02,S001,DES-015,3
2024-02-02,S001,TAL-001,1
2024-02-02,S001,TAL-002,1
2024-02-02,S001,TAL-003,2
2024-02-02,S001,TAL-004,1
2024-02-02,S001,TAL-005,1
2024-02-02,S001,TAL-006,1
2024-02-02,S001,TAL-007,1
2024-02-02,S001,TAL-008,0
2024-02-02,S001,SIE-001,1
2024-02-02,S001,SIE-002,1
2024-02-02,S001,SIE-003,0
2024-02-02,S001,SIE-004,1
2024-02-02,S001,SIE-005,2
2024-02-02,S001,SIE-006,0
2024-02-02,S001,CEP-001,1
2024-02-02,S001,CEP-002,1
2024-02-02,S001,CEP-003,2
2024-02-02,S001,CEP-004,1
2024-02-02,S001,CEP-005,0
2024-02-02,S002,ESM-001,1
2024-02-02,S002,ESM-002,1
2024-02-02,S002,ESM-003,1
2024-02-02,S002,ESM-004,2
2024-02-02,S002,ESM-005,3
2024-02-02,S002,ESM-006,3
2024-02-02,S002,ESM-007,2
2024-02-02,S002,ESM-008,1
2024-02-02,S002,ESM-009,2
2024-02-02,S002,ESM-010,3
2024-02-02,S002,DES-001,7
2024-02-02,S002,DES-002,5
2024-02-02,S002,DES-003,7
2024-02-02,S002,DES-004,4
2024-02-02,S002,DES-005,3
2024-02-02,S002,DES-006,5
2024-02-02,S002,DES-007,5
2024-02-02,S002,DES-008,6
2024-02-02,S002,DES-009,4
2024-02-02,S002,DES-010,7
2024-02-02,S002,DES-011,5
2024-02-02,S002,DES-012,6
2024-02-02,S002,DES-013,3
2024-02-02,S002,DES-014,8
2024-02-02,S002,DES-015,6
2024-02-02,S002,TAL-001,1
2024-02-02,S002,TAL-002,1
2024-02-02,S002,TAL-003,1
2024-02-02,S002,TAL-004,0
2024-02-02,S002,TAL-005,0
2024-02-02,S002,TAL-006,2
2024-02-02,S002,TAL-007,2
2024-02-02,S002,TAL-008,0
2024-02-02,S002,SIE-001,1
2024-02-02,S002,SIE-002,0
2024-02-02,S002,SIE-003,1
2024-02-02,S002,SIE-004,1
2024-02-02,S002,SIE-005,1
2024-02-02,S002,SIE-006,0
2024-02-02,S002,CEP-001,1
2024-02-02,S002,CEP-002,2
2024-02-02,S002,CEP-003,2
2024-02-02,S002,CEP-004,1
2024-02-02,S002,CEP-005,2
2024-02-02,S003,ESM-001,1
2024-02-02,S003,ESM-002,0
2024-02-02,S003,ESM-003,0
2024-02-02,S003,ESM-004,1
2024-02-02,S003,ESM-005,2
2024-02-02,S003,ESM-006,1
2024-02-02,S003,ESM-007,1
2024-02-02,S003,ESM-008,2
2024-02-02,S003,ESM-009,1
2024-02-02,S003,ESM-010,1
2024-02-02,S003,DES-001,2
2024-02-02,S003,DES-002,4
2024-02-02,S003,DES-003,3
2024-02-02,S003,DES-004,3
2024-02-02,S003,DES-005,4
2024-02-02,S003,DES-006,4
2024-02-02,S003,DES-007,4
2024-02-02,S003,DES-008,3
2024-02-02,S003,DES-009,5
2024-02-02,S003,DES-010,3
2024-02-02,S003,DES-011,5
2024-02-02,S003,DES-012,5
2024-02-02,S003,DES-013,4
2024-02-02,S003,DES-014,2
2024-02-02,S003,DES-015,1
2024-02-02,S003,TAL-001,1
2024-02-02,S003,TAL-002,0
2024-02-02,S003,TAL-003,1
2024-02-02,S003,TAL-004,1
2024-02-02,S003,TAL-005,1
2024-02-02,S003,TAL-006,1
2024-02-02,S003,TAL-007,1
2024-02-02,S003,TAL-008,1
2024-02-02,S003,SIE-001,1
2024-02-02,S003,SIE-002,0
2024-02-02,S003,SIE-003,0
2024-02-02,S003,SIE-004,1
2024-02-02,S003,SIE-005,0
2024-02-02,S003,SIE-006,0
2024-02-02,S003,CEP-001,1
2024-02-02,S003,CEP-002,1
2024-02-02,S003,CEP-003,0
2024-02-02,S003,CEP-004,1
2024-02-02,S003,CEP-005,2
2024-02-02,S004,ESM-001,1
2024-02-02,S004,ESM-002,1
2024-02-02,S004,ESM-003,0
2024-02-02,S004,ESM-004,2
2024-02-02,S004,ESM-005,1
2024-02-02,S004,ESM-006,2
2024-02-02,S004,ESM-007,1
2024-02-02,S004,ESM-008,1
2024-02-02,S004,ESM-009,2
2024-02-02,S004,ESM-010,0
2024-02-02,S004,DES-001,6
2024-02-02,S004,DES-002,3
2024-02-02,S004,DES-003,7
2024-02-02,S004,DES-004,3
2024-02-02,S004,DES-005,4
2024-02-02,S004,DES-006,5
2024-02-02,S004,DES-007,4
2024-02-02,S004,DES-008,3
2024-02-02,S004,DES-009,2
2024-02-02,S004,DES-010,2
2024-02-02,S004,DES-011,3
2024-02-02,S004,DES-012,5
2024-02-02,S004,DES-013,5
2024-02-02,S004,DES-014,4
2024-02-02,S004,DES-015,0
2024-02-02,S004,TAL-001,0
2024-02-02,S004,TAL-002,1
2024-02-02,S004,TAL-003,1
2024-02-02,S004,TAL-004,0
2024-02-02,S004,TAL-005,1
2024-02-02,S004,TAL-006,0
2024-02-02,S004,TAL-007,1
2024-02-02,S004,TAL-008,1
2024-02-02,S004,SIE-001,1
2024-02-02,S004,SIE-002,1
2024-02-02,S004,SIE-003,0
2024-02-02,S004,SIE-004,1
2024-02-02,S004,SIE-005,1
2024-02-02,S004,SIE-006,1
2024-02-02,S004,CEP-001,1
2024-02-02,S004,CEP-002,1
2024-02-02,S004,CEP-003,2
2024-02-02,S004,CEP-004,0
2024-02-02,S004,CEP-005,1
2024-02-03,S001,ESM-001,1
2024-02-03,S001,ESM-002,2
2024-02-03,S001,ESM-003,2
2024-02-03,S001,ESM-004,0
2024-02-03,S001,ESM-005,1
2024-02-03,S001,ESM-006,2
2024-02-03,S001,ESM-007,1
2024-02-03,S001,ESM-008,1
2024-02-03,S001,ESM-009,2
2024-02-03,S001,ESM-010,1
2024-02-03,S001,DES-001,4
2024-02-03,S001,DES-002,3
2024-02-03,S001,DES-003,6
2024-02-03,S001,DES-004,2
2024-02-03,S001,DES-005,9
2024-02-03,S001,DES-006,6
2024-02-03,S001,DES-007,3
2024-02-03,S001,DES-008,4
2024-02-03,S001,DES-009,6
2024-02-03,S001,DES-010,3
2024-02-03,S001,DES-011,5
2024-02-03,S001,DES-012,7
2024-02-03,S001,DES-013,7
2024-02-03,S001,DES-014,6
2024-02-03,S001,DES-015,4
2024-02-03,S001,TAL-001,1
2024-02-03,S001,TAL-002,0
2024-02-03,S001,TAL-003,1
2024-02-03,S001,TAL-004,1
2024-02-03,S001,TAL-005,0
2024-02-03,S001,TAL-006,2
2024-02-03,S001,TAL-007,1
2024-02-03,S001,TAL-008,1
2024-02-03,S001,SIE-001,0
2024-02-03,S001,SIE-002,1
2024-02-03,S001,SIE-003,1
2024-02-03,S001,SIE-004,1
2024-02-03,S001,SIE-005,2
2024-02-03,S001,SIE-006,0
2024-02-03,S001,CEP-001,1
2024-02-03,S001,CEP-002,1
2024-02-03,S001,CEP-003,1
2024-02-03,S001,CEP-004,1
2024-02-03,S001,CEP-005,1
2024-02-03,S002,ESM-001,0
2024-02-03,S002,ESM-002,1
2024-02-03,S002,ESM-003,3
2024-02-03,S002,ESM-004,2
2024-02-03,S002,ESM-005,2
2024-02-03,S002,ESM-006,1
2024-02-03,S002,ESM-007,1
2024-02-03,S002,ESM-008,1
2024-02-03,S002,ESM-009,2
2024-02-03,S002,ESM-010,1
2024-02-03,S002,DES-001,6
2024-02-03,S002,DES-002,4
2024-02-03,S002,DES-003,7
2024-02-03,S002,DES-004,3
2024-02-03,S002,DES-005,5
2024-02-03,S002,DES-006,8
2024-02-03,S002,DES-007,9
2024-02-03,S002,DES-008,7
2024-02-03,S002,DES-009,4
2024-02-03,S002,DES-010,6
2024-02-03,S002,DES-011,7
2024-02-03,S002,DES-012,6
2024-02-03,S002,DES-013,6
2024-02-03,S002,DES-014,6
2024-02-03,S002,DES-015,3
2024-02-03,S002,TAL-001,1
2024-02-03,S002,TAL-002,1
2024-02-03,S002,TAL-003,1
2024-02-03,S002,TAL-004,0
2024-02-03,S002,TAL-005,1
2024-02-03,S002,TAL-006,0
2024-02-03,S002,TAL-007,1
2024-02-03,S002,TAL-008,1
2024-02-03,S002,SIE-001,1
2024-02-03,S002,SIE-002,2
2024-02-03,S002,SIE-003,1
2024-02-03,S002,SIE-004,1
2024-02-03,S002,SIE-005,1
2024-02-03,S002,SIE-006,2
2024-02-03,S002,CEP-001,0
2024-02-03,S002,CEP-002,1
2024-02-03,S002,CEP-003,1
2024-02-03,S002,CEP-004,1
2024-02-03,S002,CEP-005,0
2024-02-03,S003,ESM-001,2
2024-02-03,S003,ESM-002,1
2024-02-03,S003,ESM-003,1
2024-02-03,S003,ESM-004,1
2024-02-03,S003,ESM-005,2
2024-02-03,S003,ESM-006,2
2024-02-03,S003,ESM-007,1
2024-02-03,S003,ESM-008,1
2024-02-03,S003,ESM-009,2
2024-02-03,S003,ESM-010,1
2024-02-03,S003,DES-001,3
2024-02-03,S003,DES-002,5
2024-02-03,S003,DES-003,5
2024-02-03,S003,DES-004,3
2024-02-03,S003,DES-005,5
2024-02-03,S003,DES-006,4
2024-02-03,S003,DES-007,4
2024-02-03,S003,DES-008,3
2024-02-03,S003,DES-009,3
2024-02-03,S003,DES-010,3
2024-02-03,S003,DES-011,4
2024-02-03,S003,DES-012,4
2024-02-03,S003,DES-013,2
2024-02-03,S003,DES-014,3
2024-02-03,S003,DES-015,4
2024-02-03,S003,TAL-001,1
2024-02-03,S003,TAL-002,0
2024-02-03,S003,TAL-003,1
2024-02-03,S003,TAL-004,1
2024-02-03,S003,TAL-005,1
2024-02-03,S003,TAL-006,2
2024-02-03,S003,TAL-007,0
2024-02-03,S003,TAL-008,0
2024-02-03,S003,SIE-001,0
2024-02-03,S003,SIE-002,1
2024-02-03,S003,SIE-003,1
2024-02-03,S003,SIE-004,0
2024-02-03,S003,SIE-005,1
2024-02-03,S003,SIE-006,1
2024-02-03,S003,CEP-001,1
2024-02-03,S003,CEP-002,2
2024-02-03,S003,CEP-003,1
2024-02-03,S003,CEP-004,2
2024-02-03,S003,CEP-005,1
2024-02-03,S004,ESM-001,1
2024-02-03,S004,ESM-002,0
2024-02-03,S004,ESM-003,1
2024-02-03,S004,ESM-004,2
2024-02-03,S004,ESM-005,0
2024-02-03,S004,ESM-006,1
2024-02-03,S004,ESM-007,2
2024-02-03,S004,ESM-008,1
2024-02-03,S004,ESM-009,1
2024-02-03,S004,ESM-010,0
2024-02-03,S004,DES-001,5
2024-02-03,S004,DES-002,3
2024-02-03,S004,DES-003,5
2024-02-03,S004,DES-004,4
2024-02-03,S004,DES-005,3
2024-02-03,S004,DES-006,4
2024-02-03,S004,DES-007,6
2024-02-03,S004,DES-008,3
2024-02-03,S004,DES-009,5
2024-02-03,S004,DES-010,3
2024-02-03,S004,DES-011,3
2024-02-03,S004,DES-012,4
2024-02-03,S004,DES-013,5
2024-02-03,S004,DES-014,4
2024-02-03,S004,DES-015,2
2024-02-03,S004,TAL-001,2
2024-02-03,S004,TAL-002,1
2024-02-03,S004,TAL-003,1
2024-02-03,S004,TAL-004,0
2024-02-03,S004,TAL-005,1
2024-02-03,S004,TAL-006,1
2024-02-03,S004,TAL-007,0
2024-02-03,S004,TAL-008,1
2024-02-03,S004,SIE-001,1
2024-02-03,S004,SIE-002,1
2024-02-03,S004,SIE-003,1
2024-02-03,S004,SIE-004,0
2024-02-03,S004,SIE-005,0
2024-02-03,S004,SIE-006,0
2024-02-03,S004,CEP-001,0
2024-02-03,S004,CEP-002,1
2024-02-03,S004,CEP-003,1
2024-02-03,S004,CEP-004,0
2024-02-03,S004,CEP-005,1
2024-02-04,S001,ESM-001,2
2024-02-04,S001,ESM-002,2
2024-02-04,S001,ESM-003,3
2024-02-04,S001,ESM-004,1
2024-02-04,S001,ESM-005,2
2024-02-04,S001,ESM-006,3
2024-02-04,S001,ESM-007,2
2024-02-04,S001,ESM-008,2
2024-02-04,S001,ESM-009,2
2024-02-04,S001,ESM-010,1
2024-02-04,S001,DES-001,5
2024-02-04,S001,DES-002,3
2024-02-04,S001,DES-003,6
2024-02-04,S001,DES-004,5
2024-02-04,S001,DES-005,4
2024-02-04,S001,DES-006,7
2024-02-04,S001,DES-007,3
2024-02-04,S001,DES-008,6
2024-02-04,S001,DES-009,3
2024-02-04,S001,DES-010,7
2024-02-04,S001,DES-011,6
2024-02-04,S001,DES-012,5
2024-02-04,S001,DES-013,5
2024-02-04,S001,DES-014,3
2024-02-04,S001,DES-015,3
2024-02-04,S001,TAL-001,0
2024-02-04,S001,TAL-002,3
2024-02-04,S001,TAL-003,2
2024-02-04,S001,TAL-004,1
2024-02-04,S001,TAL-005,0
2024-02-04,S001,TAL-006,1
2024-02-04,S001,TAL-007,0
2024-02-04,S001,TAL-008,0
2024-02-04,S001,SIE-001,2
2024-02-04,S001,SIE-002,1
2024-02-04,S001,SIE-003,1
2024-02-04,S001,SIE-004,0
2024-02-04,S001,SIE-005,0
2024-02-04,S001,SIE-006,1
2024-02-04,S001,CEP-001,2
2024-02-04,S001,CEP-002,2
2024-02-04,S001,CEP-003,2
2024-02-04,S001,CEP-004,2
2024-02-04,S001,CEP-005,2
2024-02-04,S002,ESM-001,1
2024-02-04,S002,ESM-002,1
2024-02-04,S002,ESM-003,1
2024-02-04,S002,ESM-004,1
2024-02-04,S002,ESM-005,1
2024-02-04,S002,ESM-006,1
2024-02-04,S002,ESM-007,2
2024-02-04,S002,ESM-008,1
2024-02-04,S002,ESM-009,2
2024-02-04,S002,ESM-010,2
2024-02-04,S002,DES-001,6
2024-02-04,S002,DES-002,5
2024-02-04,S002,DES-003,4
2024-02-04,S002,DES-004,4
2024-02-04,S002,DES-005,4
2024-02-04,S002,DES-006,6
2024-02-04,S002,DES-007,4
2024-02-04,S002,DES-008,6
2024-02-04,S002,DES-009,4
2024-02-04,S002,DES-010,8
2024-02-04,S002,DES-011,6
2024-02-04,S002,DES-012,6
2024-02-04,S002,DES-013,6
2024-02-04,S002,DES-014,7
2024-02-04,S002,DES-015,4
2024-02-04,S002,TAL-001,1
2024-02-04,S002,TAL-002,1
2024-02-04,S002,TAL-003,0
2024-02-04,S002,TAL-004,2
2024-02-04,S002,TAL-005,1
2024-02-04,S002,TAL-006,2
2024-02-04,S002,TAL-007,1
2024-02-04,S002,TAL-008,0
2024-02-04,S002,SIE-001,1
2024-02-04,S002,SIE-002,0
2024-02-04,S002,SIE-003,0
2024-02-04,S002,SIE-004,0
2024-02-04,S002,SIE-005,0
2024-02-04,S002,SIE-006,0
2024-02-04,S002,CEP-001,1
2024-02-04,S002,CEP-002,0
2024-02-04,S002,CEP-003,1
2024-02-04,S002,CEP-004,2
2024-02-04,S002,CEP-005,1
2024-02-04,S003,ESM-001,0
2024-02-04,S003,ESM-002,3
2024-02-04,S003,ESM-003,1
2024-02-04,S003,ESM-004,2
2024-02-04,S003,ESM-005,1
2024-02-04,S003,ESM-006,0
2024-02-04,S003,ESM-007,1
2024-02-04,S003,ESM-008,1
2024-02-04,S003,ESM-009,0
2024-02-04,S003,ESM-010,1
2024-02-04,S003,DES-001,5
2024-02-04,S003,DES-002,5
2024-02-04,S003,DES-003,7
2024-02-04,S003,DES-004,3
2024-02-04,S003,DES-005,6
2024-02-04,S003,DES-006,2
2024-02-04,S003,DES-007,4
2024-02-04,S003,DES-008,5
2024-02-04,S003,DES-009,4
2024-02-04,S003,DES-010,4
2024-02-04,S003,DES-011,4
2024-02-04,S003,DES-012,6
2024-02-04,S003,DES-013,1
2024-02-04,S003,DES-014,4
2024-02-04,S003,DES-015,5
2024-02-04,S003,TAL-001,1
2024-02-04,S003,TAL-002,0
2024-02-04,S003,TAL-003,0
2024-02-04,S003,TAL-004,1
2024-02-04,S003,TAL-005,0
2024-02-04,S003,TAL-006,1
2024-02-04,S003,TAL-007,1
2024-02-04,S003,TAL-008,1
2024-02-04,S003,SIE-001,0
2024-02-04,S003,SIE-002,1
2024-02-04,S003,SIE-003,1
2024-02-04,S003,SIE-004,1
2024-02-04,S003,SIE-005,0
2024-02-04,S003,SIE-006,0
2024-02-04,S003,CEP-001,1
2024-02-04,S003,CEP-002,0
2024-02-04,S003,CEP-003,0
2024-02-04,S003,CEP-004,0
2024-02-04,S003,CEP-005,2
2024-02-04,S004,ESM-001,1
2024-02-04,S004,ESM-002,0
2024-02-04,S004,ESM-003,1
2024-02-04,S004,ESM-004,2
2024-02-04,S004,ESM-005,1
2024-02-04,S004,ESM-006,1
2024-02-04,S004,ESM-007,1
2024-02-04,S004,ESM-008,1
2024-02-04,S004,ESM-009,1
2024-02-04,S004,ESM-010,1
2024-02-04,S004,DES-001,4
2024-02-04,S004,DES-002,6
2024-02-04,S004,DES-003,3
2024-02-04,S004,DES-004,3
2024-02-04,S004,DES-005,4
2024-02-04,S004,DES-006,5
2024-02-04,S004,DES-007,3
2024-02-04,S004,DES-008,4
2024-02-04,S004,DES-009,5
2024-02-04,S004,DES-010,5
2024-02-04,S004,DES-011,4
2024-02-04,S004,DES-012,4
2024-02-04,S004,DES-013,6
2024-02-04,S004,DES-014,5
2024-02-04,S004,DES-015,5
2024-02-04,S004,TAL-001,1
2024-02-04,S004,TAL-002,0
2024-02-04,S004,TAL-003,1
2024-02-04,S004,TAL-004,1
2024-02-04,S004,TAL-005,0
2024-02-04,S004,TAL-006,1
2024-02-04,S004,TAL-007,0
2024-02-04,S004,TAL-008,0
2024-02-04,S004,SIE-001,1
2024-02-04,S004,SIE-002,1
2024-02-04,S004,SIE-003,0
2024-02-04,S004,SIE-004,1
2024-02-04,S004,SIE-005,0
2024-02-04,S004,SIE-006,1
2024-02-04,S004,CEP-001,1
2024-02-04,S004,CEP-002,2
2024-02-04,S004,CEP-003,1
2024-02-04,S004,CEP-004,0
2024-02-04,S004,CEP-005,2
2024-02-05,S001,ESM-001,1
2024-02-05,S001,ESM-002,1
2024-02-05,S001,ESM-003,3
2024-02-05,S001,ESM-004,1
2024-02-05,S001,ESM-005,1
2024-02-05,S001,ESM-006,1
2024-02-05,S001,ESM-007,0
2024-02-05,S001,ESM-008,2
2024-02-05,S001,ESM-009,1
2024-02-05,S001,ESM-010,3
2024-02-05,S001,DES-001,3
2024-02-05,S001,DES-002,5
2024-02-05,S001,DES-003,3
2024-02-05,S001,DES-004,5
2024-02-05,S001,DES-005,8
2024-02-05,S001,DES-006,6
2024-02-05,S001,DES-007,5
2024-02-05,S001,DES-008,5
2024-02-05,S001,DES-009,7
2024-02-05,S001,DES-010,5
2024-02-05,S001,DES-011,6
2024-02-05,S001,DES-012,4
2024-02-05,S001,DES-013,4
2024-02-05,S001,DES-014,8
2024-02-05,S001,DES-015,5
2024-02-05,S001,TAL-001,1
2024-02-05,S001,TAL-002,1
2024-02-05,S001,TAL-003,1
2024-02-05,S001,TAL-004,0
2024-02-05,S001,TAL-005,2
2024-02-05,S001,TAL-006,1
2024-02-05,S001,TAL-007,1
2024-02-05,S001,TAL-008,1
2024-02-05,S001,SIE-001,1
2024-02-05,S001,SIE-002,1
2024-02-05,S001,SIE-003,2
2024-02-05,S001,SIE-004,1
2024-02-05,S001,SIE-005,0
2024-02-05,S001,SIE-006,1
2024-02-05,S001,CEP-001,1
2024-02-05,S001,CEP-002,2
2024-02-05,S001,CEP-003,1
2024-02-05,S001,CEP-004,1
2024-02-05,S001,CEP-005,1
2024-02-05,S002,ESM-001,3
2024-02-05,S002,ESM-002,1
2024-02-05,S002,ESM-003,1
2024-02-05,S002,ESM-004,2
2024-02-05,S002,ESM-005,1
2024-02-05,S002,ESM-006,1
2024-02-05,S002,ESM-007,0
2024-02-05,S002,ESM-008,2
2024-02-05,S002,ESM-009,2
2024-02-05,S002,ESM-010,1
2024-02-05,S002,DES-001,6
2024-02-05,S002,DES-002,5
2024-02-05,S002,DES-003,5
2024-02-05,S002,DES-004,6
2024-02-05,S002,DES-005,3
2024-02-05,S002,DES-006,4
2024-02-05,S002,DES-007,6
2024-02-05,S002,DES-008,4
2024-02-05,S002,DES-009,7
2024-02-05,S002,DES-010,5
2024-02-05,S002,DES-011,6
2024-02-05,S002,DES-012,5
2024-02-05,S002,DES-013,5
2024-02-05,S002,DES-014,0
2024-02-05,S002,DES-015,4
2024-02-05,S002,TAL-001,1
2024-02-05,S002,TAL-002,1
2024-02-05,S002,TAL-003,0
2024-02-05,S002,TAL-004,0
2024-02-05,S002,TAL-005,0
2024-02-05,S002,TAL-006,0
2024-02-05,S002,TAL-007,1
2024-02-05,S002,TAL-008,0
2024-02-05,S002,SIE-001,0
2024-02-05,S002,SIE-002,1
2024-02-05,S002,SIE-003,2
2024-02-05,S002,SIE-004,1
2024-02-05,S002,SIE-005,1
2024-02-05,S002,SIE-006,1
2024-02-05,S002,CEP-001,1
2024-02-05,S002,CEP-002,1
2024-02-05,S002,CEP-003,2
2024-02-05,S002,CEP-004,2
2024-02-05,S002,CEP-005,1
2024-02-05,S003,ESM-001,2
2024-02-05,S003,ESM-002,0
2024-02-05,S003,ESM-003,1
2024-02-05,S003,ESM-004,3
2024-02-05,S003,ESM-005,1
2024-02-05,S003,ESM-006,1
2024-02-05,S003,ESM-007,1
2024-02-05,S003,ESM-008,1
2024-02-05,S003,ESM-009,2
2024-02-05,S003,ESM-010,1
2024-02-05,S003,DES-001,4
2024-02-05,S003,DES-002,4
2024-02-05,S003,DES-003,5
2024-02-05,S003,DES-004,4
2024-02-05,S003,DES-005,4
2024-02-05,S003,DES-006,5
2024-02-05,S003,DES-007,4
2024-02-05,S003,DES-008,6
2024-02-05,S003,DES-009,4
2024-02-05,S003,DES-010,3
2024-02-05,S003,DES-011,6
2024-02-05,S003,DES-012,3
2024-02-05,S003,DES-013,4
2024-02-05,S003,DES-014,4
2024-02-05,S003,DES-015,2
2024-02-05,S003,TAL-001,1
2024-02-05,S003,TAL-002,1
2024-02-05,S003,TAL-003,1
2024-02-05,S003,TAL-004,1
2024-02-05,S003,TAL-005,1
2024-02-05,S003,TAL-006,1
2024-02-05,S003,TAL-007,1
2024-02-05,S003,TAL-008,0
2024-02-05,S003,SIE-001,1
2024-02-05,S003,SIE-002,1
2024-02-05,S003,SIE-003,0
2024-02-05,S003,SIE-004,0
2024-02-05,S003,SIE-005,0
2024-02-05,S003,SIE-006,0
2024-02-05,S003,CEP-001,1
2024-02-05,S003,CEP-002,1
2024-02-05,S003,CEP-003,1
2024-02-05,S003,CEP-004,1
2024-02-05,S003,CEP-005,1
2024-02-05,S004,ESM-001,1
2024-02-05,S004,ESM-002,0
2024-02-05,S004,ESM-003,1
2024-02-05,S004,ESM-004,2
2024-02-05,S004,ESM-005,0
2024-02-05,S004,ESM-006,0
2024-02-05,S004,ESM-007,1
2024-02-05,S004,ESM-008,1
2024-02-05,S004,ESM-009,1
2024-02-05,S004,ESM-010,2
2024-02-05,S004,DES-001,3
2024-02-05,S004,DES-002,3
2024-02-05,S004,DES-003,5
2024-02-05,S004,DES-004,4
2024-02-05,S004,DES-005,3
2024-02-05,S004,DES-006,4
2024-02-05,S004,DES-007,4
2024-02-05,S004,DES-008,5
2024-02-05,S004,DES-009,6
2024-02-05,S004,DES-010,4
2024-02-05,S004,DES-011,3
2024-02-05,S004,DES-012,2
2024-02-05,S004,DES-013,3
2024-02-05,S004,DES-014,5
2024-02-05,S004,DES-015,3
2024-02-05,S004,TAL-001,1
2024-02-05,S004,TAL-002,1
2024-02-05,S004,TAL-003,0
2024-02-05,S004,TAL-004,0
2024-02-05,S004,TAL-005,2
2024-02-05,S004,TAL-006,0
2024-02-05,S004,TAL-007,0
2024-02-05,S004,TAL-008,0
2024-02-05,S004,SIE-001,0
2024-02-05,S004,SIE-002,1
2024-02-05,S004,SIE-003,1
2024-02-05,S004,SIE-004,0
2024-02-05,S004,SIE-005,0
2024-02-05,S004,SIE-006,0
2024-02-05,S004,CEP-001,1
2024-02-05,S004,CEP-002,0
2024-02-05,S004,CEP-003,1
2024-02-05,S004,CEP-004,1
2024-02-05,S004,CEP-005,1
2024-02-06,S001,ESM-001,3
2024-02-06,S001,ESM-002,1
2024-02-06,S001,ESM-003,1
2024-02-06,S001,ESM-004,3
2024-02-06,S001,ESM-005,1
2024-02-06,S001,ESM-006,0
2024-02-06,S001,ESM-007,1
2024-02-06,S001,ESM-008,2
2024-02-06,S001,ESM-009,1
2024-02-06,S001,ESM-010,2
2024-02-06,S001,DES-001,5
2024-02-06,S001,DES-002,6
2024-02-06,S001,DES-003,4
2024-02-06,S001,DES-004,8
2024-02-06,S001,DES-005,6
2024-02-06,S001,DES-006,7
2024-02-06,S001,DES-007,8
2024-02-06,S001,DES-008,6
2024-02-06,S001,DES-009,8
2024-02-06,S001,DES-010,8
2024-02-06,S001,DES-011,7
2024-02-06,S001,DES-012,5
2024-02-06,S001,DES-013,6
2024-02-06,S001,DES-014,7
2024-02-06,S001,DES-015,7
2024-02-06,S001,TAL-001,1
2024-02-06,S001,TAL-002,2
2024-02-06,S001,TAL-003,1
2024-02-06,S001,TAL-004,0
2024-02-06,S001,TAL-005,1
2024-02-06,S001,TAL-006,0
2024-02-06,S001,TAL-007,1
2024-02-06,S001,TAL-008,1
2024-02-06,S001,SIE-001,0
2024-02-06,S001,SIE-002,1
2024-02-06,S001,SIE-003,1
2024-02-06,S001,SIE-004,1
2024-02-06,S001,SIE-005,1
2024-02-06,S001,SIE-006,0
2024-02-06,S001,CEP-001,2
2024-02-06,S001,CEP-002,0
2024-02-06,S001,CEP-003,2
2024-02-06,S001,CEP-004,1
2024-02-06,S001,CEP-005,1
2024-02-06,S002,ESM-001,3
2024-02-06,S002,ESM-002,1
2024-02-06,S002,ESM-003,0
2024-02-06,S002,ESM-004,2
2024-02-06,S002,ESM-005,2
2024-02-06,S002,ESM-006,3
2024-02-06,S002,ESM-007,2
2024-02-06,S002,ESM-008,1
2024-02-06,S002,ESM-009,1
2024-02-06,S002,ESM-010,1
2024-02-06,S002,DES-001,5
2024-02-06,S002,DES-002,5
2024-02-06,S002,DES-003,6
2024-02-06,S002,DES-004,5
2024-02-06,S002,DES-005,6
2024-02-06,S002,DES-006,5
2024-02-06,S002,DES-007,8
2024-02-06,S002,DES-008,5
2024-02-06,S002,DES-009,4
2024-02-06,S002,DES-010,3
2024-02-06,S002,DES-011,4
2024-02-06,S002,DES-012,8
2024-02-06,S002,DES-013,6
2024-02-06,S002,DES-014,7
2024-02-06,S002,DES-015,4
2024-02-06,S002,TAL-001,0
2024-02-06,S002,TAL-002,1
2024-02-06,S002,TAL-003,1
2024-02-06,S002,TAL-004,1
2024-02-06,S002,TAL-005,0
2024-02-06,S002,TAL-006,0
2024-02-06,S002,TAL-007,1
2024-02-06,S002,TAL-008,1
2024-02-06,S002,SIE-001,1
2024-02-06,S002,SIE-002,2
2024-02-06,S002,SIE-003,0
2024-02-06,S002,SIE-004,1
2024-02-06,S002,SIE-005,1
2024-02-06,S002,SIE-006,1
2024-02-06,S002,CEP-001,1
2024-02-06,S002,CEP-002,1
2024-02-06,S002,CEP-003,3
2024-02-06,S002,CEP-004,2
2024-02-06,S002,CEP-005,2
2024-02-06,S003,ESM-001,2
2024-02-06,S003,ESM-002,1
2024-02-06,S003,ESM-003,1
2024-02-06,S003,ESM-004,0
2024-02-06,S003,ESM-005,1
2024-02-06,S003,ESM-006,1
2024-02-06,S003,ESM-007,1
2024-02-06,S003,ESM-008,1
2024-02-06,S003,ESM-009,1
2024-02-06,S003,ESM-010,1
2024-02-06,S003,DES-001,6
2024-02-06,S003,DES-002,6
2024-02-06,S003,DES-003,5
2024-02-06,S003,DES-004,5
2024-02-06,S003,DES-005,2
2024-02-06,S003,DES-006,4
2024-02-06,S003,DES-007,2
2024-02-06,S003,DES-008,4
2024-02-06,S003,DES-009,6
2024-02-06,S003,DES-010,3
2024-02-06,S003,DES-011,4
2024-02-06,S003,DES-012,5
2024-02-06,S003,DES-013,4
2024-02-06,S003,DES-014,2
2024-02-06,S003,DES-015,5
2024-02-06,S003,TAL-001,0
2024-02-06,S003,TAL-002,1
2024-02-06,S003,TAL-003,1
2024-02-06,S003,TAL-004,2
2024-02-06,S003,TAL-005,0
2024-02-06,S003,TAL-006,0
2024-02-06,S003,TAL-007,1
2024-02-06,S003,TAL-008,1
2024-02-06,S003,SIE-001,1
2024-02-06,S003,SIE-002,1
2024-02-06,S003,SIE-003,0
2024-02-06,S003,SIE-004,1
2024-02-06,S003,SIE-005,0
2024-02-06,S003,SIE-006,0
2024-02-06,S003,CEP-001,0
2024-02-06,S003,CEP-002,1
2024-02-06,S003,CEP-003,1
2024-02-06,S003,CEP-004,1
2024-02-06,S003,CEP-005,0
2024-02-06,S004,ESM-001,2
2024-02-06,S004,ESM-002,1
2024-02-06,S004,ESM-003,1
2024-02-06,S004,ESM-004,1
2024-02-06,S004,ESM-005,0
2024-02-06,S004,ESM-006,2
2024-02-06,S004,ESM-007,0
2024-02-06,S004,ESM-008,0
2024-02-06,S004,ESM-009,0
2024-02-06,S004,ESM-010,0
2024-02-06,S004,DES-001,5
2024-02-06,S004,DES-002,4
2024-02-06,S004,DES-003,4
2024-02-06,S004,DES-004,3
2024-02-06,S004,DES-005,4
2024-02-06,S004,DES-006,2
2024-02-06,S004,DES-007,3
2024-02-06,S004,DES-008,3
2024-02-06,S004,DES-009,4
2024-02-06,S004,DES-010,3
2024-02-06,S004,DES-011,4
2024-02-06,S004,DES-012,4
2024-02-06,S004,DES-013,0
2024-02-06,S004,DES-014,3
2024-02-06,S004,DES-015,5
2024-02-06,S004,TAL-001,0
2024-02-06,S004,TAL-002,0
2024-02-06,S004,TAL-003,1
2024-02-06,S004,TAL-004,0
2024-02-06,S004,TAL-005,1
2024-02-06,S004,TAL-006,1
2024-02-06,S004,TAL-007,1
2024-02-06,S004,TAL-008,1
2024-02-06,S004,SIE-001,1
2024-02-06,S004,SIE-002,1
2024-02-06,S004,SIE-003,1
2024-02-06,S004,SIE-004,0
2024-02-06,S004,SIE-005,1
2024-02-06,S004,SIE-006,1
2024-02-06,S004,CEP-001,1
2024-02-06,S004,CEP-002,1
2024-02-06,S004,CEP-003,1
2024-02-06,S004,CEP-004,1
2024-02-06,S004,CEP-005,1
2024-02-07,S001,ESM-001,0
2024-02-07,S001,ESM-002,2
2024-02-07,S001,ESM-003,2
2024-02-07,S001,ESM-004,0
2024-02-07,S001,ESM-005,2
2024-02-07,S001,ESM-006,1
2024-02-07,S001,ESM-007,3
2024-02-07,S001,ESM-008,2
2024-02-07,S001,ESM-009,2
2024-02-07,S001,ESM-010,0
2024-02-07,S001,DES-001,7
2024-02-07,S001,DES-002,7
2024-02-07,S001,DES-003,6
2024-02-07,S001,DES-004,4
2024-02-07,S001,DES-005,4
2024-02-07,S001,DES-006,9
2024-02-07,S001,DES-007,9
2024-02-07,S001,DES-008,5
2024-02-07,S001,DES-009,5
2024-02-07,S001,DES-010,6
2024-02-07,S001,DES-011,6
2024-02-07,S001,DES-012,4
2024-02-07,S001,DES-013,7
2024-02-07,S001,DES-014,7
2024-02-07,S001,DES-015,1
2024-02-07,S001,TAL-001,2
2024-02-07,S001,TAL-002,1
2024-02-07,S001,TAL-003,2
2024-02-07,S001,TAL-004,1
2024-02-07,S001,TAL-005,0
2024-02-07,S001,TAL-006,1
2024-02-07,S001,TAL-007,1
2024-02-07,S001,TAL-008,1
2024-02-07,S001,SIE-001,1
2024-02-07,S001,SIE-002,1
2024-02-07,S001,SIE-003,0
2024-02-07,S001,SIE-004,0
2024-02-07,S001,SIE-005,0
2024-02-07,S001,SIE-006,2
2024-02-07,S001,CEP-001,2
2024-02-07,S001,CEP-002,1
2024-02-07,S001,CEP-003,1
2024-02-07,S001,CEP-004,1
2024-02-07,S001,CEP-005,1
2024-02-07,S002,ESM-001,1
2024-02-07,S002,ESM-002,2
2024-02-07,S002,ESM-003,2
2024-02-07,S002,ESM-004,3
2024-02-07,S002,ESM-005,1
2024-02-07,S002,ESM-006,1
2024-02-07,S002,ESM-007,1
2024-02-07,S002,ESM-008,3
2024-02-07,S002,ESM-009,1
2024-02-07,S002,ESM-010,2
2024-02-07,S002,DES-001,7
2024-02-07,S002,DES-002,4
2024-02-07,S002,DES-003,6
2024-02-07,S002,DES-004,6
2024-02-07,S002,DES-005,6
2024-02-07,S002,DES-006,4
2024-02-07,S002,DES-007,6
2024-02-07,S002,DES-008,7
2024-02-07,S002,DES-009,6
2024-02-07,S002,DES-010,6
2024-02-07,S002,DES-011,4
2024-02-07,S002,DES-012,6
2024-02-07,S002,DES-013,4
2024-02-07,S002,DES-014,5
2024-02-07,S002,DES-015,5
2024-02-07,S002,TAL-001,2
2024-02-07,S002,TAL-002,0
2024-02-07,S002,TAL-003,1
2024-02-07,S002,TAL-004,1
2024-02-07,S002,TAL-005,1
2024-02-07,S002,TAL-006,1
2024-02-07,S002,TAL-007,2
2024-02-07,S002,TAL-008,2
2024-02-07,S002,SIE-001,0
2024-02-07,S002,SIE-002,1
2024-02-07,S002,SIE-003,0
2024-02-07,S002,SIE-004,1
2024-02-07,S002,SIE-005,1
2024-02-07,S002,SIE-006,0
2024-02-07,S002,CEP-001,1
2024-02-07,S002,CEP-002,0
2024-02-07,S002,CEP-003,1
2024-02-07,S002,CEP-004,2
2024-02-07,S002,CEP-005,1
2024-02-07,S003,ESM-001,2
2024-02-07,S003,ESM-002,1
2024-02-07,S003,ESM-003,0
2024-02-07,S003,ESM-004,1
2024-02-07,S003,ESM-005,1
2024-02-07,S003,ESM-006,1
2024-02-07,S003,ESM-007,0
2024-02-07,S003,ESM-008,2
2024-02-07,S003,ESM-009,0
2024-02-07,S003,ESM-010,0
2024-02-07,S003,DES-001,3
2024-02-07,S003,DES-002,4
2024-02-07,S003,DES-003,5
2024-02-07,S003,DES-004,4
2024-02-07,S003,DES-005,3
2024-02-07,S003,DES-006,3
2024-02-07,S003,DES-007,4
2024-02-07,S003,DES-008,2
2024-02-07,S003,DES-009,3
2024-02-07,S003,DES-010,5
2024-02-07,S003,DES-011,4
2024-02-07,S003,DES-012,5
2024-02-07,S003,DES-013,3
2024-02-07,S003,DES-014,6
2024-02-07,S003,DES-015,5
2024-02-07,S003,TAL-001,1
2024-02-07,S003,TAL-002,1
2024-02-07,S003,TAL-003,1
2024-02-07,S003,TAL-004,0
2024-02-07,S003,TAL-005,1
2024-02-07,S003,TAL-006,0
2024-02-07,S003,TAL-007,0
2024-02-07,S003,TAL-008,1
2024-02-07,S003,SIE-001,1
2024-02-07,S003,SIE-002,0
2024-02-07,S003,SIE-003,1
2024-02-07,S003,SIE-004,1
2024-02-07,S003,SIE-005,0
2024-02-07,S003,SIE-006,0
2024-02-07,S003,CEP-001,1
2024-02-07,S003,CEP-002,1
2024-02-07,S003,CEP-003,1
2024-02-07,S003,CEP-004,1
2024-02-07,S003,CEP-005,1
2024-02-07,S004,ESM-001,2
2024-02-07,S004,ESM-002,1
2024-02-07,S004,ESM-003,1
2024-02-07,S004,ESM-004,1
2024-02-07,S004,ESM-005,1
2024-02-07,S004,ESM-006,1
2024-02-07,S004,ESM-007,1
2024-02-07,S004,ESM-008,1
2024-02-07,S004,ESM-009,1
2024-02-07,S004,ESM-010,0
2024-02-07,S004,DES-001,3
2024-02-07,S004,DES-002,3
2024-02-07,S004,DES-003,3
2024-02-07,S004,DES-004,3
2024-02-07,S004,DES-005,7
2024-02-07,S004,DES-006,4
2024-02-07,S004,DES-007,3
2024-02-07,S004,DES-008,5
2024-02-07,S004,DES-009,5
2024-02-07,S004,DES-010,4
2024-02-07,S004,DES-011,4
2024-02-07,S004,DES-012,5
2024-02-07,S004,DES-013,6
2024-02-07,S004,DES-014,3
2024-02-07,S004,DES-015,4
2024-02-07,S004,TAL-001,1
2024-02-07,S004,TAL-002,1
2024-02-07,S004,TAL-003,1
2024-02-07,S004,TAL-004,1
2024-02-07,S004,TAL-005,0
2024-02-07,S004,TAL-006,1
2024-02-07,S004,TAL-007,1
2024-02-07,S004,TAL-008,1
2024-02-07,S004,SIE-001,0
2024-02-07,S004,SIE-002,0
2024-02-07,S004,SIE-003,1
2024-02-07,S004,SIE-004,0
2024-02-07,S004,SIE-005,1
2024-02-07,S004,SIE-006,0
2024-02-07,S004,CEP-001,1
2024-02-07,S004,CEP-002,1
2024-02-07,S004,CEP-003,1
2024-02-07,S004,CEP-004,1
2024-02-07,S004,CEP-005,1
2024-02-08,S001,ESM-001,0
2024-02-08,S001,ESM-002,1
2024-02-08,S001,ESM-003,2
2024-02-08,S001,ESM-004,0
2024-02-08,S001,ESM-005,2
2024-02-08,S001,ESM-006,2
2024-02-08,S001,ESM-007,1
2024-02-08,S001,ESM-008,2
2024-02-08,S001,ESM-009,2
2024-02-08,S001,ESM-010,1
2024-02-08,S001,DES-001,5
2024-02-08,S001,DES-002,5
2024-02-08,S001,DES-003,6
2024-02-08,S001,DES-004,5
2024-02-08,S001,DES-005,6
2024-02-08,S001,DES-006,7
2024-02-08,S001,DES-007,4
2024-02-08,S001,DES-008,4
2024-02-08,S001,DES-009,6
2024-02-08,S001,DES-010,7
2024-02-08,S001,DES-011,2
2024-02-08,S001,DES-012,5
2024-02-08,S001,DES-013,6
2024-02-08,S001,DES-014,6
2024-02-08,S001,DES-015,8
2024-02-08,S001,TAL-001,1
2024-02-08,S001,TAL-002,1
2024-02-08,S001,TAL-003,0
2024-02-08,S001,TAL-004,0
2024-02-08,S001,TAL-005,0
2024-02-08,S001,TAL-006,1
2024-02-08,S001,TAL-007,1
2024-02-08,S001,TAL-008,1
2024-02-08,S001,SIE-001,1
2024-02-08,S001,SIE-002,1
2024-02-08,S001,SIE-003,0
2024-02-08,S001,SIE-004,0
2024-02-08,S001,SIE-005,1
2024-02-08,S001,SIE-006,1
2024-02-08,S001,CEP-001,1
2024-02-08,S001,CEP-002,0
2024-02-08,S001,CEP-003,1
2024-02-08,S001,CEP-004,1
2024-02-08,S001,CEP-005,3
2024-02-08,S002,ESM-001,1
2024-02-08,S002,ESM-002,3
2024-02-08,S002,ESM-003,1
2024-02-08,S002,ESM-004,2
2024-02-08,S002,ESM-005,1
2024-02-08,S002,ESM-006,1
2024-02-08,S002,ESM-007,1
2024-02-08,S002,ESM-008,2
2024-02-08,S002,ESM-009,2
2024-02-08,S002,ESM-010,2
2024-02-08,S002,DES-001,5
2024-02-08,S002,DES-002,7
2024-02-08,S002,DES-003,4
2024-02-08,S002,DES-004,6
2024-02-08,S002,DES-005,5
2024-02-08,S002,DES-006,6
2024-02-08,S002,DES-007,6
2024-02-08,S002,DES-008,5
2024-02-08,S002,DES-009,3
2024-02-08,S002,DES-010,6
2024-02-08,S002,DES-011,4
2024-02-08,S002,DES-012,6
2024-02-08,S002,DES-013,6
2024-02-08,S002,DES-014,6
2024-02-08,S002,DES-015,5
2024-02-08,S002,TAL-001,1
2024-02-08,S002,TAL-002,1
2024-02-08,S002,TAL-003,1
2024-02-08,S002,TAL-004,2
2024-02-08,S002,TAL-005,1
2024-02-08,S002,TAL-006,0
2024-02-08,S002,TAL-007,0
2024-02-08,S002,TAL-008,0
2024-02-08,S002,SIE-001,1
2024-02-08,S002,SIE-002,0
2024-02-08,S002,SIE-003,1
2024-02-08,S002,SIE-004,1
2024-02-08,S002,SIE-005,1
2024-02-08,S002,SIE-006,2
2024-02-08,S002,CEP-001,2
2024-02-08,S002,CEP-002,1
2024-02-08,S002,CEP-003,1
2024-02-08,S002,CEP-004,1
2024-02-08,S002,CEP-005,2
2024-02-08,S003,ESM-001,1
2024-02-08,S003,ESM-002,1
2024-02-08,S003,ESM-003,1
2024-02-08,S003,ESM-004,1
2024-02-08,S003,ESM-005,1
2024-02-08,S003,ESM-006,1
2024-02-08,S003,ESM-007,1
2024-02-08,S003,ESM-008,2
2024-02-08,S003,ESM-009,2
2024-02-08,S003,ESM-010,2
2024-02-08,S003,DES-001,2
2024-02-08,S003,DES-002,3
2024-02-08,S003,DES-003,4
2024-02-08,S003,DES-004,5
2024-02-08,S003,DES-005,3
2024-02-08,S003,DES-006,3
2024-02-08,S003,DES-007,3
2024-02-08,S003,DES-008,3
2024-02-08,S003,DES-009,4
2024-02-08,S003,DES-010,5
2024-02-08,S003,DES-011,3
2024-02-08,S003,DES-012,4
2024-02-08,S003,DES-013,3
2024-02-08,S003,DES-014,4
2024-02-08,S003,DES-015,5
2024-02-08,S003,TAL-001,0
2024-02-08,S003,TAL-002,1
2024-02-08,S003,TAL-003,1
2024-02-08,S003,TAL-004,0
2024-02-08,S003,TAL-005,0
2024-02-08,S003,TAL-006,0
2024-02-08,S003,TAL-007,1
2024-02-08,S003,TAL-008,1
2024-02-08,S003,SIE-001,0
2024-02-08,S003,SIE-002,0
2024-02-08,S003,SIE-003,0
2024-02-08,S003,SIE-004,1
2024-02-08,S003,SIE-005,0
2024-02-08,S003,SIE-006,0
2024-02-08,S003,CEP-001,2
2024-02-08,S003,CEP-002,1
2024-02-08,S003,CEP-003,1
2024-02-08,S003,CEP-004,2
2024-02-08,S003,CEP-005,1
2024-02-08,S004,ESM-001,2
2024-02-08,S004,ESM-002,2
2024-02-08,S004,ESM-003,1
2024-02-08,S004,ESM-004,1
2024-02-08,S004,ESM-005,2
2024-02-08,S004,ESM-006,0
2024-02-08,S004,ESM-007,2
2024-02-08,S004,ESM-008,2
2024-02-08,S004,ESM-009,1
2024-02-08,S004,ESM-010,1
2024-02-08,S004,DES-001,4
2024-02-08,S004,DES-002,3
2024-02-08,S004,DES-003,7
2024-02-08,S004,DES-004,3
2024-02-08,S004,DES-005,3
2024-02-08,S004,DES-006,2
2024-02-08,S004,DES-007,5
2024-02-08,S004,DES-008,4
2024-02-08,S004,DES-009,3
2024-02-08,S004,DES-010,3
2024-02-08,S004,DES-011,3
2024-02-08,S004,DES-012,4
2024-02-08,S004,DES-013,2
2024-02-08,S004,DES-014,4
2024-02-08,S004,DES-015,3
2024-02-08,S004,TAL-001,1
2024-02-08,S004,TAL-002,0
2024-02-08,S004,TAL-003,1
2024-02-08,S004,TAL-004,1
2024-02-08,S004,TAL-005,1
2024-02-08,S004,TAL-006,0
2024-02-08,S004,TAL-007,0
2024-02-08,S004,TAL-008,1
2024-02-08,S004,SIE-001,1
2024-02-08,S004,SIE-002,1
2024-02-08,S004,SIE-003,1
2024-02-08,S004,SIE-004,0
2024-02-08,S004,SIE-005,1
2024-02-08,S004,SIE-006,0
2024-02-08,S004,CEP-001,0
2024-02-08,S004,CEP-002,1
2024-02-08,S004,CEP-003,0
2024-02-08,S004,CEP-004,1
2024-02-08,S004,CEP-005,0
2024-02-09,S001,ESM-001,3
2024-02-09,S001,ESM-002,1
2024-02-09,S001,ESM-003,0
2024-02-09,S001,ESM-004,1
2024-02-09,S001,ESM-005,3
2024-02-09,S001,ESM-006,1
2024-02-09,S001,ESM-007,0
2024-02-09,S001,ESM-008,3
2024-02-09,S001,ESM-009,2
2024-02-09,S001,ESM-010,1
2024-02-09,S001,DES-001,5
2024-02-09,S001,DES-002,5
2024-02-09,S001,DES-003,6
2024-02-09,S001,DES-004,4
2024-02-09,S001,DES-005,7
2024-02-09,S001,DES-006,5
2024-02-09,S001,DES-007,6
2024-02-09,S001,DES-008,5
2024-02-09,S001,DES-009,5
2024-02-09,S001,DES-010,5
2024-02-09,S001,DES-011,6
2024-02-09,S001,DES-012,5
2024-02-09,S001,DES-013,5
2024-02-09,S001,DES-014,5
2024-02-09,S001,DES-015,4
2024-02-09,S001,TAL-001,2
2024-02-09,S001,TAL-002,1
2024-02-09,S001,TAL-003,0
2024-02-09,S001,TAL-004,0
2024-02-09,S001,TAL-005,2
2024-02-09,S001,TAL-006,1
2024-02-09,S001,TAL-007,2
2024-02-09,S001,TAL-008,0
2024-02-09,S001,SIE-001,1
2024-02-09,S001,SIE-002,1
2024-02-09,S001,SIE-003,0
2024-02-09,S001,SIE-004,1
2024-02-09,S001,SIE-005,1
2024-02-09,S001,SIE-006,1
2024-02-09,S001,CEP-001,1
2024-02-09,S001,CEP-002,1
2024-02-09,S001,CEP-003,1
2024-02-09,S001,CEP-004,1
2024-02-09,S001,CEP-005,1
2024-02-09,S002,ESM-001,2
2024-02-09,S002,ESM-002,2
2024-02-09,S002,ESM-003,0
2024-02-09,S002,ESM-004,1
2024-02-09,S002,ESM-005,1
2024-02-09,S002,ESM-006,1
2024-02-09,S002,ESM-007,2
2024-02-09,S002,ESM-008,0
2024-02-09,S002,ESM-009,3
2024-02-09,S002,ESM-010,0
2024-02-09,S002,DES-001,6
2024-02-09,S002,DES-002,6
2024-02-09,S002,DES-003,4
2024-02-09,S002,DES-004,5
2024-02-09,S002,DES-005,5
2024-02-09,S002,DES-006,6
2024-02-09,S002,DES-007,6
2024-02-09,S002,DES-008,8
2024-02-09,S002,DES-009,3
2024-02-09,S002,DES-010,5
2024-02-09,S002,DES-011,3
2024-02-09,S002,DES-012,7
2024-02-09,S002,DES-013,5
2024-02-09,S002,DES-014,6
2024-02-09,S002,DES-015,3
2024-02-09,S002,TAL-001,1
2024-02-09,S002,TAL-002,2
2024-02-09,S002,TAL-003,1
2024-02-09,S002,TAL-004,1
2024-02-09,S002,TAL-005,1
2024-02-09,S002,TAL-006,1
2024-02-09,S002,TAL-007,1
2024-02-09,S002,TAL-008,0
2024-02-09,S002,SIE-001,2
2024-02-09,S002,SIE-002,1
2024-02-09,S002,SIE-003,1
2024-02-09,S002,SIE-004,1
2024-02-09,S002,SIE-005,0
2024-02-09,S002,SIE-006,0
2024-02-09,S002,CEP-001,1
2024-02-09,S002,CEP-002,1
2024-02-09,S002,CEP-003,1
2024-02-09,S002,CEP-004,1
2024-02-09,S002,CEP-005,1
2024-02-09,S003,ESM-001,1
2024-02-09,S003,ESM-002,1
2024-02-09,S003,ESM-003,1
2024-02-09,S003,ESM-004,0
2024-02-09,S003,ESM-005,1
2024-02-09,S003,ESM-006,1
2024-02-09,S003,ESM-007,1
2024-02-09,S003,ESM-008,1
2024-02-09,S003,ESM-009,1
2024-02-09,S003,ESM-010,2
2024-02-09,S003,DES-001,4
2024-02-09,S003,DES-002,4
2024-02-09,S003,DES-003,4
2024-02-09,S003,DES-004,2
2024-02-09,S003,DES-005,2
2024-02-09,S003,DES-006,4
2024-02-09,S003,DES-007,4
2024-02-09,S003,DES-008,3
2024-02-09,S003,DES-009,6
2024-02-09,S003,DES-010,6
2024-02-09,S003,DES-011,6
2024-02-09,S003,DES-012,3
2024-02-09,S003,DES-013,4
2024-02-09,S003,DES-014,3
2024-02-09,S003,DES-015,3
2024-02-09,S003,TAL-001,1
2024-02-09,S003,TAL-002,1
2024-02-09,S003,TAL-003,0
2024-02-09,S003,TAL-004,1
2024-02-09,S003,TAL-005,1
2024-02-09,S003,TAL-006,0
2024-02-09,S003,TAL-007,1
2024-02-09,S003,TAL-008,1
2024-02-09,S003,SIE-001,0
2024-02-09,S003,SIE-002,1
2024-02-09,S003,SIE-003,1
2024-02-09,S003,SIE-004,1
2024-02-09,S003,SIE-005,0
2024-02-09,S003,SIE-006,1
2024-02-09,S003,CEP-001,1
2024-02-09,S003,CEP-002,1
2024-02-09,S003,CEP-003,0
2024-02-09,S003,CEP-004,1
2024-02-09,S003,CEP-005,1
2024-02-09,S004,ESM-001,1
2024-02-09,S004,ESM-002,2
2024-02-09,S004,ESM-003,1
2024-02-09,S004,ESM-004,1
2024-02-09,S004,ESM-005,1
2024-02-09,S004,ESM-006,1
2024-02-09,S004,ESM-007,2
2024-02-09,S004,ESM-008,0
2024-02-09,S004,ESM-009,2
2024-02-09,S004,ESM-010,0
2024-02-09,S004,DES-001,5
2024-02-09,S004,DES-002,5
2024-02-09,S004,DES-003,4
2024-02-09,S004,DES-004,3
2024-02-09,S004,DES-005,4
2024-02-09,S004,DES-006,3
2024-02-09,S004,DES-007,3
2024-02-09,S004,DES-008,4
2024-02-09,S004,DES-009,5
2024-02-09,S004,DES-010,2
2024-02-09,S004,DES-011,4
2024-02-09,S004,DES-012,4
2024-02-09,S004,DES-013,4
2024-02-09,S004,DES-014,2
2024-02-09,S004,DES-015,4
2024-02-09,S004,TAL-001,1
2024-02-09,S004,TAL-002,1
2024-02-09,S004,TAL-003,1
2024-02-09,S004,TAL-004,0
2024-02-09,S004,TAL-005,1
2024-02-09,S004,TAL-006,1
2024-02-09,S004,TAL-007,0
2024-02-09,S004,TAL-008,1
2024-02-09,S004,SIE-001,0
2024-02-09,S004,SIE-002,0
2024-02-09,S004,SIE-003,1
2024-02-09,S004,SIE-004,0
2024-02-09,S004,SIE-005,0
2024-02-09,S004,SIE-006,1
2024-02-09,S004,CEP-001,0
2024-02-09,S004,CEP-002,0
2024-02-09,S004,CEP-003,0
2024-02-09,S004,CEP-004,0
2024-02-09,S004,CEP-005,0
2024-02-10,S001,ESM-001,0
2024-02-10,S001,ESM-002,2
2024-02-10,S001,ESM-003,2
2024-02-10,S001,ESM-004,2
2024-02-10,S001,ESM-005,0
2024-02-10,S001,ESM-006,2
2024-02-10,S001,ESM-007,1
2024-02-10,S001,ESM-008,1
2024-02-10,S001,ESM-009,1
2024-02-10,S001,ESM-010,3
2024-02-10,S001,DES-001,5
2024-02-10,S001,DES-002,5
2024-02-10,S001,DES-003,8
2024-02-10,S001,DES-004,5
2024-02-10,S001,DES-005,6
2024-02-10,S001,DES-006,4
2024-02-10,S001,DES-007,3
2024-02-10,S001,DES-008,6
2024-02-10,S001,DES-009,5
2024-02-10,S001,DES-010,6
2024-02-10,S001,DES-011,5
2024-02-10,S001,DES-012,7
2024-02-10,S001,DES-013,2
2024-02-10,S001,DES-014,3
2024-02-10,S001,DES-015,2
2024-02-10,S001,TAL-001,1
2024-02-10,S001,TAL-002,0
2024-02-10,S001,TAL-003,1
2024-02-10,S001,TAL-004,1
2024-02-10,S001,TAL-005,1
2024-02-10,S001,TAL-006,1
2024-02-10,S001,TAL-007,1
2024-02-10,S001,TAL-008,0
2024-02-10,S001,SIE-001,0
2024-02-10,S001,SIE-002,1
2024-02-10,S001,SIE-003,1
2024-02-10,S001,SIE-004,1
2024-02-10,S001,SIE-005,1
2024-02-10,S001,SIE-006,1
2024-02-10,S001,CEP-001,1
2024-02-10,S001,CEP-002,1
2024-02-10,S001,CEP-003,1
2024-02-10,S001,CEP-004,1
2024-02-10,S001,CEP-005,2
2024-02-10,S002,ESM-001,2
2024-02-10,S002,ESM-002,1
2024-02-10,S002,ESM-003,3
2024-02-10,S002,ESM-004,2
2024-02-10,S002,ESM-005,2
2024-02-10,S002,ESM-006,1
2024-02-10,S002,ESM-007,3
2024-02-10,S002,ESM-008,0
2024-02-10,S002,ESM-009,1
2024-02-10,S002,ESM-010,0
2024-02-10,S002,DES-001,6
2024-02-10,S002,DES-002,5
2024-02-10,S002,DES-003,5
2024-02-10,S002,DES-004,4
2024-02-10,S002,DES-005,7
2024-02-10,S002,DES-006,6
2024-02-10,S002,DES-007,5
2024-02-10,S002,DES-008,4
2024-02-10,S002,DES-009,5
2024-02-10,S002,DES-010,5
2024-02-10,S002,DES-011,7
2024-02-10,S002,DES-012,8
2024-02-10,S002,DES-013,6
2024-02-10,S002,DES-014,6
2024-02-10,S002,DES-015,5
2024-02-10,S002,TAL-001,0
2024-02-10,S002,TAL-002,0
2024-02-10,S002,TAL-003,1
2024-02-10,S002,TAL-004,0
2024-02-10,S002,TAL-005,0
2024-02-10,S002,TAL-006,1
2024-02-10,S002,TAL-007,1
2024-02-10,S002,TAL-008,0
2024-02-10,S002,SIE-001,1
2024-02-10,S002,SIE-002,1
2024-02-10,S002,SIE-003,1
2024-02-10,S002,SIE-004,0
2024-02-10,S002,SIE-005,1
2024-02-10,S002,SIE-006,2
2024-02-10,S002,CEP-001,1
2024-02-10,S002,CEP-002,2
2024-02-10,S002,CEP-003,1
2024-02-10,S002,CEP-004,2
2024-02-10,S002,CEP-005,2
2024-02-10,S003,ESM-001,1
2024-02-10,S003,ESM-002,0
2024-02-10,S003,ESM-003,2
2024-02-10,S003,ESM-004,1
2024-02-10,S003,ESM-005,2
2024-02-10,S003,ESM-006,2
2024-02-10,S003,ESM-007,1
2024-02-10,S003,ESM-008,1
2024-02-10,S003,ESM-009,1
2024-02-10,S003,ESM-010,1
2024-02-10,S003,DES-001,4
2024-02-10,S003,DES-002,5
2024-02-10,S003,DES-003,4
2024-02-10,S003,DES-004,3
2024-02-10,S003,DES-005,4
2024-02-10,S003,DES-006,4
2024-02-10,S003,DES-007,6
2024-02-10,S003,DES-008,4
2024-02-10,S003,DES-009,5
2024-02-10,S003,DES-010,4
2024-02-10,S003,DES-011,4
2024-02-10,S003,DES-012,6
2024-02-10,S003,DES-013,3
2024-02-10,S003,DES-014,4
2024-02-10,S003,DES-015,4
2024-02-10,S003,TAL-001,0
2024-02-10,S003,TAL-002,1
2024-02-10,S003,TAL-003,1
2024-02-10,S003,TAL-004,1
2024-02-10,S003,TAL-005,0
2024-02-10,S003,TAL-006,1
2024-02-10,S003,TAL-007,0
2024-02-10,S003,TAL-008,1
2024-02-10,S003,SIE-001,1
2024-02-10,S003,SIE-002,1
2024-02-10,S003,SIE-003,1
2024-02-10,S003,SIE-004,0
2024-02-10,S003,SIE-005,1
2024-02-10,S003,SIE-006,1
2024-02-10,S003,CEP-001,2
2024-02-10,S003,CEP-002,0
2024-02-10,S003,CEP-003,1
2024-02-10,S003,CEP-004,0
2024-02-10,S003,CEP-005,1
2024-02-10,S004,ESM-001,2
2024-02-10,S004,ESM-002,1
2024-02-10,S004,ESM-003,1
2024-02-10,S004,ESM-004,2
2024-02-10,S004,ESM-005,1
2024-02-10,S004,ESM-006,0
2024-02-10,S004,ESM-007,1
2024-02-10,S004,ESM-008,1
2024-02-10,S004,ESM-009,2
2024-02-10,S004,ESM-010,1
2024-02-10,S004,DES-001,4
2024-02-10,S004,DES-002,3
2024-02-10,S004,DES-003,3
2024-02-10,S004,DES-004,5
2024-02-10,S004,DES-005,5
2024-02-10,S004,DES-006,4
2024-02-10,S004,DES-007,3
2024-02-10,S004,DES-008,4
2024-02-10,S004,DES-009,2
2024-02-10,S004,DES-010,2
2024-02-10,S004,DES-011,4
2024-02-10,S004,DES-012,3
2024-02-10,S004,DES-013,2
2024-02-10,S004,DES-014,4
2024-02-10,S004,DES-015,2
2024-02-10,S004,TAL-001,1
2024-02-10,S004,TAL-002,1
2024-02-10,S004,TAL-003,1
2024-02-10,S004,TAL-004,0
2024-02-10,S004,TAL-005,0
2024-02-10,S004,TAL-006,0
2024-02-10,S004,TAL-007,1
2024-02-10,S004,TAL-008,0
2024-02-10,S004,SIE-001,0
2024-02-10,S004,SIE-002,0
2024-02-10,S004,SIE-003,0
2024-02-10,S004,SIE-004,1
2024-02-10,S004,SIE-005,0
2024-02-10,S004,SIE-006,1
2024-02-10,S004,CEP-001,1
2024-02-10,S004,CEP-002,1
2024-02-10,S004,CEP-003,1
2024-02-10,S004,CEP-004,1
2024-02-10,S004,CEP-005,1
2024-02-11,S001,ESM-001,1
2024-02-11,S001,ESM-002,1
2024-02-11,S001,ESM-003,1
2024-02-11,S001,ESM-004,1
2024-02-11,S001,ESM-005,1
2024-02-11,S001,ESM-006,1
2024-02-11,S001,ESM-007,2
2024-02-11,S001,ESM-008,1
2024-02-11,S001,ESM-009,0
2024-02-11,S001,ESM-010,2
2024-02-11,S001,DES-001,6
2024-02-11,S001,DES-002,8
2024-02-11,S001,DES-003,9
2024-02-11,S001,DES-004,4
2024-02-11,S001,DES-005,10
2024-02-11,S001,DES-006,3
2024-02-11,S001,DES-007,5
2024-02-11,S001,DES-008,6
2024-02-11,S001,DES-009,5
2024-02-11,S001,DES-010,5
2024-02-11,S001,DES-011,8
2024-02-11,S001,DES-012,5
2024-02-11,S001,DES-013,3
2024-02-11,S001,DES-014,7
2024-02-11,S001,DES-015,7
2024-02-11,S001,TAL-001,0
2024-02-11,S001,TAL-002,2
2024-02-11,S001,TAL-003,1
2024-02-11,S001,TAL-004,0
2024-02-11,S001,TAL-005,1
2024-02-11,S001,TAL-006,1
2024-02-11,S001,TAL-007,3
2024-02-11,S001,TAL-008,1
2024-02-11,S001,SIE-001,2
2024-02-11,S001,SIE-002,2
2024-02-11,S001,SIE-003,0
2024-02-11,S001,SIE-004,1
2024-02-11,S001,SIE-005,1
2024-02-11,S001,SIE-006,1
2024-02-11,S001,CEP-001,1
2024-02-11,S001,CEP-002,2
2024-02-11,S001,CEP-003,2
2024-02-11,S001,CEP-004,2
2024-02-11,S001,CEP-005,0
2024-02-11,S002,ESM-001,2
2024-02-11,S002,ESM-002,4
2024-02-11,S002,ESM-003,2
2024-02-11,S002,ESM-004,3
2024-02-11,S002,ESM-005,1
2024-02-11,S002,ESM-006,1
2024-02-11,S002,ESM-007,3
2024-02-11,S002,ESM-008,1
2024-02-11,S002,ESM-009,2
2024-02-11,S002,ESM-010,1
2024-02-11,S002,DES-001,6
2024-02-11,S002,DES-002,7
2024-02-11,S002,DES-003,4
2024-02-11,S002,DES-004,4
2024-02-11,S002,DES-005,4
2024-02-11,S002,DES-006,5
2024-02-11,S002,DES-007,5
2024-02-11,S002,DES-008,7
2024-02-11,S002,DES-009,5
2024-02-11,S002,DES-010,6
2024-02-11,S002,DES-011,7
2024-02-11,S002,DES-012,6
2024-02-11,S002,DES-013,5
2024-02-11,S002,DES-014,6
2024-02-11,S002,DES-015,5
2024-02-11,S002,TAL-001,2
2024-02-11,S002,TAL-002,0
2024-02-11,S002,TAL-003,2
2024-02-11,S002,TAL-004,1
2024-02-11,S002,TAL-005,2
2024-02-11,S002,TAL-006,1
2024-02-11,S002,TAL-007,1
2024-02-11,S002,TAL-008,0
2024-02-11,S002,SIE-001,1
2024-02-11,S002,SIE-002,1
2024-02-11,S002,SIE-003,1
2024-02-11,S002,SIE-004,1
2024-02-11,S002,SIE-005,1
2024-02-11,S002,SIE-006,1
2024-02-11,S002,CEP-001,1
2024-02-11,S002,CEP-002,1
2024-02-11,S002,CEP-003,1
2024-02-11,S002,CEP-004,2
2024-02-11,S002,CEP-005,0
2024-02-11,S003,ESM-001,0
2024-02-11,S003,ESM-002,1
2024-02-11,S003,ESM-003,1
2024-02-11,S003,ESM-004,1
2024-02-11,S003,ESM-005,1
2024-02-11,S003,ESM-006,0
2024-02-11,S003,ESM-007,0
2024-02-11,S003,ESM-008,1
2024-02-11,S003,ESM-009,0
2024-02-11,S003,ESM-010,0
2024-02-11,S003,DES-001,4
2024-02-11,S003,DES-002,2
2024-02-11,S003,DES-003,4
2024-02-11,S003,DES-004,6
2024-02-11,S003,DES-005,1
2024-02-11,S003,DES-006,4
2024-02-11,S003,DES-007,3
2024-02-11,S003,DES-008,4
2024-02-11,S003,DES-009,5
2024-02-11,S003,DES-010,3
2024-02-11,S003,DES-011,3
2024-02-11,S003,DES-012,3
2024-02-11,S003,DES-013,3
2024-02-11,S003,DES-014,5
2024-02-11,S003,DES-015,2
2024-02-11,S003,TAL-001,1
2024-02-11,S003,TAL-002,0
2024-02-11,S003,TAL-003,1
2024-02-11,S003,TAL-004,0
2024-02-11,S003,TAL-005,0
2024-02-11,S003,TAL-006,2
2024-02-11,S003,TAL-007,1
2024-02-11,S003,TAL-008,0
2024-02-11,S003,SIE-001,0
2024-02-11,S003,SIE-002,1
2024-02-11,S003,SIE-003,0
2024-02-11,S003,SIE-004,1
2024-02-11,S003,SIE-005,0
2024-02-11,S003,SIE-006,0
2024-02-11,S003,CEP-001,1
2024-02-11,S003,CEP-002,0
2024-02-11,S003,CEP-003,1
2024-02-11,S003,CEP-004,1
2024-02-11,S003,CEP-005,1
2024-02-11,S004,ESM-001,1
2024-02-11,S004,ESM-002,1
2024-02-11,S004,ESM-003,1
2024-02-11,S004,ESM-004,2
2024-02-11,S004,ESM-005,2
2024-02-11,S004,ESM-006,1
2024-02-11,S004,ESM-007,2
2024-02-11,S004,ESM-008,1
2024-02-11,S004,ESM-009,1
2024-02-11,S004,ESM-010,1
2024-02-11,S004,DES-001,2
2024-02-11,S004,DES-002,4
2024-02-11,S004,DES-003,4
2024-02-11,S004,DES-004,4
2024-02-11,S004,DES-005,4
2024-02-11,S004,DES-006,3
2024-02-11,S004,DES-007,4
2024-02-11,S004,DES-008,3
2024-02-11,S004,DES-009,4
2024-02-11,S004,DES-010,4
2024-02-11,S004,DES-011,3
2024-02-11,S004,DES-012,4
2024-02-11,S004,DES-013,2
2024-02-11,S004,DES-014,5
2024-02-11,S004,DES-015,5
2024-02-11,S004,TAL-001,1
2024-02-11,S004,TAL-002,1
2024-02-11,S004,TAL-003,1
2024-02-11,S004,TAL-004,1
2024-02-11,S004,TAL-005,1
2024-02-11,S004,TAL-006,1
2024-02-11,S004,TAL-007,1
2024-02-11,S004,TAL-008,1
2024-02-11,S004,SIE-001,0
2024-02-11,S004,SIE-002,0
2024-02-11,S004,SIE-003,1
2024-02-11,S004,SIE-004,1
2024-02-11,S004,SIE-005,0
2024-02-11,S004,SIE-006,1
2024-02-11,S004,CEP-001,1
2024-02-11,S004,CEP-002,1
2024-02-11,S004,CEP-003,0
2024-02-11,S004,CEP-004,0
2024-02-11,S004,CEP-005,1
2024-02-12,S001,ESM-001,1
2024-02-12,S001,ESM-002,2
2024-02-12,S001,ESM-003,1
2024-02-12,S001,ESM-004,2
2024-02-12,S001,ESM-005,2
2024-02-12,S001,ESM-006,1
2024-02-12,S001,ESM-007,1
2024-02-12,S001,ESM-008,1
2024-02-12,S001,ESM-009,2
2024-02-12,S001,ESM-010,2
2024-02-12,S001,DES-001,7
2024-02-12,S001,DES-002,4
2024-02-12,S001,DES-003,6
2024-02-12,S001,DES-004,6
2024-02-12,S001,DES-005,8
2024-02-12,S001,DES-006,3
2024-02-12,S001,DES-007,4
2024-02-12,S001,DES-008,6
2024-02-12,S001,DES-009,6
2024-02-12,S001,DES-010,7
2024-02-12,S001,DES-011,4
2024-02-12,S001,DES-012,7
2024-02-12,S001,DES-013,8
2024-02-12,S001,DES-014,5
2024-02-12,S001,DES-015,5
2024-02-12,S001,TAL-001,1
2024-02-12,S001,TAL-002,1
2024-02-12,S001,TAL-003,0
2024-02-12,S001,TAL-004,3
2024-02-12,S001,TAL-005,1
2024-02-12,S001,TAL-006,0
2024-02-12,S001,TAL-007,2
2024-02-12,S001,TAL-008,1
2024-02-12,S001,SIE-001,1
2024-02-12,S001,SIE-002,1
2024-02-12,S001,SIE-003,0
2024-02-12,S001,SIE-004,0
2024-02-12,S001,SIE-005,0
2024-02-12,S001,SIE-006,1
2024-02-12,S001,CEP-001,2
2024-02-12,S001,CEP-002,1
2024-02-12,S001,CEP-003,2
2024-02-12,S001,CEP-004,2
2024-02-12,S001,CEP-005,1
2024-02-12,S002,ESM-001,0
2024-02-12,S002,ESM-002,2
2024-02-12,S002,ESM-003,0
2024-02-12,S002,ESM-004,0
2024-02-12,S002,ESM-005,2
2024-02-12,S002,ESM-006,0
2024-02-12,S002,ESM-007,1
2024-02-12,S002,ESM-008,2
2024-02-12,S002,ESM-009,1
2024-02-12,S002,ESM-010,2
2024-02-12,S002,DES-001,8
2024-02-12,S002,DES-002,7
2024-02-12,S002,DES-003,6
2024-02-12,S002,DES-004,4
2024-02-12,S002,DES-005,5
2024-02-12,S002,DES-006,6
2024-02-12,S002,DES-007,6
2024-02-12,S002,DES-008,5
2024-02-12,S002,DES-009,5
2024-02-12,S002,DES-010,5
2024-02-12,S002,DES-011,4
2024-02-12,S002,DES-012,7
2024-02-12,S002,DES-013,4
2024-02-12,S002,DES-014,4
2024-02-12,S002,DES-015,4
2024-02-12,S002,TAL-001,1
2024-02-12,S002,TAL-002,1
2024-02-12,S002,TAL-003,1
2024-02-12,S002,TAL-004,1
2024-02-12,S002,TAL-005,1
2024-02-12,S002,TAL-006,1
2024-02-12,S002,TAL-007,1
2024-02-12,S002,TAL-008,1
2024-02-12,S002,SIE-001,0
2024-02-12,S002,SIE-002,2
2024-02-12,S002,SIE-003,0
2024-02-12,S002,SIE-004,0
2024-02-12,S002,SIE-005,1
2024-02-12,S002,SIE-006,2
2024-02-12,S002,CEP-001,1
2024-02-12,S002,CEP-002,1
2024-02-12,S002,CEP-003,1
2024-02-12,S002,CEP-004,1
2024-02-12,S002,CEP-005,0
2024-02-12,S003,ESM-001,1
2024-02-12,S003,ESM-002,1
2024-02-12,S003,ESM-003,1
2024-02-12,S003,ESM-004,1
2024-02-12,S003,ESM-005,1
2024-02-12,S003,ESM-006,2
2024-02-12,S003,ESM-007,1
2024-02-12,S003,ESM-008,2
2024-02-12,S003,ESM-009,2
2024-02-12,S003,ESM-010,1
2024-02-12,S003,DES-001,5
2024-02-12,S003,DES-002,6
2024-02-12,S003,DES-003,4
2024-02-12,S003,DES-004,4
2024-02-12,S003,DES-005,3
2024-02-12,S003,DES-006,3
2024-02-12,S003,DES-007,3
2024-02-12,S003,DES-008,6
2024-02-12,S003,DES-009,5
2024-02-12,S003,DES-010,6
2024-02-12,S003,DES-011,3
2024-02-12,S003,DES-012,4
2024-02-12,S003,DES-013,5
2024-02-12,S003,DES-014,1
2024-02-12,S003,DES-015,3
2024-02-12,S003,TAL-001,1
2024-02-12,S003,TAL-002,0
2024-02-12,S003,TAL-003,1
2024-02-12,S003,TAL-004,0
2024-02-12,S003,TAL-005,1
2024-02-12,S003,TAL-006,0
2024-02-12,S003,TAL-007,0
2024-02-12,S003,TAL-008,0
2024-02-12,S003,SIE-001,1
2024-02-12,S003,SIE-002,0
2024-02-12,S003,SIE-003,0
2024-02-12,S003,SIE-004,0
2024-02-12,S003,SIE-005,1
2024-02-12,S003,SIE-006,0
2024-02-12,S003,CEP-001,0
2024-02-12,S003,CEP-002,1
2024-02-12,S003,CEP-003,1
2024-02-12,S003,CEP-004,0
2024-02-12,S003,CEP-005,1
2024-02-12,S004,ESM-001,2
2024-02-12,S004,ESM-002,1
2024-02-12,S004,ESM-003,1
2024-02-12,S004,ESM-004,1
2024-02-12,S004,ESM-005,0
2024-02-12,S004,ESM-006,0
2024-02-12,S004,ESM-007,0
2024-02-12,S004,ESM-008,0
2024-02-12,S004,ESM-009,1
2024-02-12,S004,ESM-010,3
2024-02-12,S004,DES-001,3
2024-02-12,S004,DES-002,5
2024-02-12,S004,DES-003,4
2024-02-12,S004,DES-004,5
2024-02-12,S004,DES-005,5
2024-02-12,S004,DES-006,5
2024-02-12,S004,DES-007,6
2024-02-12,S004,DES-008,3
2024-02-12,S004,DES-009,2
2024-02-12,S004,DES-010,3
2024-02-12,S004,DES-011,5
2024-02-12,S004,DES-012,6
2024-02-12,S004,DES-013,5
2024-02-12,S004,DES-014,6
2024-02-12,S004,DES-015,3
2024-02-12,S004,TAL-001,0
2024-02-12,S004,TAL-002,1
2024-02-12,S004,TAL-003,2
2024-02-12,S004,TAL-004,1
2024-02-12,S004,TAL-005,0
2024-02-12,S004,TAL-006,1
2024-02-12,S004,TAL-007,1
2024-02-12,S004,TAL-008,1
2024-02-12,S004,SIE-001,1
2024-02-12,S004,SIE-002,0
2024-02-12,S004,SIE-003,1
2024-02-12,S004,SIE-004,1
2024-02-12,S004,SIE-005,1
2024-02-12,S004,SIE-006,1
2024-02-12,S004,CEP-001,1
2024-02-12,S004,CEP-002,1
2024-02-12,S004,CEP-003,0
2024-02-12,S004,CEP-004,2
2024-02-12,S004,CEP-005,1
2024-02-13,S001,ESM-001,1
2024-02-13,S001,ESM-002,1
2024-02-13,S001,ESM-003,0
2024-02-13,S001,ESM-004,2
2024-02-13,S001,ESM-005,2
2024-02-13,S001,ESM-006,2
2024-02-13,S001,ESM-007,1
2024-02-13,S001,ESM-008,1
2024-02-13,S001,ESM-009,0
2024-02-13,S001,ESM-010,2
2024-02-13,S001,DES-001,5
2024-02-13,S001,DES-002,7
2024-02-13,S001,DES-003,9
2024-02-13,S001,DES-004,7
2024-02-13,S001,DES-005,8
2024-02-13,S001,DES-006,7
2024-02-13,S001,DES-007,4
2024-02-13,S001,DES-008,6
2024-02-13,S001,DES-009,7
2024-02-13,S001,DES-010,4
2024-02-13,S001,DES-011,5
2024-02-13,S001,DES-012,5
2024-02-13,S001,DES-013,5
2024-02-13,S001,DES-014,4
2024-02-13,S001,DES-015,5
2024-02-13,S001,TAL-001,1
2024-02-13,S001,TAL-002,0
2024-02-13,S001,TAL-003,0
2024-02-13,S001,TAL-004,2
2024-02-13,S001,TAL-005,1
2024-02-13,S001,TAL-006,0
2024-02-13,S001,TAL-007,1
2024-02-13,S001,TAL-008,1
2024-02-13,S001,SIE-001,0
2024-02-13,S001,SIE-002,0
2024-02-13,S001,SIE-003,1
2024-02-13,S001,SIE-004,1
2024-02-13,S001,SIE-005,1
2024-02-13,S001,SIE-006,0
2024-02-13,S001,CEP-001,1
2024-02-13,S001,CEP-002,1
2024-02-13,S001,CEP-003,2
2024-02-13,S001,CEP-004,1
2024-02-13,S001,CEP-005,1
2024-02-13,S002,ESM-001,1
2024-02-13,S002,ESM-002,1
2024-02-13,S002,ESM-003,2
2024-02-13,S002,ESM-004,3
2024-02-13,S002,ESM-005,2
2024-02-13,S002,ESM-006,1
2024-02-13,S002,ESM-007,0
2024-02-13,S002,ESM-008,1
2024-02-13,S002,ESM-009,2
2024-02-13,S002,ESM-010,1
2024-02-13,S002,DES-001,7
2024-02-13,S002,DES-002,4
2024-02-13,S002,DES-003,5
2024-02-13,S002,DES-004,7
2024-02-13,S002,DES-005,2
2024-02-13,S002,DES-006,6
2024-02-13,S002,DES-007,4
2024-02-13,S002,DES-008,3
2024-02-13,S002,DES-009,3
2024-02-13,S002,DES-010,4
2024-02-13,S002,DES-011,4
2024-02-13,S002,DES-012,6
2024-02-13,S002,DES-013,5
2024-02-13,S002,DES-014,7
2024-02-13,S002,DES-015,7
2024-02-13,S002,TAL-001,0
2024-02-13,S002,TAL-002,2
2024-02-13,S002,TAL-003,1
2024-02-13,S002,TAL-004,0
2024-02-13,S002,TAL-005,1
2024-02-13,S002,TAL-006,2
2024-02-13,S002,TAL-007,2
2024-02-13,S002,TAL-008,1
2024-02-13,S002,SIE-001,1
2024-02-13,S002,SIE-002,1
2024-02-13,S002,SIE-003,0
2024-02-13,S002,SIE-004,1
2024-02-13,S002,SIE-005,0
2024-02-13,S002,SIE-006,1
2024-02-13,S002,CEP-001,2
2024-02-13,S002,CEP-002,1
2024-02-13,S002,CEP-003,1
2024-02-13,S002,CEP-004,1
2024-02-13,S002,CEP-005,2
2024-02-13,S003,ESM-001,1
2024-02-13,S003,ESM-002,1
2024-02-13,S003,ESM-003,2
2024-02-13,S003,ESM-004,2
2024-02-13,S003,ESM-005,1
2024-02-13,S003,ESM-006,1
2024-02-13,S003,ESM-007,0
2024-02-13,S003,ESM-008,1
2024-02-13,S003,ESM-009,1
2024-02-13,S003,ESM-010,2
2024-02-13,S003,DES-001,4
2024-02-13,S003,DES-002,6
2024-02-13,S003,DES-003,4
2024-02-13,S003,DES-004,4
2024-02-13,S003,DES-005,2
2024-02-13,S003,DES-006,3
2024-02-13,S003,DES-007,3
2024-02-13,S003,DES-008,3
2024-02-13,S003,DES-009,4
2024-02-13,S003,DES-010,2
2024-02-13,S003,DES-011,5
2024-02-13,S003,DES-012,2
2024-02-13,S003,DES-013,3
2024-02-13,S003,DES-014,3
2024-02-13,S003,DES-015,4
2024-02-13,S003,TAL-001,0
2024-02-13,S003,TAL-002,1
2024-02-13,S003,TAL-003,1
2024-02-13,S003,TAL-004,0
2024-02-13,S003,TAL-005,1
2024-02-13,S003,TAL-006,1
2024-02-13,S003,TAL-007,0
2024-02-13,S003,TAL-008,1
2024-02-13,S003,SIE-001,1
2024-02-13,S003,SIE-002,0
2024-02-13,S003,SIE-003,0
2024-02-13,S003,SIE-004,0
2024-02-13,S003,SIE-005,0
2024-02-13,S003,SIE-006,0
2024-02-13,S003,CEP-001,1
2024-02-13,S003,CEP-002,1
2024-02-13,S003,CEP-003,1
2024-02-13,S003,CEP-004,1
2024-02-13,S003,CEP-005,0
2024-02-13,S004,ESM-001,1
2024-02-13,S004,ESM-002,1
2024-02-13,S004,ESM-003,0
2024-02-13,S004,ESM-004,1
2024-02-13,S004,ESM-005,1
2024-02-13,S004,ESM-006,1
2024-02-13,S004,ESM-007,1
2024-02-13,S004,ESM-008,1
2024-02-13,S004,ESM-009,1
2024-02-13,S004,ESM-010,1
2024-02-13,S004,DES-001,2
2024-02-13,S004,DES-002,3
2024-02-13,S004,DES-003,5
2024-02-13,S004,DES-004,3
2024-02-13,S004,DES-005,3
2024-02-13,S004,DES-006,5
2024-02-13,S004,DES-007,5
2024-02-13,S004,DES-008,4
2024-02-13,S004,DES-009,5
2024-02-13,S004,DES-010,5
2024-02-13,S004,DES-011,3
2024-02-13,S004,DES-012,3
2024-02-13,S004,DES-013,5
2024-02-13,S004,DES-014,5
2024-02-13,S004,DES-015,1
2024-02-13,S004,TAL-001,0
2024-02-13,S004,TAL-002,0
2024-02-13,S004,TAL-003,2
2024-02-13,S004,TAL-004,1
2024-02-13,S004,TAL-005,1
2024-02-13,S004,TAL-006,0
2024-02-13,S004,TAL-007,0
2024-02-13,S004,TAL-008,1
2024-02-13,S004,SIE-001,1
2024-02-13,S004,SIE-002,0
2024-02-13,S004,SIE-003,0
2024-02-13,S004,SIE-004,0
2024-02-13,S004,SIE-005,0
2024-02-13,S004,SIE-006,0
2024-02-13,S004,CEP-001,0
2024-02-13,S004,CEP-002,1
2024-02-13,S004,CEP-003,1
2024-02-13,S004,CEP-004,2
2024-02-13,S004,CEP-005,1
2024-02-14,S001,ESM-001,1
2024-02-14,S001,ESM-002,3
2024-02-14,S001,ESM-003,2
2024-02-14,S001,ESM-004,2
2024-02-14,S001,ESM-005,2
2024-02-14,S001,ESM-006,2
2024-02-14,S001,ESM-007,0
2024-02-14,S001,ESM-008,2
2024-02-14,S001,ESM-009,2
2024-02-14,S001,ESM-010,1
2024-02-14,S001,DES-001,4
2024-02-14,S001,DES-002,7
2024-02-14,S001,DES-003,7
2024-02-14,S001,DES-004,3
2024-02-14,S001,DES-005,6
2024-02-14,S001,DES-006,7
2024-02-14,S001,DES-007,4
2024-02-14,S001,DES-008,8
2024-02-14,S001,DES-009,7
2024-02-14,S001,DES-010,4
2024-02-14,S001,DES-011,6
2024-02-14,S001,DES-012,5
2024-02-14,S001,DES-013,6
2024-02-14,S001,DES-014,5
2024-02-14,S001,DES-015,5
2024-02-14,S001,TAL-001,2
2024-02-14,S001,TAL-002,2
2024-02-14,S001,TAL-003,2
2024-02-14,S001,TAL-004,0
2024-02-14,S001,TAL-005,1
2024-02-14,S001,TAL-006,1
2024-02-14,S001,TAL-007,1
2024-02-14,S001,TAL-008,1
2024-02-14,S001,SIE-001,1
2024-02-14,S001,SIE-002,1
2024-02-14,S001,SIE-003,1
2024-02-14,S001,SIE-004,1
2024-02-14,S001,SIE-005,0
2024-02-14,S001,SIE-006,1
2024-02-14,S001,CEP-001,2
2024-02-14,S001,CEP-002,1
2024-02-14,S001,CEP-003,1
2024-02-14,S001,CEP-004,0
2024-02-14,S001,CEP-005,2
2024-02-14,S002,ESM-001,1
2024-02-14,S002,ESM-002,2
2024-02-14,S002,ESM-003,1
2024-02-14,S002,ESM-004,0
2024-02-14,S002,ESM-005,2
2024-02-14,S002,ESM-006,2
2024-02-14,S002,ESM-007,2
2024-02-14,S002,ESM-008,1
2024-02-14,S002,ESM-009,2
2024-02-14,S002,ESM-010,2
2024-02-14,S002,DES-001,8
2024-02-14,S002,DES-002,6
2024-02-14,S002,DES-003,2
2024-02-14,S002,DES-004,4
2024-02-14,S002,DES-005,8
2024-02-14,S002,DES-006,4
2024-02-14,S002,DES-007,3
2024-02-14,S002,DES-008,4
2024-02-14,S002,DES-009,4
2024-02-14,S002,DES-010,4
2024-02-14,S002,DES-011,3
2024-02-14,S002,DES-012,5
2024-02-14,S002,DES-013,6
2024-02-14,S002,DES-014,7
2024-02-14,S002,DES-015,0
2024-02-14,S002,TAL-001,1
2024-02-14,S002,TAL-002,1
2024-02-14,S002,TAL-003,0
2024-02-14,S002,TAL-004,1
2024-02-14,S002,TAL-005,1
2024-02-14,S002,TAL-006,2
2024-02-14,S002,TAL-007,1
2024-02-14,S002,TAL-008,1
2024-02-14,S002,SIE-001,1
2024-02-14,S002,SIE-002,1
2024-02-14,S002,SIE-003,1
2024-02-14,S002,SIE-004,0
2024-02-14,S002,SIE-005,1
2024-02-14,S002,SIE-006,1
2024-02-14,S002,CEP-001,1
2024-02-14,S002,CEP-002,2
2024-02-14,S002,CEP-003,2
2024-02-14,S002,CEP-004,1
2024-02-14,S002,CEP-005,1
2024-02-14,S003,ESM-001,1
2024-02-14,S003,ESM-002,0
2024-02-14,S003,ESM-003,1
2024-02-14,S003,ESM-004,1
2024-02-14,S003,ESM-005,1
2024-02-14,S003,ESM-006,1
2024-02-14,S003,ESM-007,1
2024-02-14,S003,ESM-008,0
2024-02-14,S003,ESM-009,2
2024-02-14,S003,ESM-010,1
2024-02-14,S003,DES-001,5
2024-02-14,S003,DES-002,3
2024-02-14,S003,DES-003,4
2024-02-14,S003,DES-004,3
2024-02-14,S003,DES-005,2
2024-02-14,S003,DES-006,3
2024-02-14,S003,DES-007,4
2024-02-14,S003,DES-008,4
2024-02-14,S003,DES-009,3
2024-02-14,S003,DES-010,4
2024-02-14,S003,DES-011,5
2024-02-14,S003,DES-012,6
2024-02-14,S003,DES-013,4
2024-02-14,S003,DES-014,3
2024-02-14,S003,DES-015,3
2024-02-14,S003,TAL-001,0
2024-02-14,S003,TAL-002,0
2024-02-14,S003,TAL-003,1
2024-02-14,S003,TAL-004,0
2024-02-14,S003,TAL-005,1
2024-02-14,S003,TAL-006,0
2024-02-14,S003,TAL-007,1
2024-02-14,S003,TAL-008,0
2024-02-14,S003,SIE-001,0
2024-02-14,S003,SIE-002,1
2024-02-14,S003,SIE-003,0
2024-02-14,S003,SIE-004,1
2024-02-14,S003,SIE-005,0
2024-02-14,S003,SIE-006,1
2024-02-14,S003,CEP-001,1
2024-02-14,S003,CEP-002,0
2024-02-14,S003,CEP-003,2
2024-02-14,S003,CEP-004,1
2024-02-14,S003,CEP-005,1
2024-02-14,S004,ESM-001,1
2024-02-14,S004,ESM-002,2
2024-02-14,S004,ESM-003,0
2024-02-14,S004,ESM-004,1
2024-02-14,S004,ESM-005,1
2024-02-14,S004,ESM-006,2
2024-02-14,S004,ESM-007,2
2024-02-14,S004,ESM-008,1
2024-02-14,S004,ESM-009,1
2024-02-14,S004,ESM-010,2
2024-02-14,S004,DES-001,3
2024-02-14,S004,DES-002,5
2024-02-14,S004,DES-003,4
2024-02-14,S004,DES-004,4
2024-02-14,S004,DES-005,3
2024-02-14,S004,DES-006,3
2024-02-14,S004,DES-007,4
2024-02-14,S004,DES-008,6
2024-02-14,S004,DES-009,4
2024-02-14,S004,DES-010,4
2024-02-14,S004,DES-011,5
2024-02-14,S004,DES-012,4
2024-02-14,S004,DES-013,3
2024-02-14,S004,DES-014,5
2024-02-14,S004,DES-015,3
2024-02-14,S004,TAL-001,0
2024-02-14,S004,TAL-002,1
2024-02-14,S004,TAL-003,0
2024-02-14,S004,TAL-004,1
2024-02-14,S004,TAL-005,1
2024-02-14,S004,TAL-006,0
2024-02-14,S004,TAL-007,1
2024-02-14,S004,TAL-008,0
2024-02-14,S004,SIE-001,0
2024-02-14,S004,SIE-002,0
2024-02-14,S004,SIE-003,1
2024-02-14,S004,SIE-004,0
2024-02-14,S004,SIE-005,0
2024-02-14,S004,SIE-006,1
2024-02-14,S004,CEP-001,0
2024-02-14,S004,CEP-002,0
2024-02-14,S004,CEP-003,1
2024-02-14,S004,CEP-004,0
2024-02-14,S004,CEP-005,1
2024-02-15,S001,ESM-001,2
2024-02-15,S001,ESM-002,1
2024-02-15,S001,ESM-003,0
2024-02-15,S001,ESM-004,2
2024-02-15,S001,ESM-005,0
2024-02-15,S001,ESM-006,0
2024-02-15,S001,ESM-007,5
2024-02-15,S001,ESM-008,1
2024-02-15,S001,ESM-009,1
2024-02-15,S001,ESM-010,2
2024-02-15,S001,DES-001,3
2024-02-15,S001,DES-002,7
2024-02-15,S001,DES-003,6
2024-02-15,S001,DES-004,3
2024-02-15,S001,DES-005,7
2024-02-15,S001,DES-006,6
2024-02-15,S001,DES-007,6
2024-02-15,S001,DES-008,4
2024-02-15,S001,DES-009,4
2024-02-15,S001,DES-010,5
2024-02-15,S001,DES-011,5
2024-02-15,S001,DES-012,7
2024-02-15,S001,DES-013,4
2024-02-15,S001,DES-014,7
2024-02-15,S001,DES-015,6
2024-02-15,S001,TAL-001,0
2024-02-15,S001,TAL-002,1
2024-02-15,S001,TAL-003,2
2024-02-15,S001,TAL-004,1
2024-02-15,S001,TAL-005,1
2024-02-15,S001,TAL-006,2
2024-02-15,S001,TAL-007,2
2024-02-15,S001,TAL-008,1
2024-02-15,S001,SIE-001,2
2024-02-15,S001,SIE-002,1
2024-02-15,S001,SIE-003,1
2024-02-15,S001,SIE-004,1
2024-02-15,S001,SIE-005,2
2024-02-15,S001,SIE-006,1
2024-02-15,S001,CEP-001,2
2024-02-15,S001,CEP-002,1
2024-02-15,S001,CEP-003,0
2024-02-15,S001,CEP-004,2
2024-02-15,S001,CEP-005,2
2024-02-15,S002,ESM-001,3
2024-02-15,S002,ESM-002,2
2024-02-15,S002,ESM-003,1
2024-02-15,S002,ESM-004,1
2024-02-15,S002,ESM-005,1
2024-02-15,S002,ESM-006,1
2024-02-15,S002,ESM-007,1
2024-02-15,S002,ESM-008,2
2024-02-15,S002,ESM-009,2
2024-02-15,S002,ESM-010,1
2024-02-15,S002,DES-001,6
2024-02-15,S002,DES-002,7
2024-02-15,S002,DES-003,5
2024-02-15,S002,DES-004,5
2024-02-15,S002,DES-005,5
2024-02-15,S002,DES-006,7
2024-02-15,S002,DES-007,8
2024-02-15,S002,DES-008,6
2024-02-15,S002,DES-009,5
2024-02-15,S002,DES-010,7
2024-02-15,S002,DES-011,8
2024-02-15,S002,DES-012,8
2024-02-15,S002,DES-013,2
2024-02-15,S002,DES-014,7
2024-02-15,S002,DES-015,8
2024-02-15,S002,TAL-001,0
2024-02-15,S002,TAL-002,0
2024-02-15,S002,TAL-003,2
2024-02-15,S002,TAL-004,1
2024-02-15,S002,TAL-005,1
2024-02-15,S002,TAL-006,1
2024-02-15,S002,TAL-007,0
2024-02-15,S002,TAL-008,1
2024-02-15,S002,SIE-001,1
2024-02-15,S002,SIE-002,1
2024-02-15,S002,SIE-003,0
2024-02-15,S002,SIE-004,2
2024-02-15,S002,SIE-005,2
2024-02-15,S002,SIE-006,2
2024-02-15,S002,CEP-001,1
2024-02-15,S002,CEP-002,2
2024-02-15,S002,CEP-003,2
2024-02-15,S002,CEP-004,1
2024-02-15,S002,CEP-005,0
2024-02-15,S003,ESM-001,1
2024-02-15,S003,ESM-002,1
2024-02-15,S003,ESM-003,2
2024-02-15,S003,ESM-004,2
2024-02-15,S003,ESM-005,1
2024-02-15,S003,ESM-006,1
2024-02-15,S003,ESM-007,1
2024-02-15,S003,ESM-008,0
2024-02-15,S003,ESM-009,0
2024-02-15,S003,ESM-010,1
2024-02-15,S003,DES-001,3
2024-02-15,S003,DES-002,7
2024-02-15,S003,DES-003,4
2024-02-15,S003,DES-004,4
2024-02-15,S003,DES-005,3
2024-02-15,S003,DES-006,4
2024-02-15,S003,DES-007,4
2024-02-15,S003,DES-008,4
2024-02-15,S003,DES-009,6
2024-02-15,S003,DES-010,4
2024-02-15,S003,DES-011,4
2024-02-15,S003,DES-012,5
2024-02-15,S003,DES-013,4
2024-02-15,S003,DES-014,5
2024-02-15,S003,DES-015,3
2024-02-15,S003,TAL-001,1
2024-02-15,S003,TAL-002,1
2024-02-15,S003,TAL-003,1
2024-02-15,S003,TAL-004,0
2024-02-15,S003,TAL-005,1
2024-02-15,S003,TAL-006,1
2024-02-15,S003,TAL-007,1
2024-02-15,S003,TAL-008,0
2024-02-15,S003,SIE-001,1
2024-02-15,S003,SIE-002,1
2024-02-15,S003,SIE-003,1
2024-02-15,S003,SIE-004,1
2024-02-15,S003,SIE-005,0
2024-02-15,S003,SIE-006,0
2024-02-15,S003,CEP-001,1
2024-02-15,S003,CEP-002,0
2024-02-15,S003,CEP-003,0
2024-02-15,S003,CEP-004,0
2024-02-15,S003,CEP-005,1
2024-02-15,S004,ESM-001,1
2024-02-15,S004,ESM-002,0
2024-02-15,S004,ESM-003,1
2024-02-15,S004,ESM-004,1
2024-02-15,S004,ESM-005,0
2024-02-15,S004,ESM-006,0
2024-02-15,S004,ESM-007,1
2024-02-15,S004,ESM-008,0
2024-02-15,S004,ESM-009,0
2024-02-15,S004,ESM-010,3
2024-02-15,S004,DES-001,4
2024-02-15,S004,DES-002,4
2024-02-15,S004,DES-003,4
2024-02-15,S004,DES-004,5
2024-02-15,S004,DES-005,5
2024-02-15,S004,DES-006,4
2024-02-15,S004,DES-007,5
2024-02-15,S004,DES-008,4
2024-02-15,S004,DES-009,2
2024-02-15,S004,DES-010,4
2024-02-15,S004,DES-011,2
2024-02-15,S004,DES-012,4
2024-02-15,S004,DES-013,3
2024-02-15,S004,DES-014,2
2024-02-15,S004,DES-015,5
2024-02-15,S004,TAL-001,0
2024-02-15,S004,TAL-002,0
2024-02-15,S004,TAL-003,0
2024-02-15,S004,TAL-004,0
2024-02-15,S004,TAL-005,1
2024-02-15,S004,TAL-006,1
2024-02-15,S004,TAL-007,0
2024-02-15,S004,TAL-008,1
2024-02-15,S004,SIE-001,0
2024-02-15,S004,SIE-002,0
2024-02-15,S004,SIE-003,0
2024-02-15,S004,SIE-004,0
2024-02-15,S004,SIE-005,0
2024-02-15,S004,SIE-006,0
2024-02-15,S004,CEP-001,0
2024-02-15,S004,CEP-002,1
2024-02-15,S004,CEP-003,1
2024-02-15,S004,CEP-004,1
2024-02-15,S004,CEP-005,2
2024-02-16,S001,ESM-001,3
2024-02-16,S001,ESM-002,1
2024-02-16,S001,ESM-003,1
2024-02-16,S001,ESM-004,1
2024-02-16,S001,ESM-005,2
2024-02-16,S001,ESM-006,2
2024-02-16,S001,ESM-007,2
2024-02-16,S001,ESM-008,3
2024-02-16,S001,ESM-009,1
2024-02-16,S001,ESM-010,1
2024-02-16,S001,DES-001,6
2024-02-16,S001,DES-002,6
2024-02-16,S001,DES-003,6
2024-02-16,S001,DES-004,2
2024-02-16,S001,DES-005,3
2024-02-16,S001,DES-006,5
2024-02-16,S001,DES-007,5
2024-02-16,S001,DES-008,9
2024-02-16,S001,DES-009,4
2024-02-16,S001,DES-010,6
2024-02-16,S001,DES-011,7
2024-02-16,S001,DES-012,4
2024-02-16,S001,DES-013,1
2024-02-16,S001,DES-014,7
2024-02-16,S001,DES-015,6
2024-02-16,S001,TAL-001,1
2024-02-16,S001,TAL-002,0
2024-02-16,S001,TAL-003,1
2024-02-16,S001,TAL-004,0
2024-02-16,S001,TAL-005,0
2024-02-16,S001,TAL-006,0
2024-02-16,S001,TAL-007,2
2024-02-16,S001,TAL-008,1
2024-02-16,S001,SIE-001,1
2024-02-16,S001,SIE-002,1
2024-02-16,S001,SIE-003,1
2024-02-16,S001,SIE-004,0
2024-02-16,S001,SIE-005,2
2024-02-16,S001,SIE-006,1
2024-02-16,S001,CEP-001,1
2024-02-16,S001,CEP-002,1
2024-02-16,S001,CEP-003,2
2024-02-16,S001,CEP-004,1
2024-02-16,S001,CEP-005,2
2024-02-16,S002,ESM-001,1
2024-02-16,S002,ESM-002,3
2024-02-16,S002,ESM-003,1
2024-02-16,S002,ESM-004,2
2024-02-16,S002,ESM-005,2
2024-02-16,S002,ESM-006,3
2024-02-16,S002,ESM-007,2
2024-02-16,S002,ESM-008,0
2024-02-16,S002,ESM-009,1
2024-02-16,S002,ESM-010,4
2024-02-16,S002,DES-001,4
2024-02-16,S002,DES-002,1
2024-02-16,S002,DES-003,3
2024-02-16,S002,DES-004,5
2024-02-16,S002,DES-005,4
2024-02-16,S002,DES-006,7
2024-02-16,S002,DES-007,6
2024-02-16,S002,DES-008,6
2024-02-16,S002,DES-009,3
2024-02-16,S002,DES-010,5
2024-02-16,S002,DES-011,5
2024-02-16,S002,DES-012,7
2024-02-16,S002,DES-013,6
2024-02-16,S002,DES-014,1
2024-02-16,S002,DES-015,7
2024-02-16,S002,TAL-001,1
2024-02-16,S002,TAL-002,2
2024-02-16,S002,TAL-003,1
2024-02-16,S002,TAL-004,1
2024-02-16,S002,TAL-005,0
2024-02-16,S002,TAL-006,1
2024-02-16,S002,TAL-007,1
2024-02-16,S002,TAL-008,1
2024-02-16,S002,SIE-001,0
2024-02-16,S002,SIE-002,1
2024-02-16,S002,SIE-003,0
2024-02-16,S002,SIE-004,1
2024-02-16,S002,SIE-005,0
2024-02-16,S002,SIE-006,2
2024-02-16,S002,CEP-001,2
2024-02-16,S002,CEP-002,1
2024-02-16,S002,CEP-003,2
2024-02-16,S002,CEP-004,1
2024-02-16,S002,CEP-005,2
2024-02-16,S003,ESM-001,1
2024-02-16,S003,ESM-002,2
2024-02-16,S003,ESM-003,2
2024-02-16,S003,ESM-004,2
2024-02-16,S003,ESM-005,1
2024-02-16,S003,ESM-006,0
2024-02-16,S003,ESM-007,1
2024-02-16,S003,ESM-008,1
2024-02-16,S003,ESM-009,3
2024-02-16,S003,ESM-010,1
2024-02-16,S003,DES-001,2
2024-02-16,S003,DES-002,1
2024-02-16,S003,DES-003,4
2024-02-16,S003,DES-004,4
2024-02-16,S003,DES-005,3
2024-02-16,S003,DES-006,4
2024-02-16,S003,DES-007,5
2024-02-16,S003,DES-008,3
2024-02-16,S003,DES-009,3
2024-02-16,S003,DES-010,5
2024-02-16,S003,DES-011,3
2024-02-16,S003,DES-012,3
2024-02-16,S003,DES-013,5
2024-02-16,S003,DES-014,4
2024-02-16,S003,DES-015,5
2024-02-16,S003,TAL-001,1
2024-02-16,S003,TAL-002,1
2024-02-16,S003,TAL-003,1
2024-02-16,S003,TAL-004,0
2024-02-16,S003,TAL-005,0
2024-02-16,S003,TAL-006,0
2024-02-16,S003,TAL-007,0
2024-02-16,S003,TAL-008,1
2024-02-16,S003,SIE-001,0
2024-02-16,S003,SIE-002,1
2024-02-16,S003,SIE-003,1
2024-02-16,S003,SIE-004,0
2024-02-16,S003,SIE-005,1
2024-02-16,S003,SIE-006,0
2024-02-16,S003,CEP-001,0
2024-02-16,S003,CEP-002,0
2024-02-16,S003,CEP-003,0
2024-02-16,S003,CEP-004,0
2024-02-16,S003,CEP-005,1
2024-02-16,S004,ESM-001,1
2024-02-16,S004,ESM-002,2
2024-02-16,S004,ESM-003,1
2024-02-16,S004,ESM-004,1
2024-02-16,S004,ESM-005,2
2024-02-16,S004,ESM-006,1
2024-02-16,S004,ESM-007,2
2024-02-16,S004,ESM-008,2
2024-02-16,S004,ESM-009,1
2024-02-16,S004,ESM-010,0
2024-02-16,S004,DES-001,4
2024-02-16,S004,DES-002,4
2024-02-16,S004,DES-003,5
2024-02-16,S004,DES-004,4
2024-02-16,S004,DES-005,5
2024-02-16,S004,DES-006,2
2024-02-16,S004,DES-007,4
2024-02-16,S004,DES-008,5
2024-02-16,S004,DES-009,4
2024-02-16,S004,DES-010,3
2024-02-16,S004,DES-011,3
2024-02-16,S004,DES-012,5
2024-02-16,S004,DES-013,4
2024-02-16,S004,DES-014,5
2024-02-16,S004,DES-015,4
2024-02-16,S004,TAL-001,0
2024-02-16,S004,TAL-002,1
2024-02-16,S004,TAL-003,0
2024-02-16,S004,TAL-004,1
2024-02-16,S004,TAL-005,1
2024-02-16,S004,TAL-006,0
2024-02-16,S004,TAL-007,0
2024-02-16,S004,TAL-008,1
2024-02-16,S004,SIE-001,1
2024-02-16,S004,SIE-002,0
2024-02-16,S004,SIE-003,0
2024-02-16,S004,SIE-004,1
2024-02-16,S004,SIE-005,0
2024-02-16,S004,SIE-006,0
2024-02-16,S004,CEP-001,2
2024-02-16,S004,CEP-002,1
2024-02-16,S004,CEP-003,1
2024-02-16,S004,CEP-004,1
2024-02-16,S004,CEP-005,1
2024-02-17,S001,ESM-001,2
2024-02-17,S001,ESM-002,2
2024-02-17,S001,ESM-003,2
2024-02-17,S001,ESM-004,1
2024-02-17,S001,ESM-005,0
2024-02-17,S001,ESM-006,1
2024-02-17,S001,ESM-007,1
2024-02-17,S001,ESM-008,1
2024-02-17,S001,ESM-009,1
2024-02-17,S001,ESM-010,1
2024-02-17,S001,DES-001,3
2024-02-17,S001,DES-002,9
2024-02-17,S001,DES-003,7
2024-02-17,S001,DES-004,5
2024-02-17,S001,DES-005,6
2024-02-17,S001,DES-006,6
2024-02-17,S001,DES-007,5
2024-02-17,S001,DES-008,6
2024-02-17,S001,DES-009,7
2024-02-17,S001,DES-010,5
2024-02-17,S001,DES-011,9
2024-02-17,S001,DES-012,4
2024-02-17,S001,DES-013,5
2024-02-17,S001,DES-014,5
2024-02-17,S001,DES-015,3
2024-02-17,S001,TAL-001,1
2024-02-17,S001,TAL-002,1
2024-02-17,S001,TAL-003,1
2024-02-17,S001,TAL-004,0
2024-02-17,S001,TAL-005,0
2024-02-17,S001,TAL-006,0
2024-02-17,S001,TAL-007,1
2024-02-17,S001,TAL-008,0
2024-02-17,S001,SIE-001,1
2024-02-17,S001,SIE-002,1
2024-02-17,S001,SIE-003,1
2024-02-17,S001,SIE-004,1
2024-02-17,S001,SIE-005,1
2024-02-17,S001,SIE-006,1
2024-02-17,S001,CEP-001,2
2024-02-17,S001,CEP-002,1
2024-02-17,S001,CEP-003,0
2024-02-17,S001,CEP-004,1
2024-02-17,S001,CEP-005,1
2024-02-17,S002,ESM-001,2
2024-02-17,S002,ESM-002,1
2024-02-17,S002,ESM-003,3
2024-02-17,S002,ESM-004,0
2024-02-17,S002,ESM-005,3
2024-02-17,S002,ESM-006,2
2024-02-17,S002,ESM-007,1
2024-02-17,S002,ESM-008,0
2024-02-17,S002,ESM-009,0
2024-02-17,S002,ESM-010,0
2024-02-17,S002,DES-001,4
2024-02-17,S002,DES-002,3
2024-02-17,S002,DES-003,3
2024-02-17,S002,DES-004,6
2024-02-17,S002,DES-005,5
2024-02-17,S002,DES-006,8
2024-02-17,S002,DES-007,9
2024-02-17,S002,DES-008,5
2024-02-17,S002,DES-009,4
2024-02-17,S002,DES-010,7
2024-02-17,S002,DES-011,4
2024-02-17,S002,DES-012,6
2024-02-17,S002,DES-013,6
2024-02-17,S002,DES-014,4
2024-02-17,S002,DES-015,6
2024-02-17,S002,TAL-001,1
2024-02-17,S002,TAL-002,2
2024-02-17,S002,TAL-003,1
2024-02-17,S002,TAL-004,3
2024-02-17,S002,TAL-005,1
2024-02-17,S002,TAL-006,2
2024-02-17,S002,TAL-007,0
2024-02-17,S002,TAL-008,0
2024-02-17,S002,SIE-001,0
2024-02-17,S002,SIE-002,1
2024-02-17,S002,SIE-003,1
2024-02-17,S002,SIE-004,0
2024-02-17,S002,SIE-005,1
2024-02-17,S002,SIE-006,1
2024-02-17,S002,CEP-001,1
2024-02-17,S002,CEP-002,1
2024-02-17,S002,CEP-003,1
2024-02-17,S002,CEP-004,1
2024-02-17,S002,CEP-005,1
2024-02-17,S003,ESM-001,0
2024-02-17,S003,ESM-002,2
2024-02-17,S003,ESM-003,2
2024-02-17,S003,ESM-004,1
2024-02-17,S003,ESM-005,1
2024-02-17,S003,ESM-006,1
2024-02-17,S003,ESM-007,1
2024-02-17,S003,ESM-008,1
2024-02-17,S003,ESM-009,1
2024-02-17,S003,ESM-010,1
2024-02-17,S003,DES-001,3
2024-02-17,S003,DES-002,5
2024-02-17,S003,DES-003,4
2024-02-17,S003,DES-004,4
2024-02-17,S003,DES-005,3
2024-02-17,S003,DES-006,1
2024-02-17,S003,DES-007,3
2024-02-17,S003,DES-008,5
2024-02-17,S003,DES-009,4
2024-02-17,S003,DES-010,6
2024-02-17,S003,DES-011,3
2024-02-17,S003,DES-012,5
2024-02-17,S003,DES-013,4
2024-02-17,S003,DES-014,4
2024-02-17,S003,DES-015,5
2024-02-17,S003,TAL-001,0
2024-02-17,S003,TAL-002,1
2024-02-17,S003,TAL-003,0
2024-02-17,S003,TAL-004,1
2024-02-17,S003,TAL-005,1
2024-02-17,S003,TAL-006,1
2024-02-17,S003,TAL-007,0
2024-02-17,S003,TAL-008,1
2024-02-17,S003,SIE-001,1
2024-02-17,S003,SIE-002,0
2024-02-17,S003,SIE-003,1
2024-02-17,S003,SIE-004,1
2024-02-17,S003,SIE-005,1
2024-02-17,S003,SIE-006,1
2024-02-17,S003,CEP-001,1
2024-02-17,S003,CEP-002,1
2024-02-17,S003,CEP-003,1
2024-02-17,S003,CEP-004,1
2024-02-17,S003,CEP-005,1
2024-02-17,S004,ESM-001,1
2024-02-17,S004,ESM-002,0
2024-02-17,S004,ESM-003,1
2024-02-17,S004,ESM-004,2
2024-02-17,S004,ESM-005,1
2024-02-17,S004,ESM-006,1
2024-02-17,S004,ESM-007,2
2024-02-17,S004,ESM-008,0
2024-02-17,S004,ESM-009,2
2024-02-17,S004,ESM-010,1
2024-02-17,S004,DES-001,5
2024-02-17,S004,DES-002,2
2024-02-17,S004,DES-003,4
2024-02-17,S004,DES-004,3
2024-02-17,S004,DES-005,3
2024-02-17,S004,DES-006,3
2024-02-17,S004,DES-007,3
2024-02-17,S004,DES-008,4
2024-02-17,S004,DES-009,4
2024-02-17,S004,DES-010,4
2024-02-17,S004,DES-011,2
2024-02-17,S004,DES-012,3
2024-02-17,S004,DES-013,4
2024-02-17,S004,DES-014,3
2024-02-17,S004,DES-015,2
2024-02-17,S004,TAL-001,0
2024-02-17,S004,TAL-002,0
2024-02-17,S004,TAL-003,1
2024-02-17,S004,TAL-004,1
2024-02-17,S004,TAL-005,2
2024-02-17,S004,TAL-006,1
2024-02-17,S004,TAL-007,1
2024-02-17,S004,TAL-008,1
2024-02-17,S004,SIE-001,0
2024-02-17,S004,SIE-002,2
2024-02-17,S004,SIE-003,0
2024-02-17,S004,SIE-004,0
2024-02-17,S004,SIE-005,0
2024-02-17,S004,SIE-006,1
2024-02-17,S004,CEP-001,1
2024-02-17,S004,CEP-002,1
2024-02-17,S004,CEP-003,1
2024-02-17,S004,CEP-004,1
2024-02-17,S004,CEP-005,0
2024-02-18,S001,ESM-001,2
2024-02-18,S001,ESM-002,3
2024-02-18,S001,ESM-003,2
2024-02-18,S001,ESM-004,1
2024-02-18,S001,ESM-005,0
2024-02-18,S001,ESM-006,2
2024-02-18,S001,ESM-007,0
2024-02-18,S001,ESM-008,0
2024-02-18,S001,ESM-009,3
2024-02-18,S001,ESM-010,3
2024-02-18,S001,DES-001,6
2024-02-18,S001,DES-002,6
2024-02-18,S001,DES-003,8
2024-02-18,S001,DES-004,6
2024-02-18,S001,DES-005,7
2024-02-18,S001,DES-006,5
2024-02-18,S001,DES-007,5
2024-02-18,S001,DES-008,11
2024-02-18,S001,DES-009,5
2024-02-18,S001,DES-010,7
2024-02-18,S001,DES-011,2
2024-02-18,S001,DES-012,3
2024-02-18,S001,DES-013,5
2024-02-18,S001,DES-014,6
2024-02-18,S001,DES-015,7
2024-02-18,S001,TAL-001,1
2024-02-18,S001,TAL-002,1
2024-02-18,S001,TAL-003,1
2024-02-18,S001,TAL-004,1
2024-02-18,S001,TAL-005,0
2024-02-18,S001,TAL-006,1
2024-02-18,S001,TAL-007,1
2024-02-18,S001,TAL-008,0
2024-02-18,S001,SIE-001,1
2024-02-18,S001,SIE-002,1
2024-02-18,S001,SIE-003,1
2024-02-18,S001,SIE-004,0
2024-02-18,S001,SIE-005,0
2024-02-18,S001,SIE-006,1
2024-02-18,S001,CEP-001,0
2024-02-18,S001,CEP-002,0
2024-02-18,S001,CEP-003,0
2024-02-18,S001,CEP-004,2
2024-02-18,S001,CEP-005,2
2024-02-18,S002,ESM-001,0
2024-02-18,S002,ESM-002,0
2024-02-18,S002,ESM-003,2
2024-02-18,S002,ESM-004,2
2024-02-18,S002,ESM-005,2
2024-02-18,S002,ESM-006,3
2024-02-18,S002,ESM-007,2
2024-02-18,S002,ESM-008,0
2024-02-18,S002,ESM-009,1
2024-02-18,S002,ESM-010,4
2024-02-18,S002,DES-001,5
2024-02-18,S002,DES-002,5
2024-02-18,S002,DES-003,8
2024-02-18,S002,DES-004,5
2024-02-18,S002,DES-005,5
2024-02-18,S002,DES-006,3
2024-02-18,S002,DES-007,5
2024-02-18,S002,DES-008,6
2024-02-18,S002,DES-009,6
2024-02-18,S002,DES-010,5
2024-02-18,S002,DES-011,5
2024-02-18,S002,DES-012,6
2024-02-18,S002,DES-013,5
2024-02-18,S002,DES-014,7
2024-02-18,S002,DES-015,3
2024-02-18,S002,TAL-001,2
2024-02-18,S002,TAL-002,0
2024-02-18,S002,TAL-003,1
2024-02-18,S002,TAL-004,3
2024-02-18,S002,TAL-005,1
2024-02-18,S002,TAL-006,1
2024-02-18,S002,TAL-007,2
2024-02-18,S002,TAL-008,2
2024-02-18,S002,SIE-001,1
2024-02-18,S002,SIE-002,1
2024-02-18,S002,SIE-003,0
2024-02-18,S002,SIE-004,1
2024-02-18,S002,SIE-005,1
2024-02-18,S002,SIE-006,0
2024-02-18,S002,CEP-001,2
2024-02-18,S002,CEP-002,1
2024-02-18,S002,CEP-003,1
2024-02-18,S002,CEP-004,1
2024-02-18,S002,CEP-005,1
2024-02-18,S003,ESM-001,0
2024-02-18,S003,ESM-002,1
2024-02-18,S003,ESM-003,1
2024-02-18,S003,ESM-004,1
2024-02-18,S003,ESM-005,2
2024-02-18,S003,ESM-006,1
2024-02-18,S003,ESM-007,0
2024-02-18,S003,ESM-008,1
2024-02-18,S003,ESM-009,1
2024-02-18,S003,ESM-010,2
2024-02-18,S003,DES-001,2
2024-02-18,S003,DES-002,3
2024-02-18,S003,DES-003,2
2024-02-18,S003,DES-004,4
2024-02-18,S003,DES-005,4
2024-02-18,S003,DES-006,5
2024-02-18,S003,DES-007,3
2024-02-18,S003,DES-008,2
2024-02-18,S003,DES-009,4
2024-02-18,S003,DES-010,6
2024-02-18,S003,DES-011,6
2024-02-18,S003,DES-012,2
2024-02-18,S003,DES-013,4
2024-02-18,S003,DES-014,3
2024-02-18,S003,DES-015,5
2024-02-18,S003,TAL-001,1
2024-02-18,S003,TAL-002,1
2024-02-18,S003,TAL-003,1
2024-02-18,S003,TAL-004,1
2024-02-18,S003,TAL-005,1
2024-02-18,S003,TAL-006,1
2024-02-18,S003,TAL-007,0
2024-02-18,S003,TAL-008,1
2024-02-18,S003,SIE-001,0
2024-02-18,S003,SIE-002,1
2024-02-18,S003,SIE-003,1
2024-02-18,S003,SIE-004,1
2024-02-18,S003,SIE-005,0
2024-02-18,S003,SIE-006,0
2024-02-18,S003,CEP-001,0
2024-02-18,S003,CEP-002,1
2024-02-18,S003,CEP-003,1
2024-02-18,S003,CEP-004,1
2024-02-18,S003,CEP-005,1
2024-02-18,S004,ESM-001,0
2024-02-18,S004,ESM-002,2
2024-02-18,S004,ESM-003,2
2024-02-18,S004,ESM-004,0
2024-02-18,S004,ESM-005,1
2024-02-18,S004,ESM-006,1
2024-02-18,S004,ESM-007,1
2024-02-18,S004,ESM-008,0
2024-02-18,S004,ESM-009,1
2024-02-18,S004,ESM-010,1
2024-02-18,S004,DES-001,6
2024-02-18,S004,DES-002,4
2024-02-18,S004,DES-003,2
2024-02-18,S004,DES-004,2
2024-02-18,S004,DES-005,6
2024-02-18,S004,DES-006,4
2024-02-18,S004,DES-007,4
2024-02-18,S004,DES-008,3
2024-02-18,S004,DES-009,3
2024-02-18,S004,DES-010,5
2024-02-18,S004,DES-011,4
2024-02-18,S004,DES-012,4
2024-02-18,S004,DES-013,4
2024-02-18,S004,DES-014,4
2024-02-18,S004,DES-015,2
2024-02-18,S004,TAL-001,1
2024-02-18,S004,TAL-002,1
2024-02-18,S004,TAL-003,0
2024-02-18,S004,TAL-004,1
2024-02-18,S004,TAL-005,1
2024-02-18,S004,TAL-006,1
2024-02-18,S004,TAL-007,1
2024-02-18,S004,TAL-008,0
2024-02-18,S004,SIE-001,0
2024-02-18,S004,SIE-002,0
2024-02-18,S004,SIE-003,0
2024-02-18,S004,SIE-004,1
2024-02-18,S004,SIE-005,0
2024-02-18,S004,SIE-006,1
2024-02-18,S004,CEP-001,1
2024-02-18,S004,CEP-002,1
2024-02-18,S004,CEP-003,1
2024-02-18,S004,CEP-004,1
2024-02-18,S004,CEP-005,1
2024-02-19,S001,ESM-001,2
2024-02-19,S001,ESM-002,2
2024-02-19,S001,ESM-003,2
2024-02-19,S001,ESM-004,1
2024-02-19,S001,ESM-005,1
2024-02-19,S001,ESM-006,0
2024-02-19,S001,ESM-007,0
2024-02-19,S001,ESM-008,1
2024-02-19,S001,ESM-009,2
2024-02-19,S001,ESM-010,2
2024-02-19,S001,DES-001,5
2024-02-19,S001,DES-002,9
2024-02-19,S001,DES-003,6
2024-02-19,S001,DES-004,5
2024-02-19,S001,DES-005,8
2024-02-19,S001,DES-006,2
2024-02-19,S001,DES-007,3
2024-02-19,S001,DES-008,7
2024-02-19,S001,DES-009,6
2024-02-19,S001,DES-010,4
2024-02-19,S001,DES-011,6
2024-02-19,S001,DES-012,6
2024-02-19,S001,DES-013,7
2024-02-19,S001,DES-014,8
2024-02-19,S001,DES-015,7
2024-02-19,S001,TAL-001,1
2024-02-19,S001,TAL-002,2
2024-02-19,S001,TAL-003,1
2024-02-19,S001,TAL-004,0
2024-02-19,S001,TAL-005,1
2024-02-19,S001,TAL-006,0
2024-02-19,S001,TAL-007,1
2024-02-19,S001,TAL-008,0
2024-02-19,S001,SIE-001,1
2024-02-19,S001,SIE-002,0
2024-02-19,S001,SIE-003,1
2024-02-19,S001,SIE-004,1
2024-02-19,S001,SIE-005,1
2024-02-19,S001,SIE-006,1
2024-02-19,S001,CEP-001,1
2024-02-19,S001,CEP-002,2
2024-02-19,S001,CEP-003,1
2024-02-19,S001,CEP-004,1
2024-02-19,S001,CEP-005,1
2024-02-19,S002,ESM-001,1
2024-02-19,S002,ESM-002,2
2024-02-19,S002,ESM-003,2
2024-02-19,S002,ESM-004,1
2024-02-19,S002,ESM-005,0
2024-02-19,S002,ESM-006,3
2024-02-19,S002,ESM-007,1
2024-02-19,S002,ESM-008,1
2024-02-19,S002,ESM-009,0
2024-02-19,S002,ESM-010,1
2024-02-19,S002,DES-001,4
2024-02-19,S002,DES-002,6
2024-02-19,S002,DES-003,7
2024-02-19,S002,DES-004,1
2024-02-19,S002,DES-005,9
2024-02-19,S002,DES-006,6
2024-02-19,S002,DES-007,5
2024-02-19,S002,DES-008,5
2024-02-19,S002,DES-009,6
2024-02-19,S002,DES-010,7
2024-02-19,S002,DES-011,5
2024-02-19,S002,DES-012,5
2024-02-19,S002,DES-013,4
2024-02-19,S002,DES-014,5
2024-02-19,S002,DES-015,4
2024-02-19,S002,TAL-001,1
2024-02-19,S002,TAL-002,1
2024-02-19,S002,TAL-003,1
2024-02-19,S002,TAL-004,2
2024-02-19,S002,TAL-005,0
2024-02-19,S002,TAL-006,1
2024-02-19,S002,TAL-007,0
2024-02-19,S002,TAL-008,1
2024-02-19,S002,SIE-001,0
2024-02-19,S002,SIE-002,1
2024-02-19,S002,SIE-003,1
2024-02-19,S002,SIE-004,1
2024-02-19,S002,SIE-005,0
2024-02-19,S002,SIE-006,1
2024-02-19,S002,CEP-001,0
2024-02-19,S002,CEP-002,2
2024-02-19,S002,CEP-003,2
2024-02-19,S002,CEP-004,1
2024-02-19,S002,CEP-005,2
2024-02-19,S003,ESM-001,0
2024-02-19,S003,ESM-002,1
2024-02-19,S003,ESM-003,2
2024-02-19,S003,ESM-004,1
2024-02-19,S003,ESM-005,1
2024-02-19,S003,ESM-006,2
2024-02-19,S003,ESM-007,1
2024-02-19,S003,ESM-008,2
2024-02-19,S003,ESM-009,1
2024-02-19,S003,ESM-010,2
2024-02-19,S003,DES-001,4
2024-02-19,S003,DES-002,4
2024-02-19,S003,DES-003,5
2024-02-19,S003,DES-004,5
2024-02-19,S003,DES-005,3
2024-02-19,S003,DES-006,5
2024-02-19,S003,DES-007,3
2024-02-19,S003,DES-008,5
2024-02-19,S003,DES-009,2
2024-02-19,S003,DES-010,3
2024-02-19,S003,DES-011,4
2024-02-19,S003,DES-012,4
2024-02-19,S003,DES-013,4
2024-02-19,S003,DES-014,3
2024-02-19,S003,DES-015,5
2024-02-19,S003,TAL-001,1
2024-02-19,S003,TAL-002,0
2024-02-19,S003,TAL-003,1
2024-02-19,S003,TAL-004,0
2024-02-19,S003,TAL-005,0
2024-02-19,S003,TAL-006,1
2024-02-19,S003,TAL-007,0
2024-02-19,S003,TAL-008,0
2024-02-19,S003,SIE-001,1
2024-02-19,S003,SIE-002,1
2024-02-19,S003,SIE-003,1
2024-02-19,S003,SIE-004,1
2024-02-19,S003,SIE-005,0
2024-02-19,S003,SIE-006,0
2024-02-19,S003,CEP-001,1
2024-02-19,S003,CEP-002,1
2024-02-19,S003,CEP-003,1
2024-02-19,S003,CEP-004,0
2024-02-19,S003,CEP-005,1
2024-02-19,S004,ESM-001,1
2024-02-19,S004,ESM-002,1
2024-02-19,S004,ESM-003,1
2024-02-19,S004,ESM-004,1
2024-02-19,S004,ESM-005,1
2024-02-19,S004,ESM-006,1
2024-02-19,S004,ESM-007,1
2024-02-19,S004,ESM-008,2
2024-02-19,S004,ESM-009,1
2024-02-19,S004,ESM-010,0
2024-02-19,S004,DES-001,6
2024-02-19,S004,DES-002,4
2024-02-19,S004,DES-003,5
2024-02-19,S004,DES-004,3
2024-02-19,S004,DES-005,5
2024-02-19,S004,DES-006,3
2024-02-19,S004,DES-007,3
2024-02-19,S004,DES-008,5
2024-02-19,S004,DES-009,5
2024-02-19,S004,DES-010,4
2024-02-19,S004,DES-011,5
2024-02-19,S004,DES-012,4
2024-02-19,S004,DES-013,4
2024-02-19,S004,DES-014,1
2024-02-19,S004,DES-015,3
2024-02-19,S004,TAL-001,1
2024-02-19,S004,TAL-002,1
2024-02-19,S004,TAL-003,0
2024-02-19,S004,TAL-004,0
2024-02-19,S004,TAL-005,1
2024-02-19,S004,TAL-006,0
2024-02-19,S004,TAL-007,1
2024-02-19,S004,TAL-008,1
2024-02-19,S004,SIE-001,0
2024-02-19,S004,SIE-002,0
2024-02-19,S004,SIE-003,0
2024-02-19,S004,SIE-004,1
2024-02-19,S004,SIE-005,1
2024-02-19,S004,SIE-006,1
2024-02-19,S004,CEP-001,1
2024-02-19,S004,CEP-002,2
2024-02-19,S004,CEP-003,1
2024-02-19,S004,CEP-004,1
2024-02-19,S004,CEP-005,1
2024-02-20,S001,ESM-001,0
2024-02-20,S001,ESM-002,2
2024-02-20,S001,ESM-003,3
2024-02-20,S001,ESM-004,3
2024-02-20,S001,ESM-005,1
2024-02-20,S001,ESM-006,0
2024-02-20,S001,ESM-007,1
2024-02-20,S001,ESM-008,2
2024-02-20,S001,ESM-009,2
2024-02-20,S001,ESM-010,2
2024-02-20,S001,DES-001,7
2024-02-20,S001,DES-002,7
2024-02-20,S001,DES-003,4
2024-02-20,S001,DES-004,5
2024-02-20,S001,DES-005,6
2024-02-20,S001,DES-006,7
2024-02-20,S001,DES-007,4
2024-02-20,S001,DES-008,7
2024-02-20,S001,DES-009,5
2024-02-20,S001,DES-010,4
2024-02-20,S001,DES-011,6
2024-02-20,S001,DES-012,8
2024-02-20,S001,DES-013,6
2024-02-20,S001,DES-014,5
2024-02-20,S001,DES-015,5
2024-02-20,S001,TAL-001,1
2024-02-20,S001,TAL-002,1
2024-02-20,S001,TAL-003,1
2024-02-20,S001,TAL-004,1
2024-02-20,S001,TAL-005,2
2024-02-20,S001,TAL-006,0
2024-02-20,S001,TAL-007,1
2024-02-20,S001,TAL-008,1
2024-02-20,S001,SIE-001,1
2024-02-20,S001,SIE-002,1
2024-02-20,S001,SIE-003,1
2024-02-20,S001,SIE-004,0
2024-02-20,S001,SIE-005,1
2024-02-20,S001,SIE-006,1
2024-02-20,S001,CEP-001,2
2024-02-20,S001,CEP-002,1
2024-02-20,S001,CEP-003,2
2024-02-20,S001,CEP-004,3
2024-02-20,S001,CEP-005,2
2024-02-20,S002,ESM-001,0
2024-02-20,S002,ESM-002,3
2024-02-20,S002,ESM-003,1
2024-02-20,S002,ESM-004,1
2024-02-20,S002,ESM-005,0
2024-02-20,S002,ESM-006,2
2024-02-20,S002,ESM-007,1
2024-02-20,S002,ESM-008,1
2024-02-20,S002,ESM-009,2
2024-02-20,S002,ESM-010,1
2024-02-20,S002,DES-001,2
2024-02-20,S002,DES-002,7
2024-02-20,S002,DES-003,9
2024-02-20,S002,DES-004,3
2024-02-20,S002,DES-005,6
2024-02-20,S002,DES-006,6
2024-02-20,S002,DES-007,6
2024-02-20,S002,DES-008,6
2024-02-20,S002,DES-009,5
2024-02-20,S002,DES-010,5
2024-02-20,S002,DES-011,4
2024-02-20,S002,DES-012,3
2024-02-20,S002,DES-013,5
2024-02-20,S002,DES-014,8
2024-02-20,S002,DES-015,6
2024-02-20,S002,TAL-001,0
2024-02-20,S002,TAL-002,1
2024-02-20,S002,TAL-003,2
2024-02-20,S002,TAL-004,0
2024-02-20,S002,TAL-005,1
2024-02-20,S002,TAL-006,1
2024-02-20,S002,TAL-007,1
2024-02-20,S002,TAL-008,1
2024-02-20,S002,SIE-001,1
2024-02-20,S002,SIE-002,0
2024-02-20,S002,SIE-003,1
2024-02-20,S002,SIE-004,1
2024-02-20,S002,SIE-005,0
2024-02-20,S002,SIE-006,0
2024-02-20,S002,CEP-001,1
2024-02-20,S002,CEP-002,1
2024-02-20,S002,CEP-003,2
2024-02-20,S002,CEP-004,1
2024-02-20,S002,CEP-005,1
2024-02-20,S003,ESM-001,0
2024-02-20,S003,ESM-002,1
2024-02-20,S003,ESM-003,2
2024-02-20,S003,ESM-004,1
2024-02-20,S003,ESM-005,1
2024-02-20,S003,ESM-006,1
2024-02-20,S003,ESM-007,1
2024-02-20,S003,ESM-008,1
2024-02-20,S003,ESM-009,0
2024-02-20,S003,ESM-010,1
2024-02-20,S003,DES-001,5
2024-02-20,S003,DES-002,3
2024-02-20,S003,DES-003,2
2024-02-20,S003,DES-004,3
2024-02-20,S003,DES-005,5
2024-02-20,S003,DES-006,6
2024-02-20,S003,DES-007,3
2024-02-20,S003,DES-008,2
2024-02-20,S003,DES-009,4
2024-02-20,S003,DES-010,7
2024-02-20,S003,DES-011,4
2024-02-20,S003,DES-012,4
2024-02-20,S003,DES-013,4
2024-02-20,S003,DES-014,6
2024-02-20,S003,DES-015,4
2024-02-20,S003,TAL-001,1
2024-02-20,S003,TAL-002,0
2024-02-20,S003,TAL-003,0
2024-02-20,S003,TAL-004,1
2024-02-20,S003,TAL-005,0
2024-02-20,S003,TAL-006,1
2024-02-20,S003,TAL-007,1
2024-02-20,S003,TAL-008,0
2024-02-20,S003,SIE-001,0
2024-02-20,S003,SIE-002,0
2024-02-20,S003,SIE-003,0
2024-02-20,S003,SIE-004,0
2024-02-20,S003,SIE-005,1
2024-02-20,S003,SIE-006,1
2024-02-20,S003,CEP-001,2
2024-02-20,S003,CEP-002,1
2024-02-20,S003,CEP-003,1
2024-02-20,S003,CEP-004,1
2024-02-20,S003,CEP-005,1
2024-02-20,S004,ESM-001,1
2024-02-20,S004,ESM-002,0
2024-02-20,S004,ESM-003,0
2024-02-20,S004,ESM-004,1
2024-02-20,S004,ESM-005,2
2024-02-20,S004,ESM-006,1
2024-02-20,S004,ESM-007,2
2024-02-20,S004,ESM-008,1
2024-02-20,S004,ESM-009,0
2024-02-20,S004,ESM-010,1
2024-02-20,S004,DES-001,2
2024-02-20,S004,DES-002,3
2024-02-20,S004,DES-003,4
2024-02-20,S004,DES-004,5
2024-02-20,S004,DES-005,4
2024-02-20,S004,DES-006,3
2024-02-20,S004,DES-007,4
2024-02-20,S004,DES-008,3
2024-02-20,S004,DES-009,3
2024-02-20,S004,DES-010,3
2024-02-20,S004,DES-011,2
2024-02-20,S004,DES-012,2
2024-02-20,S004,DES-013,4
2024-02-20,S004,DES-014,3
2024-02-20,S004,DES-015,4
2024-02-20,S004,TAL-001,1
2024-02-20,S004,TAL-002,1
2024-02-20,S004,TAL-003,1
2024-02-20,S004,TAL-004,0
2024-02-20,S004,TAL-005,0
2024-02-20,S004,TAL-006,1
2024-02-20,S004,TAL-007,0
2024-02-20,S004,TAL-008,1
2024-02-20,S004,SIE-001,0
2024-02-20,S004,SIE-002,1
2024-02-20,S004,SIE-003,1
2024-02-20,S004,SIE-004,0
2024-02-20,S004,SIE-005,0
2024-02-20,S004,SIE-006,1
2024-02-20,S004,CEP-001,1
2024-02-20,S004,CEP-002,0
2024-02-20,S004,CEP-003,1
2024-02-20,S004,CEP-004,0
2024-02-20,S004,CEP-005,1
2024-02-21,S001,ESM-001,3
2024-02-21,S001,ESM-002,0
2024-02-21,S001,ESM-003,1
2024-02-21,S001,ESM-004,1
2024-02-21,S001,ESM-005,1
2024-02-21,S001,ESM-006,1
2024-02-21,S001,ESM-007,2
2024-02-21,S001,ESM-008,1
2024-02-21,S001,ESM-009,2
2024-02-21,S001,ESM-010,2
2024-02-21,S001,DES-001,8
2024-02-21,S001,DES-002,8
2024-02-21,S001,DES-003,4
2024-02-21,S001,DES-004,7
2024-02-21,S001,DES-005,6
2024-02-21,S001,DES-006,7
2024-02-21,S001,DES-007,8
2024-02-21,S001,DES-008,4
2024-02-21,S001,DES-009,5
2024-02-21,S001,DES-010,7
2024-02-21,S001,DES-011,6
2024-02-21,S001,DES-012,5
2024-02-21,S001,DES-013,7
2024-02-21,S001,DES-014,5
2024-02-21,S001,DES-015,6
2024-02-21,S001,TAL-001,1
2024-02-21,S001,TAL-002,1
2024-02-21,S001,TAL-003,2
2024-02-21,S001,TAL-004,1
2024-02-21,S001,TAL-005,1
2024-02-21,S001,TAL-006,1
2024-02-21,S001,TAL-007,1
2024-02-21,S001,TAL-008,0
2024-02-21,S001,SIE-001,0
2024-02-21,S001,SIE-002,1
2024-02-21,S001,SIE-003,0
2024-02-21,S001,SIE-004,0
2024-02-21,S001,SIE-005,1
2024-02-21,S001,SIE-006,0
2024-02-21,S001,CEP-001,2
2024-02-21,S001,CEP-002,1
2024-02-21,S001,CEP-003,1
2024-02-21,S001,CEP-004,1
2024-02-21,S001,CEP-005,3
2024-02-21,S002,ESM-001,1
2024-02-21,S002,ESM-002,0
2024-02-21,S002,ESM-003,2
2024-02-21,S002,ESM-004,0
2024-02-21,S002,ESM-005,0
2024-02-21,S002,ESM-006,2
2024-02-21,S002,ESM-007,1
2024-02-21,S002,ESM-008,1
2024-02-21,S002,ESM-009,1
2024-02-21,S002,ESM-010,2
2024-02-21,S002,DES-001,5
2024-02-21,S002,DES-002,2
2024-02-21,S002,DES-003,4
2024-02-21,S002,DES-004,4
2024-02-21,S002,DES-005,6
2024-02-21,S002,DES-006,4
2024-02-21,S002,DES-007,10
2024-02-21,S002,DES-008,5
2024-02-21,S002,DES-009,6
2024-02-21,S002,DES-010,3
2024-02-21,S002,DES-011,8
2024-02-21,S002,DES-012,8
2024-02-21,S002,DES-013,8
2024-02-21,S002,DES-014,7
2024-02-21,S002,DES-015,6
2024-02-21,S002,TAL-001,2
2024-02-21,S002,TAL-002,1
2024-02-21,S002,TAL-003,0
2024-02-21,S002,TAL-004,1
2024-02-21,S002,TAL-005,0
2024-02-21,S002,TAL-006,2
2024-02-21,S002,TAL-007,1
2024-02-21,S002,TAL-008,0
2024-02-21,S002,SIE-001,1
2024-02-21,S002,SIE-002,1
2024-02-21,S002,SIE-003,2
2024-02-21,S002,SIE-004,1
2024-02-21,S002,SIE-005,1
2024-02-21,S002,SIE-006,0
2024-02-21,S002,CEP-001,0
2024-02-21,S002,CEP-002,2
2024-02-21,S002,CEP-003,2
2024-02-21,S002,CEP-004,1
2024-02-21,S002,CEP-005,1
2024-02-21,S003,ESM-001,1
2024-02-21,S003,ESM-002,2
2024-02-21,S003,ESM-003,0
2024-02-21,S003,ESM-004,1
2024-02-21,S003,ESM-005,0
2024-02-21,S003,ESM-006,1
2024-02-21,S003,ESM-007,1
2024-02-21,S003,ESM-008,2
2024-02-21,S003,ESM-009,1
2024-02-21,S003,ESM-010,0
2024-02-21,S003,DES-001,2
2024-02-21,S003,DES-002,3
2024-02-21,S003,DES-003,4
2024-02-21,S003,DES-004,4
2024-02-21,S003,DES-005,3
2024-02-21,S003,DES-006,3
2024-02-21,S003,DES-007,4
2024-02-21,S003,DES-008,5
2024-02-21,S003,DES-009,3
2024-02-21,S003,DES-010,6
2024-02-21,S003,DES-011,4
2024-02-21,S003,DES-012,5
2024-02-21,S003,DES-013,5
2024-02-21,S003,DES-014,4
2024-02-21,S003,DES-015,3
2024-02-21,S003,TAL-001,1
2024-02-21,S003,TAL-002,1
2024-02-21,S003,TAL-003,1
2024-02-21,S003,TAL-004,1
2024-02-21,S003,TAL-005,0
2024-02-21,S003,TAL-006,0
2024-02-21,S003,TAL-007,0
2024-02-21,S003,TAL-008,0
2024-02-21,S003,SIE-001,1
2024-02-21,S003,SIE-002,1
2024-02-21,S003,SIE-003,0
2024-02-21,S003,SIE-004,0
2024-02-21,S003,SIE-005,0
2024-02-21,S003,SIE-006,0
2024-02-21,S003,CEP-001,1
2024-02-21,S003,CEP-002,1
2024-02-21,S003,CEP-003,2
2024-02-21,S003,CEP-004,1
2024-02-21,S003,CEP-005,0
2024-02-21,S004,ESM-001,1
2024-02-21,S004,ESM-002,0
2024-02-21,S004,ESM-003,1
2024-02-21,S004,ESM-004,0
2024-02-21,S004,ESM-005,1
2024-02-21,S004,ESM-006,0
2024-02-21,S004,ESM-007,2
2024-02-21,S004,ESM-008,1
2024-02-21,S004,ESM-009,1
2024-02-21,S004,ESM-010,1
2024-02-21,S004,DES-001,2
2024-02-21,S004,DES-002,4
2024-02-21,S004,DES-003,4
2024-02-21,S004,DES-004,5
2024-02-21,S004,DES-005,4
2024-02-21,S004,DES-006,3
2024-02-21,S004,DES-007,4
2024-02-21,S004,DES-008,4
2024-02-21,S004,DES-009,4
2024-02-21,S004,DES-010,2
2024-02-21,S004,DES-011,6
2024-02-21,S004,DES-012,3
2024-02-21,S004,DES-013,3
2024-02-21,S004,DES-014,4
2024-02-21,S004,DES-015,3
2024-02-21,S004,TAL-001,1
2024-02-21,S004,TAL-002,1
2024-02-21,S004,TAL-003,0
2024-02-21,S004,TAL-004,1
2024-02-21,S004,TAL-005,1
2024-02-21,S004,TAL-006,1
2024-02-21,S004,TAL-007,1
2024-02-21,S004,TAL-008,1
2024-02-21,S004,SIE-001,0
2024-02-21,S004,SIE-002,0
2024-02-21,S004,SIE-003,1
2024-02-21,S004,SIE-004,0
2024-02-21,S004,SIE-005,1
2024-02-21,S004,SIE-006,0
2024-02-21,S004,CEP-001,1
2024-02-21,S004,CEP-002,1
2024-02-21,S004,CEP-003,1
2024-02-21,S004,CEP-004,0
2024-02-21,S004,CEP-005,1
2024-02-22,S001,ESM-001,2
2024-02-22,S001,ESM-002,1
2024-02-22,S001,ESM-003,1
2024-02-22,S001,ESM-004,0
2024-02-22,S001,ESM-005,2
2024-02-22,S001,ESM-006,2
2024-02-22,S001,ESM-007,2
2024-02-22,S001,ESM-008,2
2024-02-22,S001,ESM-009,1
2024-02-22,S001,ESM-010,1
2024-02-22,S001,DES-001,6
2024-02-22,S001,DES-002,4
2024-02-22,S001,DES-003,4
2024-02-22,S001,DES-004,7
2024-02-22,S001,DES-005,7
2024-02-22,S001,DES-006,8
2024-02-22,S001,DES-007,3
2024-02-22,S001,DES-008,7
2024-02-22,S001,DES-009,6
2024-02-22,S001,DES-010,4
2024-02-22,S001,DES-011,6
2024-02-22,S001,DES-012,6
2024-02-22,S001,DES-013,7
2024-02-22,S001,DES-014,5
2024-02-22,S001,DES-015,5
2024-02-22,S001,TAL-001,2
2024-02-22,S001,TAL-002,3
2024-02-22,S001,TAL-003,1
2024-02-22,S001,TAL-004,0
2024-02-22,S001,TAL-005,1
2024-02-22,S001,TAL-006,3
2024-02-22,S001,TAL-007,1
2024-02-22,S001,TAL-008,0
2024-02-22,S001,SIE-001,1
2024-02-22,S001,SIE-002,1
2024-02-22,S001,SIE-003,1
2024-02-22,S001,SIE-004,1
2024-02-22,S001,SIE-005,0
2024-02-22,S001,SIE-006,1
2024-02-22,S001,CEP-001,2
2024-02-22,S001,CEP-002,1
2024-02-22,S001,CEP-003,1
2024-02-22,S001,CEP-004,1
2024-02-22,S001,CEP-005,1
2024-02-22,S002,ESM-001,0
2024-02-22,S002,ESM-002,1
2024-02-22,S002,ESM-003,1
2024-02-22,S002,ESM-004,2
2024-02-22,S002,ESM-005,1
2024-02-22,S002,ESM-006,1
2024-02-22,S002,ESM-007,1
2024-02-22,S002,ESM-008,1
2024-02-22,S002,ESM-009,0
2024-02-22,S002,ESM-010,1
2024-02-22,S002,DES-001,7
2024-02-22,S002,DES-002,7
2024-02-22,S002,DES-003,8
2024-02-22,S002,DES-004,4
2024-02-22,S002,DES-005,6
2024-02-22,S002,DES-006,5
2024-02-22,S002,DES-007,5
2024-02-22,S002,DES-008,6
2024-02-22,S002,DES-009,5
2024-02-22,S002,DES-010,6
2024-02-22,S002,DES-011,6
2024-02-22,S002,DES-012,5
2024-02-22,S002,DES-013,6
2024-02-22,S002,DES-014,7
2024-02-22,S002,DES-015,6
2024-02-22,S002,TAL-001,1
2024-02-22,S002,TAL-002,1
2024-02-22,S002,TAL-003,2
2024-02-22,S002,TAL-004,0
2024-02-22,S002,TAL-005,1
2024-02-22,S002,TAL-006,1
2024-02-22,S002,TAL-007,0
2024-02-22,S002,TAL-008,0
2024-02-22,S002,SIE-001,0
2024-02-22,S002,SIE-002,2
2024-02-22,S002,SIE-003,1
2024-02-22,S002,SIE-004,2
2024-02-22,S002,SIE-005,1
2024-02-22,S002,SIE-006,1
2024-02-22,S002,CEP-001,1
2024-02-22,S002,CEP-002,2
2024-02-22,S002,CEP-003,1
2024-02-22,S002,CEP-004,1
2024-02-22,S002,CEP-005,2
2024-02-22,S003,ESM-001,1
2024-02-22,S003,ESM-002,1
2024-02-22,S003,ESM-003,1
2024-02-22,S003,ESM-004,0
2024-02-22,S003,ESM-005,1
2024-02-22,S003,ESM-006,1
2024-02-22,S003,ESM-007,0
2024-02-22,S003,ESM-008,1
2024-02-22,S003,ESM-009,0
2024-02-22,S003,ESM-010,1
2024-02-22,S003,DES-001,2
2024-02-22,S003,DES-002,4
2024-02-22,S003,DES-003,3
2024-02-22,S003,DES-004,4
2024-02-22,S003,DES-005,3
2024-02-22,S003,DES-006,4
2024-02-22,S003,DES-007,4
2024-02-22,S003,DES-008,3
2024-02-22,S003,DES-009,3
2024-02-22,S003,DES-010,2
2024-02-22,S003,DES-011,2
2024-02-22,S003,DES-012,4
2024-02-22,S003,DES-013,5
2024-02-22,S003,DES-014,3
2024-02-22,S003,DES-015,3
2024-02-22,S003,TAL-001,1
2024-02-22,S003,TAL-002,1
2024-02-22,S003,TAL-003,1
2024-02-22,S003,TAL-004,0
2024-02-22,S003,TAL-005,1
2024-02-22,S003,TAL-006,1
2024-02-22,S003,TAL-007,0
2024-02-22,S003,TAL-008,0
2024-02-22,S003,SIE-001,1
2024-02-22,S003,SIE-002,0
2024-02-22,S003,SIE-003,1
2024-02-22,S003,SIE-004,1
2024-02-22,S003,SIE-005,1
2024-02-22,S003,SIE-006,1
2024-02-22,S003,CEP-001,1
2024-02-22,S003,CEP-002,1
2024-02-22,S003,CEP-003,0
2024-02-22,S003,CEP-004,1
2024-02-22,S003,CEP-005,1
2024-02-22,S004,ESM-001,0
2024-02-22,S004,ESM-002,2
2024-02-22,S004,ESM-003,1
2024-02-22,S004,ESM-004,2
2024-02-22,S004,ESM-005,1
2024-02-22,S004,ESM-006,1
2024-02-22,S004,ESM-007,1
2024-02-22,S004,ESM-008,1
2024-02-22,S004,ESM-009,1
2024-02-22,S004,ESM-010,0
2024-02-22,S004,DES-001,3
2024-02-22,S004,DES-002,4
2024-02-22,S004,DES-003,5
2024-02-22,S004,DES-004,4
2024-02-22,S004,DES-005,2
2024-02-22,S004,DES-006,4
2024-02-22,S004,DES-007,5
2024-02-22,S004,DES-008,4
2024-02-22,S004,DES-009,4
2024-02-22,S004,DES-010,6
2024-02-22,S004,DES-011,5
2024-02-22,S004,DES-012,5
2024-02-22,S004,DES-013,4
2024-02-22,S004,DES-014,4
2024-02-22,S004,DES-015,6
2024-02-22,S004,TAL-001,0
2024-02-22,S004,TAL-002,1
2024-02-22,S004,TAL-003,0
2024-02-22,S004,TAL-004,1
2024-02-22,S004,TAL-005,1
2024-02-22,S004,TAL-006,0
2024-02-22,S004,TAL-007,1
2024-02-22,S004,TAL-008,2
2024-02-22,S004,SIE-001,0
2024-02-22,S004,SIE-002,0
2024-02-22,S004,SIE-003,0
2024-02-22,S004,SIE-004,0
2024-02-22,S004,SIE-005,0
2024-02-22,S004,SIE-006,1
2024-02-22,S004,CEP-001,0
2024-02-22,S004,CEP-002,0
2024-02-22,S004,CEP-003,1
2024-02-22,S004,CEP-004,0
2024-02-22,S004,CEP-005,0
2024-02-23,S001,ESM-001,2
2024-02-23,S001,ESM-002,2
2024-02-23,S001,ESM-003,1
2024-02-23,S001,ESM-004,2
2024-02-23,S001,ESM-005,3
2024-02-23,S001,ESM-006,1
2024-02-23,S001,ESM-007,1
2024-02-23,S001,ESM-008,2
2024-02-23,S001,ESM-009,1
2024-02-23,S001,ESM-010,1
2024-02-23,S001,DES-001,1
2024-02-23,S001,DES-002,4
2024-02-23,S001,DES-003,7
2024-02-23,S001,DES-004,6
2024-02-23,S001,DES-005,4
2024-02-23,S001,DES-006,4
2024-02-23,S001,DES-007,5
2024-02-23,S001,DES-008,4
2024-02-23,S001,DES-009,9
2024-02-23,S001,DES-010,4
2024-02-23,S001,DES-011,7
2024-02-23,S001,DES-012,3
2024-02-23,S001,DES-013,4
2024-02-23,S001,DES-014,5
2024-02-23,S001,DES-015,6
2024-02-23,S001,TAL-001,1
2024-02-23,S001,TAL-002,2
2024-02-23,S001,TAL-003,0
2024-02-23,S001,TAL-004,1
2024-02-23,S001,TAL-005,1
2024-02-23,S001,TAL-006,1
2024-02-23,S001,TAL-007,1
2024-02-23,S001,TAL-008,0
2024-02-23,S001,SIE-001,0
2024-02-23,S001,SIE-002,0
2024-02-23,S001,SIE-003,1
2024-02-23,S001,SIE-004,0
2024-02-23,S001,SIE-005,2
2024-02-23,S001,SIE-006,0
2024-02-23,S001,CEP-001,2
2024-02-23,S001,CEP-002,1
2024-02-23,S001,CEP-003,1
2024-02-23,S001,CEP-004,2
2024-02-23,S001,CEP-005,3
2024-02-23,S002,ESM-001,2
2024-02-23,S002,ESM-002,3
2024-02-23,S002,ESM-003,1
2024-02-23,S002,ESM-004,1
2024-02-23,S002,ESM-005,1
2024-02-23,S002,ESM-006,3
2024-02-23,S002,ESM-007,2
2024-02-23,S002,ESM-008,1
2024-02-23,S002,ESM-009,1
2024-02-23,S002,ESM-010,2
2024-02-23,S002,DES-001,3
2024-02-23,S002,DES-002,5
2024-02-23,S002,DES-003,7
2024-02-23,S002,DES-004,6
2024-02-23,S002,DES-005,6
2024-02-23,S002,DES-006,4
2024-02-23,S002,DES-007,6
2024-02-23,S002,DES-008,8
2024-02-23,S002,DES-009,6
2024-02-23,S002,DES-010,7
2024-02-23,S002,DES-011,8
2024-02-23,S002,DES-012,6
2024-02-23,S002,DES-013,4
2024-02-23,S002,DES-014,5
2024-02-23,S002,DES-015,6
2024-02-23,S002,TAL-001,1
2024-02-23,S002,TAL-002,0
2024-02-23,S002,TAL-003,1
2024-02-23,S002,TAL-004,0
2024-02-23,S002,TAL-005,0
2024-02-23,S002,TAL-006,0
2024-02-23,S002,TAL-007,1
2024-02-23,S002,TAL-008,1
2024-02-23,S002,SIE-001,0
2024-02-23,S002,SIE-002,1
2024-02-23,S002,SIE-003,1
2024-02-23,S002,SIE-004,1
2024-02-23,S002,SIE-005,2
2024-02-23,S002,SIE-006,1
2024-02-23,S002,CEP-001,1
2024-02-23,S002,CEP-002,2
2024-02-23,S002,CEP-003,0
2024-02-23,S002,CEP-004,2
2024-02-23,S002,CEP-005,1
2024-02-23,S003,ESM-001,0
2024-02-23,S003,ESM-002,0
2024-02-23,S003,ESM-003,1
2024-02-23,S003,ESM-004,1
2024-02-23,S003,ESM-005,1
2024-02-23,S003,ESM-006,2
2024-02-23,S003,ESM-007,1
2024-02-23,S003,ESM-008,1
2024-02-23,S003,ESM-009,1
2024-02-23,S003,ESM-010,1
2024-02-23,S003,DES-001,4
2024-02-23,S003,DES-002,4
2024-02-23,S003,DES-003,5
2024-02-23,S003,DES-004,4
2024-02-23,S003,DES-005,2
2024-02-23,S003,DES-006,5
2024-02-23,S003,DES-007,4
2024-02-23,S003,DES-008,6
2024-02-23,S003,DES-009,2
2024-02-23,S003,DES-010,4
2024-02-23,S003,DES-011,2
2024-02-23,S003,DES-012,6
2024-02-23,S003,DES-013,6
2024-02-23,S003,DES-014,1
2024-02-23,S003,DES-015,4
2024-02-23,S003,TAL-001,0
2024-02-23,S003,TAL-002,1
2024-02-23,S003,TAL-003,1
2024-02-23,S003,TAL-004,0
2024-02-23,S003,TAL-005,0
2024-02-23,S003,TAL-006,1
2024-02-23,S003,TAL-007,1
2024-02-23,S003,TAL-008,0
2024-02-23,S003,SIE-001,1
2024-02-23,S003,SIE-002,0
2024-02-23,S003,SIE-003,0
2024-02-23,S003,SIE-004,0
2024-02-23,S003,SIE-005,1
2024-02-23,S003,SIE-006,0
2024-02-23,S003,CEP-001,1
2024-02-23,S003,CEP-002,1
2024-02-23,S003,CEP-003,1
2024-02-23,S003,CEP-004,1
2024-02-23,S003,CEP-005,1
2024-02-23,S004,ESM-001,2
2024-02-23,S004,ESM-002,0
2024-02-23,S004,ESM-003,1
2024-02-23,S004,ESM-004,2
2024-02-23,S004,ESM-005,0
2024-02-23,S004,ESM-006,2
2024-02-23,S004,ESM-007,1
2024-02-23,S004,ESM-008,1
2024-02-23,S004,ESM-009,1
2024-02-23,S004,ESM-010,1
2024-02-23,S004,DES-001,3
2024-02-23,S004,DES-002,3
2024-02-23,S004,DES-003,4
2024-02-23,S004,DES-004,4
2024-02-23,S004,DES-005,3
2024-02-23,S004,DES-006,4
2024-02-23,S004,DES-007,4
2024-02-23,S004,DES-008,3
2024-02-23,S004,DES-009,6
2024-02-23,S004,DES-010,5
2024-02-23,S004,DES-011,4
2024-02-23,S004,DES-012,4
2024-02-23,S004,DES-013,6
2024-02-23,S004,DES-014,4
2024-02-23,S004,DES-015,4
2024-02-23,S004,TAL-001,0
2024-02-23,S004,TAL-002,0
2024-02-23,S004,TAL-003,1
2024-02-23,S004,TAL-004,1
2024-02-23,S004,TAL-005,1
2024-02-23,S004,TAL-006,0
2024-02-23,S004,TAL-007,1
2024-02-23,S004,TAL-008,1
2024-02-23,S004,SIE-001,1
2024-02-23,S004,SIE-002,1
2024-02-23,S004,SIE-003,1
2024-02-23,S004,SIE-004,0
2024-02-23,S004,SIE-005,1
2024-02-23,S004,SIE-006,1
2024-02-23,S004,CEP-001,1
2024-02-23,S004,CEP-002,1
2024-02-23,S004,CEP-003,1
2024-02-23,S004,CEP-004,1
2024-02-23,S004,CEP-005,0
2024-02-24,S001,ESM-001,1
2024-02-24,S001,ESM-002,2
2024-02-24,S001,ESM-003,2
2024-02-24,S001,ESM-004,0
2024-02-24,S001,ESM-005,1
2024-02-24,S001,ESM-006,0
2024-02-24,S001,ESM-007,2
2024-02-24,S001,ESM-008,1
2024-02-24,S001,ESM-009,1
2024-02-24,S001,ESM-010,3
2024-02-24,S001,DES-001,7
2024-02-24,S001,DES-002,5
2024-02-24,S001,DES-003,5
2024-02-24,S001,DES-004,4
2024-02-24,S001,DES-005,4
2024-02-24,S001,DES-006,3
2024-02-24,S001,DES-007,7
2024-02-24,S001,DES-008,4
2024-02-24,S001,DES-009,5
2024-02-24,S001,DES-010,4
2024-02-24,S001,DES-011,4
2024-02-24,S001,DES-012,4
2024-02-24,S001,DES-013,5
2024-02-24,S001,DES-014,6
2024-02-24,S001,DES-015,6
2024-02-24,S001,TAL-001,0
2024-02-24,S001,TAL-002,2
2024-02-24,S001,TAL-003,0
2024-02-24,S001,TAL-004,2
2024-02-24,S001,TAL-005,2
2024-02-24,S001,TAL-006,0
2024-02-24,S001,TAL-007,1
2024-02-24,S001,TAL-008,1
2024-02-24,S001,SIE-001,0
2024-02-24,S001,SIE-002,1
2024-02-24,S001,SIE-003,1
2024-02-24,S001,SIE-004,1
2024-02-24,S001,SIE-005,1
2024-02-24,S001,SIE-006,0
2024-02-24,S001,CEP-001,1
2024-02-24,S001,CEP-002,1
2024-02-24,S001,CEP-003,0
2024-02-24,S001,CEP-004,2
2024-02-24,S001,CEP-005,2
2024-02-24,S002,ESM-001,0
2024-02-24,S002,ESM-002,1
2024-02-24,S002,ESM-003,2
2024-02-24,S002,ESM-004,1
2024-02-24,S002,ESM-005,1
2024-02-24,S002,ESM-006,1
2024-02-24,S002,ESM-007,2
2024-02-24,S002,ESM-008,2
2024-02-24,S002,ESM-009,2
2024-02-24,S002,ESM-010,1
2024-02-24,S002,DES-001,6
2024-02-24,S002,DES-002,5
2024-02-24,S002,DES-003,6
2024-02-24,S002,DES-004,2
2024-02-24,S002,DES-005,4
2024-02-24,S002,DES-006,8
2024-02-24,S002,DES-007,6
2024-02-24,S002,DES-008,3
2024-02-24,S002,DES-009,4
2024-02-24,S002,DES-010,4
2024-02-24,S002,DES-011,5
2024-02-24,S002,DES-012,5
2024-02-24,S002,DES-013,3
2024-02-24,S002,DES-014,3
2024-02-24,S002,DES-015,4
2024-02-24,S002,TAL-001,1
2024-02-24,S002,TAL-002,2
2024-02-24,S002,TAL-003,1
2024-02-24,S002,TAL-004,3
2024-02-24,S002,TAL-005,1
2024-02-24,S002,TAL-006,2
2024-02-24,S002,TAL-007,0
2024-02-24,S002,TAL-008,1
2024-02-24,S002,SIE-001,1
2024-02-24,S002,SIE-002,1
2024-02-24,S002,SIE-003,0
2024-02-24,S002,SIE-004,1
2024-02-24,S002,SIE-005,0
2024-02-24,S002,SIE-006,1
2024-02-24,S002,CEP-001,2
2024-02-24,S002,CEP-002,1
2024-02-24,S002,CEP-003,1
2024-02-24,S002,CEP-004,1
2024-02-24,S002,CEP-005,1
2024-02-24,S003,ESM-001,2
2024-02-24,S003,ESM-002,1
2024-02-24,S003,ESM-003,1
2024-02-24,S003,ESM-004,2
2024-02-24,S003,ESM-005,1
2024-02-24,S003,ESM-006,1
2024-02-24,S003,ESM-007,1
2024-02-24,S003,ESM-008,0
2024-02-24,S003,ESM-009,2
2024-02-24,S003,ESM-010,1
2024-02-24,S003,DES-001,3
2024-02-24,S003,DES-002,5
2024-02-24,S003,DES-003,4
2024-02-24,S003,DES-004,3
2024-02-24,S003,DES-005,4
2024-02-24,S003,DES-006,5
2024-02-24,S003,DES-007,2
2024-02-24,S003,DES-008,2
2024-02-24,S003,DES-009,5
2024-02-24,S003,DES-010,4
2024-02-24,S003,DES-011,4
2024-02-24,S003,DES-012,4
2024-02-24,S003,DES-013,5
2024-02-24,S003,DES-014,2
2024-02-24,S003,DES-015,2
2024-02-24,S003,TAL-001,0
2024-02-24,S003,TAL-002,0
2024-02-24,S003,TAL-003,1
2024-02-24,S003,TAL-004,0
2024-02-24,S003,TAL-005,1
2024-02-24,S003,TAL-006,0
2024-02-24,S003,TAL-007,0
2024-02-24,S003,TAL-008,1
2024-02-24,S003,SIE-001,0
2024-02-24,S003,SIE-002,1
2024-02-24,S003,SIE-003,1
2024-02-24,S003,SIE-004,1
2024-02-24,S003,SIE-005,0
2024-02-24,S003,SIE-006,0
2024-02-24,S003,CEP-001,1
2024-02-24,S003,CEP-002,1
2024-02-24,S003,CEP-003,1
2024-02-24,S003,CEP-004,1
2024-02-24,S003,CEP-005,1
2024-02-24,S004,ESM-001,1
2024-02-24,S004,ESM-002,1
2024-02-24,S004,ESM-003,0
2024-02-24,S004,ESM-004,1
2024-02-24,S004,ESM-005,1
2024-02-24,S004,ESM-006,1
2024-02-24,S004,ESM-007,1
2024-02-24,S004,ESM-008,1
2024-02-24,S004,ESM-009,1
2024-02-24,S004,ESM-010,1
2024-02-24,S004,DES-001,4
2024-02-24,S004,DES-002,5
2024-02-24,S004,DES-003,3
2024-02-24,S004,DES-004,5
2024-02-24,S004,DES-005,4
2024-02-24,S004,DES-006,4
2024-02-24,S004,DES-007,4
2024-02-24,S004,DES-008,3
2024-02-24,S004,DES-009,4
2024-02-24,S004,DES-010,5
2024-02-24,S004,DES-011,6
2024-02-24,S004,DES-012,3
2024-02-24,S004,DES-013,1
2024-02-24,S004,DES-014,3
2024-02-24,S004,DES-015,4
2024-02-24,S004,TAL-001,1
2024-02-24,S004,TAL-002,0
2024-02-24,S004,TAL-003,1
2024-02-24,S004,TAL-004,1
2024-02-24,S004,TAL-005,1
2024-02-24,S004,TAL-006,1
2024-02-24,S004,TAL-007,0
2024-02-24,S004,TAL-008,0
2024-02-24,S004,SIE-001,1
2024-02-24,S004,SIE-002,2
2024-02-24,S004,SIE-003,1
2024-02-24,S004,SIE-004,1
2024-02-24,S004,SIE-005,0
2024-02-24,S004,SIE-006,1
2024-02-24,S004,CEP-001,1
2024-02-24,S004,CEP-002,0
2024-02-24,S004,CEP-003,1
2024-02-24,S004,CEP-004,1
2024-02-24,S004,CEP-005,1
2024-02-25,S001,ESM-001,1
2024-02-25,S001,ESM-002,3
2024-02-25,S001,ESM-003,3
2024-02-25,S001,ESM-004,1
2024-02-25,S001,ESM-005,3
2024-02-25,S001,ESM-006,1
2024-02-25,S001,ESM-007,2
2024-02-25,S001,ESM-008,0
2024-02-25,S001,ESM-009,1
2024-02-25,S001,ESM-010,1
2024-02-25,S001,DES-001,6
2024-02-25,S001,DES-002,3
2024-02-25,S001,DES-003,7
2024-02-25,S001,DES-004,5
2024-02-25,S001,DES-005,7
2024-02-25,S001,DES-006,4
2024-02-25,S001,DES-007,5
2024-02-25,S001,DES-008,5
2024-02-25,S001,DES-009,4
2024-02-25,S001,DES-010,4
2024-02-25,S001,DES-011,6
2024-02-25,S001,DES-012,5
2024-02-25,S001,DES-013,3
2024-02-25,S001,DES-014,4
2024-02-25,S001,DES-015,6
2024-02-25,S001,TAL-001,1
2024-02-25,S001,TAL-002,1
2024-02-25,S001,TAL-003,0
2024-02-25,S001,TAL-004,0
2024-02-25,S001,TAL-005,0
2024-02-25,S001,TAL-006,1
2024-02-25,S001,TAL-007,1
2024-02-25,S001,TAL-008,2
2024-02-25,S001,SIE-001,1
2024-02-25,S001,SIE-002,0
2024-02-25,S001,SIE-003,1
2024-02-25,S001,SIE-004,0
2024-02-25,S001,SIE-005,1
2024-02-25,S001,SIE-006,1
2024-02-25,S001,CEP-001,1
2024-02-25,S001,CEP-002,1
2024-02-25,S001,CEP-003,1
2024-02-25,S001,CEP-004,1
2024-02-25,S001,CEP-005,1
2024-02-25,S002,ESM-001,3
2024-02-25,S002,ESM-002,0
2024-02-25,S002,ESM-003,3
2024-02-25,S002,ESM-004,2
2024-02-25,S002,ESM-005,1
2024-02-25,S002,ESM-006,1
2024-02-25,S002,ESM-007,0
2024-02-25,S002,ESM-008,1
2024-02-25,S002,ESM-009,2
2024-02-25,S002,ESM-010,2
2024-02-25,S002,DES-001,3
2024-02-25,S002,DES-002,7
2024-02-25,S002,DES-003,6
2024-02-25,S002,DES-004,5
2024-02-25,S002,DES-005,5
2024-02-25,S002,DES-006,6
2024-02-25,S002,DES-007,7
2024-02-25,S002,DES-008,5
2024-02-25,S002,DES-009,4
2024-02-25,S002,DES-010,3
2024-02-25,S002,DES-011,6
2024-02-25,S002,DES-012,5
2024-02-25,S002,DES-013,6
2024-02-25,S002,DES-014,4
2024-02-25,S002,DES-015,8
2024-02-25,S002,TAL-001,1
2024-02-25,S002,TAL-002,1
2024-02-25,S002,TAL-003,1
2024-02-25,S002,TAL-004,1
2024-02-25,S002,TAL-005,1
2024-02-25,S002,TAL-006,1
2024-02-25,S002,TAL-007,1
2024-02-25,S002,TAL-008,1
2024-02-25,S002,SIE-001,0
2024-02-25,S002,SIE-002,1
2024-02-25,S002,SIE-003,0
2024-02-25,S002,SIE-004,1
2024-02-25,S002,SIE-005,0
2024-02-25,S002,SIE-006,0
2024-02-25,S002,CEP-001,1
2024-02-25,S002,CEP-002,1
2024-02-25,S002,CEP-003,2
2024-02-25,S002,CEP-004,1
2024-02-25,S002,CEP-005,2
2024-02-25,S003,ESM-001,1
2024-02-25,S003,ESM-002,1
2024-02-25,S003,ESM-003,1
2024-02-25,S003,ESM-004,1
2024-02-25,S003,ESM-005,1
2024-02-25,S003,ESM-006,0
2024-02-25,S003,ESM-007,0
2024-02-25,S003,ESM-008,1
2024-02-25,S003,ESM-009,0
2024-02-25,S003,ESM-010,1
2024-02-25,S003,DES-001,3
2024-02-25,S003,DES-002,3
2024-02-25,S003,DES-003,4
2024-02-25,S003,DES-004,6
2024-02-25,S003,DES-005,2
2024-02-25,S003,DES-006,4
2024-02-25,S003,DES-007,4
2024-02-25,S003,DES-008,4
2024-02-25,S003,DES-009,5
2024-02-25,S003,DES-010,3
2024-02-25,S003,DES-011,4
2024-02-25,S003,DES-012,2
2024-02-25,S003,DES-013,4
2024-02-25,S003,DES-014,3
2024-02-25,S003,DES-015,4
2024-02-25,S003,TAL-001,2
2024-02-25,S003,TAL-002,1
2024-02-25,S003,TAL-003,0
2024-02-25,S003,TAL-004,1
2024-02-25,S003,TAL-005,2
2024-02-25,S003,TAL-006,0
2024-02-25,S003,TAL-007,1
2024-02-25,S003,TAL-008,0
2024-02-25,S003,SIE-001,1
2024-02-25,S003,SIE-002,1
2024-02-25,S003,SIE-003,0
2024-02-25,S003,SIE-004,0
2024-02-25,S003,SIE-005,0
2024-02-25,S003,SIE-006,0
2024-02-25,S003,CEP-001,1
2024-02-25,S003,CEP-002,1
2024-02-25,S003,CEP-003,0
2024-02-25,S003,CEP-004,1
2024-02-25,S003,CEP-005,1
2024-02-25,S004,ESM-001,2
2024-02-25,S004,ESM-002,0
2024-02-25,S004,ESM-003,2
2024-02-25,S004,ESM-004,2
2024-02-25,S004,ESM-005,0
2024-02-25,S004,ESM-006,1
2024-02-25,S004,ESM-007,1
2024-02-25,S004,ESM-008,1
2024-02-25,S004,ESM-009,0
2024-02-25,S004,ESM-010,1
2024-02-25,S004,DES-001,4
2024-02-25,S004,DES-002,3
2024-02-25,S004,DES-003,3
2024-02-25,S004,DES-004,5
2024-02-25,S004,DES-005,2
2024-02-25,S004,DES-006,5
2024-02-25,S004,DES-007,5
2024-02-25,S004,DES-008,4
2024-02-25,S004,DES-009,3
2024-02-25,S004,DES-010,5
2024-02-25,S004,DES-011,4
2024-02-25,S004,DES-012,3
2024-02-25,S004,DES-013,3
2024-02-25,S004,DES-014,5
2024-02-25,S004,DES-015,3
2024-02-25,S004,TAL-001,1
2024-02-25,S004,TAL-002,1
2024-02-25,S004,TAL-003,0
2024-02-25,S004,TAL-004,1
2024-02-25,S004,TAL-005,1
2024-02-25,S004,TAL-006,1
2024-02-25,S004,TAL-007,1
2024-02-25,S004,TAL-008,1
2024-02-25,S004,SIE-001,1
2024-02-25,S004,SIE-002,1
2024-02-25,S004,SIE-003,1
2024-02-25,S004,SIE-004,1
2024-02-25,S004,SIE-005,0
2024-02-25,S004,SIE-006,1
2024-02-25,S004,CEP-001,1
2024-02-25,S004,CEP-002,1
2024-02-25,S004,CEP-003,2
2024-02-25,S004,CEP-004,1
2024-02-25,S004,CEP-005,1
2024-02-26,S001,ESM-001,0
2024-02-26,S001,ESM-002,1
2024-02-26,S001,ESM-003,2
2024-02-26,S001,ESM-004,1
2024-02-26,S001,ESM-005,2
2024-02-26,S001,ESM-006,1
2024-02-26,S001,ESM-007,1
2024-02-26,S001,ESM-008,1
2024-02-26,S001,ESM-009,3
2024-02-26,S001,ESM-010,2
2024-02-26,S001,DES-001,6
2024-02-26,S001,DES-002,5
2024-02-26,S001,DES-003,5
2024-02-26,S001,DES-004,6
2024-02-26,S001,DES-005,7
2024-02-26,S001,DES-006,6
2024-02-26,S001,DES-007,6
2024-02-26,S001,DES-008,4
2024-02-26,S001,DES-009,5
2024-02-26,S001,DES-010,5
2024-02-26,S001,DES-011,8
2024-02-26,S001,DES-012,4
2024-02-26,S001,DES-013,5
2024-02-26,S001,DES-014,2
2024-02-26,S001,DES-015,7
2024-02-26,S001,TAL-001,1
2024-02-26,S001,TAL-002,1
2024-02-26,S001,TAL-003,1
2024-02-26,S001,TAL-004,2
2024-02-26,S001,TAL-005,0
2024-02-26,S001,TAL-006,1
2024-02-26,S001,TAL-007,2
2024-02-26,S001,TAL-008,1
2024-02-26,S001,SIE-001,0
2024-02-26,S001,SIE-002,1
2024-02-26,S001,SIE-003,1
2024-02-26,S001,SIE-004,1
2024-02-26,S001,SIE-005,0
2024-02-26,S001,SIE-006,1
2024-02-26,S001,CEP-001,2
2024-02-26,S001,CEP-002,1
2024-02-26,S001,CEP-003,1
2024-02-26,S001,CEP-004,3
2024-02-26,S001,CEP-005,0
2024-02-26,S002,ESM-001,1
2024-02-26,S002,ESM-002,1
2024-02-26,S002,ESM-003,2
2024-02-26,S002,ESM-004,2
2024-02-26,S002,ESM-005,1
2024-02-26,S002,ESM-006,3
2024-02-26,S002,ESM-007,0
2024-02-26,S002,ESM-008,1
2024-02-26,S002,ESM-009,1
2024-02-26,S002,ESM-010,3
2024-02-26,S002,DES-001,4
2024-02-26,S002,DES-002,5
2024-02-26,S002,DES-003,4
2024-02-26,S002,DES-004,6
2024-02-26,S002,DES-005,3
2024-02-26,S002,DES-006,7
2024-02-26,S002,DES-007,4
2024-02-26,S002,DES-008,4
2024-02-26,S002,DES-009,7
2024-02-26,S002,DES-010,4
2024-02-26,S002,DES-011,6
2024-02-26,S002,DES-012,5
2024-02-26,S002,DES-013,7
2024-02-26,S002,DES-014,6
2024-02-26,S002,DES-015,8
2024-02-26,S002,TAL-001,2
2024-02-26,S002,TAL-002,1
2024-02-26,S002,TAL-003,2
2024-02-26,S002,TAL-004,1
2024-02-26,S002,TAL-005,1
2024-02-26,S002,TAL-006,1
2024-02-26,S002,TAL-007,0
2024-02-26,S002,TAL-008,2
2024-02-26,S002,SIE-001,0
2024-02-26,S002,SIE-002,1
2024-02-26,S002,SIE-003,1
2024-02-26,S002,SIE-004,0
2024-02-26,S002,SIE-005,1
2024-02-26,S002,SIE-006,0
2024-02-26,S002,CEP-001,1
2024-02-26,S002,CEP-002,1
2024-02-26,S002,CEP-003,1
2024-02-26,S002,CEP-004,1
2024-02-26,S002,CEP-005,1
2024-02-26,S003,ESM-001,0
2024-02-26,S003,ESM-002,1
2024-02-26,S003,ESM-003,1
2024-02-26,S003,ESM-004,1
2024-02-26,S003,ESM-005,0
2024-02-26,S003,ESM-006,0
2024-02-26,S003,ESM-007,1
2024-02-26,S003,ESM-008,1
2024-02-26,S003,ESM-009,1
2024-02-26,S003,ESM-010,1
2024-02-26,S003,DES-001,4
2024-02-26,S003,DES-002,4
2024-02-26,S003,DES-003,4
2024-02-26,S003,DES-004,3
2024-02-26,S003,DES-005,4
2024-02-26,S003,DES-006,2
2024-02-26,S003,DES-007,3
2024-02-26,S003,DES-008,5
2024-02-26,S003,DES-009,3
2024-02-26,S003,DES-010,2
2024-02-26,S003,DES-011,4
2024-02-26,S003,DES-012,4
2024-02-26,S003,DES-013,2
2024-02-26,S003,DES-014,5
2024-02-26,S003,DES-015,3
2024-02-26,S003,TAL-001,0
2024-02-26,S003,TAL-002,1
2024-02-26,S003,TAL-003,1
2024-02-26,S003,TAL-004,1
2024-02-26,S003,TAL-005,0
2024-02-26,S003,TAL-006,1
2024-02-26,S003,TAL-007,1
2024-02-26,S003,TAL-008,0
2024-02-26,S003,SIE-001,0
2024-02-26,S003,SIE-002,1
2024-02-26,S003,SIE-003,1
2024-02-26,S003,SIE-004,1
2024-02-26,S003,SIE-005,0
2024-02-26,S003,SIE-006,1
2024-02-26,S003,CEP-001,1
2024-02-26,S003,CEP-002,0
2024-02-26,S003,CEP-003,1
2024-02-26,S003,CEP-004,1
2024-02-26,S003,CEP-005,1
2024-02-26,S004,ESM-001,2
2024-02-26,S004,ESM-002,2
2024-02-26,S004,ESM-003,1
2024-02-26,S004,ESM-004,0
2024-02-26,S004,ESM-005,0
2024-02-26,S004,ESM-006,2
2024-02-26,S004,ESM-007,0
2024-02-26,S004,ESM-008,2
2024-02-26,S004,ESM-009,2
2024-02-26,S004,ESM-010,0
2024-02-26,S004,DES-001,4
2024-02-26,S004,DES-002,6
2024-02-26,S004,DES-003,3
2024-02-26,S004,DES-004,6
2024-02-26,S004,DES-005,4
2024-02-26,S004,DES-006,4
2024-02-26,S004,DES-007,5
2024-02-26,S004,DES-008,5
2024-02-26,S004,DES-009,3
2024-02-26,S004,DES-010,3
2024-02-26,S004,DES-011,4
2024-02-26,S004,DES-012,4
2024-02-26,S004,DES-013,4
2024-02-26,S004,DES-014,5
2024-02-26,S004,DES-015,2
2024-02-26,S004,TAL-001,2
2024-02-26,S004,TAL-002,1
2024-02-26,S004,TAL-003,1
2024-02-26,S004,TAL-004,1
2024-02-26,S004,TAL-005,0
2024-02-26,S004,TAL-006,0
2024-02-26,S004,TAL-007,1
2024-02-26,S004,TAL-008,1
2024-02-26,S004,SIE-001,1
2024-02-26,S004,SIE-002,1
2024-02-26,S004,SIE-003,1
2024-02-26,S004,SIE-004,0
2024-02-26,S004,SIE-005,1
2024-02-26,S004,SIE-006,1
2024-02-26,S004,CEP-001,1
2024-02-26,S004,CEP-002,0
2024-02-26,S004,CEP-003,1
2024-02-26,S004,CEP-004,1
2024-02-26,S004,CEP-005,1
2024-02-27,S001,ESM-001,1
2024-02-27,S001,ESM-002,0
2024-02-27,S001,ESM-003,2
2024-02-27,S001,ESM-004,1
2024-02-27,S001,ESM-005,1
2024-02-27,S001,ESM-006,3
2024-02-27,S001,ESM-007,3
2024-02-27,S001,ESM-008,1
2024-02-27,S001,ESM-009,1
2024-02-27,S001,ESM-010,1
2024-02-27,S001,DES-001,6
2024-02-27,S001,DES-002,4
2024-02-27,S001,DES-003,6
2024-02-27,S001,DES-004,4
2024-02-27,S001,DES-005,7
2024-02-27,S001,DES-006,6
2024-02-27,S001,DES-007,7
2024-02-27,S001,DES-008,6
2024-02-27,S001,DES-009,4
2024-02-27,S001,DES-010,5
2024-02-27,S001,DES-011,6
2024-02-27,S001,DES-012,6
2024-02-27,S001,DES-013,4
2024-02-27,S001,DES-014,7
2024-02-27,S001,DES-015,7
2024-02-27,S001,TAL-001,1
2024-02-27,S001,TAL-002,0
2024-02-27,S001,TAL-003,1
2024-02-27,S001,TAL-004,1
2024-02-27,S001,TAL-005,1
2024-02-27,S001,TAL-006,1
2024-02-27,S001,TAL-007,1
2024-02-27,S001,TAL-008,1
2024-02-27,S001,SIE-001,2
2024-02-27,S001,SIE-002,1
2024-02-27,S001,SIE-003,1
2024-02-27,S001,SIE-004,1
2024-02-27,S001,SIE-005,0
2024-02-27,S001,SIE-006,0
2024-02-27,S001,CEP-001,0
2024-02-27,S001,CEP-002,1
2024-02-27,S001,CEP-003,1
2024-02-27,S001,CEP-004,1
2024-02-27,S001,CEP-005,1
2024-02-27,S002,ESM-001,3
2024-02-27,S002,ESM-002,2
2024-02-27,S002,ESM-003,2
2024-02-27,S002,ESM-004,1
2024-02-27,S002,ESM-005,2
2024-02-27,S002,ESM-006,3
2024-02-27,S002,ESM-007,0
2024-02-27,S002,ESM-008,3
2024-02-27,S002,ESM-009,0
2024-02-27,S002,ESM-010,2
2024-02-27,S002,DES-001,4
2024-02-27,S002,DES-002,6
2024-02-27,S002,DES-003,4
2024-02-27,S002,DES-004,6
2024-02-27,S002,DES-005,6
2024-02-27,S002,DES-006,6
2024-02-27,S002,DES-007,5
2024-02-27,S002,DES-008,6
2024-02-27,S002,DES-009,5
2024-02-27,S002,DES-010,4
2024-02-27,S002,DES-011,3
2024-02-27,S002,DES-012,9
2024-02-27,S002,DES-013,2
2024-02-27,S002,DES-014,4
2024-02-27,S002,DES-015,7
2024-02-27,S002,TAL-001,1
2024-02-27,S002,TAL-002,2
2024-02-27,S002,TAL-003,1
2024-02-27,S002,TAL-004,1
2024-02-27,S002,TAL-005,2
2024-02-27,S002,TAL-006,2
2024-02-27,S002,TAL-007,2
2024-02-27,S002,TAL-008,1
2024-02-27,S002,SIE-001,0
2024-02-27,S002,SIE-002,1
2024-02-27,S002,SIE-003,0
2024-02-27,S002,SIE-004,0
2024-02-27,S002,SIE-005,0
2024-02-27,S002,SIE-006,1
2024-02-27,S002,CEP-001,1
2024-02-27,S002,CEP-002,1
2024-02-27,S002,CEP-003,2
2024-02-27,S002,CEP-004,1
2024-02-27,S002,CEP-005,2
2024-02-27,S003,ESM-001,1
2024-02-27,S003,ESM-002,1
2024-02-27,S003,ESM-003,1
2024-02-27,S003,ESM-004,2
2024-02-27,S003,ESM-005,3
2024-02-27,S003,ESM-006,1
2024-02-27,S003,ESM-007,2
2024-02-27,S003,ESM-008,2
2024-02-27,S003,ESM-009,1
2024-02-27,S003,ESM-010,1
2024-02-27,S003,DES-001,3
2024-02-27,S003,DES-002,3
2024-02-27,S003,DES-003,3
2024-02-27,S003,DES-004,7
2024-02-27,S003,DES-005,5
2024-02-27,S003,DES-006,4
2024-02-27,S003,DES-007,3
2024-02-27,S003,DES-008,4
2024-02-27,S003,DES-009,2
2024-02-27,S003,DES-010,2
2024-02-27,S003,DES-011,2
2024-02-27,S003,DES-012,3
2024-02-27,S003,DES-013,4
2024-02-27,S003,DES-014,3
2024-02-27,S003,DES-015,4
2024-02-27,S003,TAL-001,1
2024-02-27,S003,TAL-002,1
2024-02-27,S003,TAL-003,0
2024-02-27,S003,TAL-004,0
2024-02-27,S003,TAL-005,0
2024-02-27,S003,TAL-006,1
2024-02-27,S003,TAL-007,1
2024-02-27,S003,TAL-008,1
2024-02-27,S003,SIE-001,0
2024-02-27,S003,SIE-002,0
2024-02-27,S003,SIE-003,1
2024-02-27,S003,SIE-004,1
2024-02-27,S003,SIE-005,0
2024-02-27,S003,SIE-006,1
2024-02-27,S003,CEP-001,2
2024-02-27,S003,CEP-002,0
2024-02-27,S003,CEP-003,0
2024-02-27,S003,CEP-004,2
2024-02-27,S003,CEP-005,1
2024-02-27,S004,ESM-001,2
2024-02-27,S004,ESM-002,1
2024-02-27,S004,ESM-003,1
2024-02-27,S004,ESM-004,1
2024-02-27,S004,ESM-005,2
2024-02-27,S004,ESM-006,0
2024-02-27,S004,ESM-007,1
2024-02-27,S004,ESM-008,1
2024-02-27,S004,ESM-009,1
2024-02-27,S004,ESM-010,2
2024-02-27,S004,DES-001,5
2024-02-27,S004,DES-002,4
2024-02-27,S004,DES-003,4
2024-02-27,S004,DES-004,2
2024-02-27,S004,DES-005,4
2024-02-27,S004,DES-006,5
2024-02-27,S004,DES-007,3
2024-02-27,S004,DES-008,3
2024-02-27,S004,DES-009,4
2024-02-27,S004,DES-010,7
2024-02-27,S004,DES-011,4
2024-02-27,S004,DES-012,3
2024-02-27,S004,DES-013,5
2024-02-27,S004,DES-014,3
2024-02-27,S004,DES-015,2
2024-02-27,S004,TAL-001,1
2024-02-27,S004,TAL-002,1
2024-02-27,S004,TAL-003,0
2024-02-27,S004,TAL-004,0
2024-02-27,S004,TAL-005,2
2024-02-27,S004,TAL-006,0
2024-02-27,S004,TAL-007,0
2024-02-27,S004,TAL-008,1
2024-02-27,S004,SIE-001,1
2024-02-27,S004,SIE-002,1
2024-02-27,S004,SIE-003,1
2024-02-27,S004,SIE-004,0
2024-02-27,S004,SIE-005,0
2024-02-27,S004,SIE-006,1
2024-02-27,S004,CEP-001,2
2024-02-27,S004,CEP-002,1
2024-02-27,S004,CEP-003,1
2024-02-27,S004,CEP-004,0
2024-02-27,S004,CEP-005,1
2024-02-28,S001,ESM-001,2
2024-02-28,S001,ESM-002,0
2024-02-28,S001,ESM-003,2
2024-02-28,S001,ESM-004,1
2024-02-28,S001,ESM-005,1
2024-02-28,S001,ESM-006,0
2024-02-28,S001,ESM-007,1
2024-02-28,S001,ESM-008,2
2024-02-28,S001,ESM-009,1
2024-02-28,S001,ESM-010,0
2024-02-28,S001,DES-001,4
2024-02-28,S001,DES-002,7
2024-02-28,S001,DES-003,5
2024-02-28,S001,DES-004,6
2024-02-28,S001,DES-005,4
2024-02-28,S001,DES-006,8
2024-02-28,S001,DES-007,7
2024-02-28,S001,DES-008,3
2024-02-28,S001,DES-009,6
2024-02-28,S001,DES-010,7
2024-02-28,S001,DES-011,7
2024-02-28,S001,DES-012,7
2024-02-28,S001,DES-013,5
2024-02-28,S001,DES-014,6
2024-02-28,S001,DES-015,7
2024-02-28,S001,TAL-001,1
2024-02-28,S001,TAL-002,0
2024-02-28,S001,TAL-003,2
2024-02-28,S001,TAL-004,1
2024-02-28,S001,TAL-005,0
2024-02-28,S001,TAL-006,1
2024-02-28,S001,TAL-007,3
2024-02-28,S001,TAL-008,1
2024-02-28,S001,SIE-001,0
2024-02-28,S001,SIE-002,2
2024-02-28,S001,SIE-003,0
2024-02-28,S001,SIE-004,1
2024-02-28,S001,SIE-005,0
2024-02-28,S001,SIE-006,0
2024-02-28,S001,CEP-001,1
2024-02-28,S001,CEP-002,1
2024-02-28,S001,CEP-003,1
2024-02-28,S001,CEP-004,1
2024-02-28,S001,CEP-005,1
2024-02-28,S002,ESM-001,2
2024-02-28,S002,ESM-002,2
2024-02-28,S002,ESM-003,1
2024-02-28,S002,ESM-004,2
2024-02-28,S002,ESM-005,1
2024-02-28,S002,ESM-006,2
2024-02-28,S002,ESM-007,1
2024-02-28,S002,ESM-008,1
2024-02-28,S002,ESM-009,2
2024-02-28,S002,ESM-010,1
2024-02-28,S002,DES-001,4
2024-02-28,S002,DES-002,1
2024-02-28,S002,DES-003,6
2024-02-28,S002,DES-004,5
2024-02-28,S002,DES-005,5
2024-02-28,S002,DES-006,10
2024-02-28,S002,DES-007,6
2024-02-28,S002,DES-008,5
2024-02-28,S002,DES-009,5
2024-02-28,S002,DES-010,3
2024-02-28,S002,DES-011,5
2024-02-28,S002,DES-012,5
2024-02-28,S002,DES-013,7
2024-02-28,S002,DES-014,5
2024-02-28,S002,DES-015,7
2024-02-28,S002,TAL-001,1
2024-02-28,S002,TAL-002,1
2024-02-28,S002,TAL-003,0
2024-02-28,S002,TAL-004,1
2024-02-28,S002,TAL-005,1
2024-02-28,S002,TAL-006,0
2024-02-28,S002,TAL-007,0
2024-02-28,S002,TAL-008,2
2024-02-28,S002,SIE-001,1
2024-02-28,S002,SIE-002,1
2024-02-28,S002,SIE-003,1
2024-02-28,S002,SIE-004,1
2024-02-28,S002,SIE-005,1
2024-02-28,S002,SIE-006,0
2024-02-28,S002,CEP-001,2
2024-02-28,S002,CEP-002,1
2024-02-28,S002,CEP-003,1
2024-02-28,S002,CEP-004,1
2024-02-28,S002,CEP-005,2
2024-02-28,S003,ESM-001,1
2024-02-28,S003,ESM-002,2
2024-02-28,S003,ESM-003,1
2024-02-28,S003,ESM-004,1
2024-02-28,S003,ESM-005,1
2024-02-28,S003,ESM-006,0
2024-02-28,S003,ESM-007,1
2024-02-28,S003,ESM-008,0
2024-02-28,S003,ESM-009,2
2024-02-28,S003,ESM-010,2
2024-02-28,S003,DES-001,5
2024-02-28,S003,DES-002,5
2024-02-28,S003,DES-003,4
2024-02-28,S003,DES-004,4
2024-02-28,S003,DES-005,5
2024-02-28,S003,DES-006,3
2024-02-28,S003,DES-007,4
2024-02-28,S003,DES-008,3
2024-02-28,S003,DES-009,4
2024-02-28,S003,DES-010,5
2024-02-28,S003,DES-011,4
2024-02-28,S003,DES-012,6
2024-02-28,S003,DES-013,2
2024-02-28,S003,DES-014,5
2024-02-28,S003,DES-015,4
2024-02-28,S003,TAL-001,0
2024-02-28,S003,TAL-002,1
2024-02-28,S003,TAL-003,0
2024-02-28,S003,TAL-004,0
2024-02-28,S003,TAL-005,0
2024-02-28,S003,TAL-006,1
2024-02-28,S003,TAL-007,1
2024-02-28,S003,TAL-008,1
2024-02-28,S003,SIE-001,1
2024-02-28,S003,SIE-002,0
2024-02-28,S003,SIE-003,1
2024-02-28,S003,SIE-004,1
2024-02-28,S003,SIE-005,0
2024-02-28,S003,SIE-006,1
2024-02-28,S003,CEP-001,0
2024-02-28,S003,CEP-002,1
2024-02-28,S003,CEP-003,1
2024-02-28,S003,CEP-004,1
2024-02-28,S003,CEP-005,0
2024-02-28,S004,ESM-001,2
2024-02-28,S004,ESM-002,2
2024-02-28,S004,ESM-003,2
2024-02-28,S004,ESM-004,1
2024-02-28,S004,ESM-005,1
2024-02-28,S004,ESM-006,1
2024-02-28,S004,ESM-007,1
2024-02-28,S004,ESM-008,0
2024-02-28,S004,ESM-009,0
2024-02-28,S004,ESM-010,2
2024-02-28,S004,DES-001,4
2024-02-28,S004,DES-002,2
2024-02-28,S004,DES-003,3
2024-02-28,S004,DES-004,5
2024-02-28,S004,DES-005,5
2024-02-28,S004,DES-006,2
2024-02-28,S004,DES-007,4
2024-02-28,S004,DES-008,4
2024-02-28,S004,DES-009,4
2024-02-28,S004,DES-010,2
2024-02-28,S004,DES-011,3
2024-02-28,S004,DES-012,1
2024-02-28,S004,DES-013,5
2024-02-28,S004,DES-014,5
2024-02-28,S004,DES-015,5
2024-02-28,S004,TAL-001,1
2024-02-28,S004,TAL-002,1
2024-02-28,S004,TAL-003,1
2024-02-28,S004,TAL-004,1
2024-02-28,S004,TAL-005,1
2024-02-28,S004,TAL-006,1
2024-02-28,S004,TAL-007,1
2024-02-28,S004,TAL-008,1
2024-02-28,S004,SIE-001,1
2024-02-28,S004,SIE-002,0
2024-02-28,S004,SIE-003,1
2024-02-28,S004,SIE-004,1
2024-02-28,S004,SIE-005,0
2024-02-28,S004,SIE-006,1
2024-02-28,S004,CEP-001,0
2024-02-28,S004,CEP-002,1
2024-02-28,S004,CEP-003,1
2024-02-28,S004,CEP-004,1
2024-02-28,S004,CEP-005,1
2024-02-29,S001,ESM-001,2
2024-02-29,S001,ESM-002,2
2024-02-29,S001,ESM-003,3
2024-02-29,S001,ESM-004,2
2024-02-29,S001,ESM-005,2
2024-02-29,S001,ESM-006,1
2024-02-29,S001,ESM-007,2
2024-02-29,S001,ESM-008,3
2024-02-29,S001,ESM-009,1
2024-02-29,S001,ESM-010,0
2024-02-29,S001,DES-001,3
2024-02-29,S001,DES-002,7
2024-02-29,S001,DES-003,4
2024-02-29,S001,DES-004,6
2024-02-29,S001,DES-005,5
2024-02-29,S001,DES-006,5
2024-02-29,S001,DES-007,6
2024-02-29,S001,DES-008,6
2024-02-29,S001,DES-009,7
2024-02-29,S001,DES-010,5
2024-02-29,S001,DES-011,2
2024-02-29,S001,DES-012,7
2024-02-29,S001,DES-013,6
2024-02-29,S001,DES-014,5
2024-02-29,S001,DES-015,4
2024-02-29,S001,TAL-001,1
2024-02-29,S001,TAL-002,1
2024-02-29,S001,TAL-003,0
2024-02-29,S001,TAL-004,1
2024-02-29,S001,TAL-005,2
2024-02-29,S001,TAL-006,1
2024-02-29,S001,TAL-007,1
2024-02-29,S001,TAL-008,1
2024-02-29,S001,SIE-001,2
2024-02-29,S001,SIE-002,0
2024-02-29,S001,SIE-003,2
2024-02-29,S001,SIE-004,1
2024-02-29,S001,SIE-005,1
2024-02-29,S001,SIE-006,1
2024-02-29,S001,CEP-001,0
2024-02-29,S001,CEP-002,2
2024-02-29,S001,CEP-003,2
2024-02-29,S001,CEP-004,1
2024-02-29,S001,CEP-005,2
2024-02-29,S002,ESM-001,2
2024-02-29,S002,ESM-002,0
2024-02-29,S002,ESM-003,2
2024-02-29,S002,ESM-004,2
2024-02-29,S002,ESM-005,1
2024-02-29,S002,ESM-006,0
2024-02-29,S002,ESM-007,2
2024-02-29,S002,ESM-008,2
2024-02-29,S002,ESM-009,2
2024-02-29,S002,ESM-010,1
2024-02-29,S002,DES-001,5
2024-02-29,S002,DES-002,6
2024-02-29,S002,DES-003,7
2024-02-29,S002,DES-004,3
2024-02-29,S002,DES-005,3
2024-02-29,S002,DES-006,7
2024-02-29,S002,DES-007,8
2024-02-29,S002,DES-008,4
2024-02-29,S002,DES-009,7
2024-02-29,S002,DES-010,4
2024-02-29,S002,DES-011,5
2024-02-29,S002,DES-012,6
2024-02-29,S002,DES-013,7
2024-02-29,S002,DES-014,4
2024-02-29,S002,DES-015,6
2024-02-29,S002,TAL-001,1
2024-02-29,S002,TAL-002,1
2024-02-29,S002,TAL-003,0
2024-02-29,S002,TAL-004,0
2024-02-29,S002,TAL-005,1
2024-02-29,S002,TAL-006,0
2024-02-29,S002,TAL-007,1
2024-02-29,S002,TAL-008,1
2024-02-29,S002,SIE-001,1
2024-02-29,S002,SIE-002,1
2024-02-29,S002,SIE-003,0
2024-02-29,S002,SIE-004,0
2024-02-29,S002,SIE-005,1
2024-02-29,S002,SIE-006,0
2024-02-29,S002,CEP-001,0
2024-02-29,S002,CEP-002,1
2024-02-29,S002,CEP-003,1
2024-02-29,S002,CEP-004,2
2024-02-29,S002,CEP-005,2
2024-02-29,S003,ESM-001,1
2024-02-29,S003,ESM-002,1
2024-02-29,S003,ESM-003,1
2024-02-29,S003,ESM-004,0
2024-02-29,S003,ESM-005,0
2024-02-29,S003,ESM-006,1
2024-02-29,S003,ESM-007,1
2024-02-29,S003,ESM-008,1
2024-02-29,S003,ESM-009,2
2024-02-29,S003,ESM-010,1
2024-02-29,S003,DES-001,4
2024-02-29,S003,DES-002,3
2024-02-29,S003,DES-003,3
2024-02-29,S003,DES-004,3
2024-02-29,S003,DES-005,4
2024-02-29,S003,DES-006,3
2024-02-29,S003,DES-007,5
2024-02-29,S003,DES-008,5
2024-02-29,S003,DES-009,6
2024-02-29,S003,DES-010,5
2024-02-29,S003,DES-011,4
2024-02-29,S003,DES-012,4
2024-02-29,S003,DES-013,7
2024-02-29,S003,DES-014,4
2024-02-29,S003,DES-015,4
2024-02-29,S003,TAL-001,0
2024-02-29,S003,TAL-002,0
2024-02-29,S003,TAL-003,1
2024-02-29,S003,TAL-004,1
2024-02-29,S003,TAL-005,1
2024-02-29,S003,TAL-006,0
2024-02-29,S003,TAL-007,1
2024-02-29,S003,TAL-008,2
2024-02-29,S003,SIE-001,0
2024-02-29,S003,SIE-002,0
2024-02-29,S003,SIE-003,1
2024-02-29,S003,SIE-004,1
2024-02-29,S003,SIE-005,0
2024-02-29,S003,SIE-006,1
2024-02-29,S003,CEP-001,1
2024-02-29,S003,CEP-002,1
2024-02-29,S003,CEP-003,1
2024-02-29,S003,CEP-004,1
2024-02-29,S003,CEP-005,1
2024-02-29,S004,ESM-001,1
2024-02-29,S004,ESM-002,0
2024-02-29,S004,ESM-003,2
2024-02-29,S004,ESM-004,1
2024-02-29,S004,ESM-005,2
2024-02-29,S004,ESM-006,0
2024-02-29,S004,ESM-007,0
2024-02-29,S004,ESM-008,1
2024-02-29,S004,ESM-009,1
2024-02-29,S004,ESM-010,1
2024-02-29,S004,DES-001,3
2024-02-29,S004,DES-002,3
2024-02-29,S004,DES-003,4
2024-02-29,S004,DES-004,4
2024-02-29,S004,DES-005,4
2024-02-29,S004,DES-006,3
2024-02-29,S004,DES-007,5
2024-02-29,S004,DES-008,3
2024-02-29,S004,DES-009,4
2024-02-29,S004,DES-010,3
2024-02-29,S004,DES-011,5
2024-02-29,S004,DES-012,4
2024-02-29,S004,DES-013,3
2024-02-29,S004,DES-014,4
2024-02-29,S004,DES-015,5
2024-02-29,S004,TAL-001,0
2024-02-29,S004,TAL-002,1
2024-02-29,S004,TAL-003,0
2024-02-29,S004,TAL-004,0
2024-02-29,S004,TAL-005,0
2024-02-29,S004,TAL-006,1
2024-02-29,S004,TAL-007,0
2024-02-29,S004,TAL-008,1
2024-02-29,S004,SIE-001,0
2024-02-29,S004,SIE-002,1
2024-02-29,S004,SIE-003,0
2024-02-29,S004,SIE-004,1
2024-02-29,S004,SIE-005,0
2024-02-29,S004,SIE-006,1
2024-02-29,S004,CEP-001,1
2024-02-29,S004,CEP-002,1
2024-02-29,S004,CEP-003,1
2024-02-29,S004,CEP-004,1
2024-02-29,S004,CEP-005,1
2024-03-01,S001,ESM-001,2
2024-03-01,S001,ESM-002,1
2024-03-01,S001,ESM-003,1
2024-03-01,S001,ESM-004,1
2024-03-01,S001,ESM-005,1
2024-03-01,S001,ESM-006,1
2024-03-01,S001,ESM-007,1
2024-03-01,S001,ESM-008,2
2024-03-01,S001,ESM-009,0
2024-03-01,S001,ESM-010,1
2024-03-01,S001,DES-001,7
2024-03-01,S001,DES-002,6
2024-03-01,S001,DES-003,7
2024-03-01,S001,DES-004,4
2024-03-01,S001,DES-005,5
2024-03-01,S001,DES-006,6
2024-03-01,S001,DES-007,4
2024-03-01,S001,DES-008,7
2024-03-01,S001,DES-009,7
2024-03-01,S001,DES-010,6
2024-03-01,S001,DES-011,4
2024-03-01,S001,DES-012,5
2024-03-01,S001,DES-013,5
2024-03-01,S001,DES-014,8
2024-03-01,S001,DES-015,2
2024-03-01,S001,TAL-001,1
2024-03-01,S001,TAL-002,0
2024-03-01,S001,TAL-003,1
2024-03-01,S001,TAL-004,0
2024-03-01,S001,TAL-005,1
2024-03-01,S001,TAL-006,0
2024-03-01,S001,TAL-007,2
2024-03-01,S001,TAL-008,0
2024-03-01,S001,SIE-001,0
2024-03-01,S001,SIE-002,1
2024-03-01,S001,SIE-003,0
2024-03-01,S001,SIE-004,0
2024-03-01,S001,SIE-005,2
2024-03-01,S001,SIE-006,1
2024-03-01,S001,CEP-001,1
2024-03-01,S001,CEP-002,2
2024-03-01,S001,CEP-003,0
2024-03-01,S001,CEP-004,1
2024-03-01,S001,CEP-005,1
2024-03-01,S002,ESM-001,2
2024-03-01,S002,ESM-002,0
2024-03-01,S002,ESM-003,2
2024-03-01,S002,ESM-004,2
2024-03-01,S002,ESM-005,1
2024-03-01,S002,ESM-006,2
2024-03-01,S002,ESM-007,3
2024-03-01,S002,ESM-008,2
2024-03-01,S002,ESM-009,1
2024-03-01,S002,ESM-010,1
2024-03-01,S002,DES-001,3
2024-03-01,S002,DES-002,3
2024-03-01,S002,DES-003,5
2024-03-01,S002,DES-004,6
2024-03-01,S002,DES-005,6
2024-03-01,S002,DES-006,7
2024-03-01,S002,DES-007,10
2024-03-01,S002,DES-008,5
2024-03-01,S002,DES-009,4
2024-03-01,S002,DES-010,7
2024-03-01,S002,DES-011,8
2024-03-01,S002,DES-012,6
2024-03-01,S002,DES-013,3
2024-03-01,S002,DES-014,7
2024-03-01,S002,DES-015,4
2024-03-01,S002,TAL-001,1
2024-03-01,S002,TAL-002,2
2024-03-01,S002,TAL-003,1
2024-03-01,S002,TAL-004,0
2024-03-01,S002,TAL-005,2
2024-03-01,S002,TAL-006,0
2024-03-01,S002,TAL-007,1
2024-03-01,S002,TAL-008,2
2024-03-01,S002,SIE-001,0
2024-03-01,S002,SIE-002,0
2024-03-01,S002,SIE-003,0
2024-03-01,S002,SIE-004,1
2024-03-01,S002,SIE-005,0
2024-03-01,S002,SIE-006,2
2024-03-01,S002,CEP-001,1
2024-03-01,S002,CEP-002,1
2024-03-01,S002,CEP-003,2
2024-03-01,S002,CEP-004,1
2024-03-01,S002,CEP-005,2
2024-03-01,S003,ESM-001,2
2024-03-01,S003,ESM-002,1
2024-03-01,S003,ESM-003,1
2024-03-01,S003,ESM-004,1
2024-03-01,S003,ESM-005,1
2024-03-01,S003,ESM-006,2
2024-03-01,S003,ESM-007,1
2024-03-01,S003,ESM-008,1
2024-03-01,S003,ESM-009,1
2024-03-01,S003,ESM-010,2
2024-03-01,S003,DES-001,4
2024-03-01,S003,DES-002,4
2024-03-01,S003,DES-003,5
2024-03-01,S003,DES-004,1
2024-03-01,S003,DES-005,2
2024-03-01,S003,DES-006,2
2024-03-01,S003,DES-007,3
2024-03-01,S003,DES-008,4
2024-03-01,S003,DES-009,4
2024-03-01,S003,DES-010,4
2024-03-01,S003,DES-011,3
2024-03-01,S003,DES-012,4
2024-03-01,S003,DES-013,5
2024-03-01,S003,DES-014,3
2024-03-01,S003,DES-015,3
2024-03-01,S003,TAL-001,0
2024-03-01,S003,TAL-002,1
2024-03-01,S003,TAL-003,1
2024-03-01,S003,TAL-004,0
2024-03-01,S003,TAL-005,1
2024-03-01,S003,TAL-006,1
2024-03-01,S003,TAL-007,0
2024-03-01,S003,TAL-008,1
2024-03-01,S003,SIE-001,0
2024-03-01,S003,SIE-002,0
2024-03-01,S003,SIE-003,0
2024-03-01,S003,SIE-004,0
2024-03-01,S003,SIE-005,1
2024-03-01,S003,SIE-006,1
2024-03-01,S003,CEP-001,1
2024-03-01,S003,CEP-002,1
2024-03-01,S003,CEP-003,1
2024-03-01,S003,CEP-004,2
2024-03-01,S003,CEP-005,2
2024-03-01,S004,ESM-001,0
2024-03-01,S004,ESM-002,2
2024-03-01,S004,ESM-003,2
2024-03-01,S004,ESM-004,1
2024-03-01,S004,ESM-005,0
2024-03-01,S004,ESM-006,1
2024-03-01,S004,ESM-007,1
2024-03-01,S004,ESM-008,0
2024-03-01,S004,ESM-009,1
2024-03-01,S004,ESM-010,1
2024-03-01,S004,DES-001,6
2024-03-01,S004,DES-002,4
2024-03-01,S004,DES-003,3
2024-03-01,S004,DES-004,5
2024-03-01,S004,DES-005,3
2024-03-01,S004,DES-006,6
2024-03-01,S004,DES-007,2
2024-03-01,S004,DES-008,3
2024-03-01,S004,DES-009,4
2024-03-01,S004,DES-010,5
2024-03-01,S004,DES-011,4
2024-03-01,S004,DES-012,2
2024-03-01,S004,DES-013,4
2024-03-01,S004,DES-014,3
2024-03-01,S004,DES-015,3
2024-03-01,S004,TAL-001,1
2024-03-01,S004,TAL-002,1
2024-03-01,S004,TAL-003,1
2024-03-01,S004,TAL-004,1
2024-03-01,S004,TAL-005,1
2024-03-01,S004,TAL-006,0
2024-03-01,S004,TAL-007,1
2024-03-01,S004,TAL-008,1
2024-03-01,S004,SIE-001,0
2024-03-01,S004,SIE-002,0
2024-03-01,S004,SIE-003,1
2024-03-01,S004,SIE-004,0
2024-03-01,S004,SIE-005,1
2024-03-01,S004,SIE-006,0
2024-03-01,S004,CEP-001,1
2024-03-01,S004,CEP-002,1
2024-03-01,S004,CEP-003,1
2024-03-01,S004,CEP-004,1
2024-03-01,S004,CEP-005,1
2024-03-02,S001,ESM-001,1
2024-03-02,S001,ESM-002,3
2024-03-02,S001,ESM-003,1
2024-03-02,S001,ESM-004,1
2024-03-02,S001,ESM-005,1
2024-03-02,S001,ESM-006,2
2024-03-02,S001,ESM-007,0
2024-03-02,S001,ESM-008,2
2024-03-02,S001,ESM-009,2
2024-03-02,S001,ESM-010,2
2024-03-02,S001,DES-001,4
2024-03-02,S001,DES-002,5
2024-03-02,S001,DES-003,7
2024-03-02,S001,DES-004,5
2024-03-02,S001,DES-005,5
2024-03-02,S001,DES-006,9
2024-03-02,S001,DES-007,6
2024-03-02,S001,DES-008,5
2024-03-02,S001,DES-009,6
2024-03-02,S001,DES-010,6
2024-03-02,S001,DES-011,8
2024-03-02,S001,DES-012,4
2024-03-02,S001,DES-013,5
2024-03-02,S001,DES-014,4
2024-03-02,S001,DES-015,5
2024-03-02,S001,TAL-001,2
2024-03-02,S001,TAL-002,2
2024-03-02,S001,TAL-003,2
2024-03-02,S001,TAL-004,0
2024-03-02,S001,TAL-005,1
2024-03-02,S001,TAL-006,1
2024-03-02,S001,TAL-007,2
2024-03-02,S001,TAL-008,1
2024-03-02,S001,SIE-001,0
2024-03-02,S001,SIE-002,1
2024-03-02,S001,SIE-003,2
2024-03-02,S001,SIE-004,0
2024-03-02,S001,SIE-005,1
2024-03-02,S001,SIE-006,1
2024-03-02,S001,CEP-001,0
2024-03-02,S001,CEP-002,1
2024-03-02,S001,CEP-003,0
2024-03-02,S001,CEP-004,0
2024-03-02,S001,CEP-005,2
2024-03-02,S002,ESM-001,1
2024-03-02,S002,ESM-002,2
2024-03-02,S002,ESM-003,2
2024-03-02,S002,ESM-004,2
2024-03-02,S002,ESM-005,1
2024-03-02,S002,ESM-006,1
2024-03-02,S002,ESM-007,2
2024-03-02,S002,ESM-008,1
2024-03-02,S002,ESM-009,4
2024-03-02,S002,ESM-010,1
2024-03-02,S002,DES-001,4
2024-03-02,S002,DES-002,5
2024-03-02,S002,DES-003,7
2024-03-02,S002,DES-004,5
2024-03-02,S002,DES-005,7
2024-03-02,S002,DES-006,3
2024-03-02,S002,DES-007,5
2024-03-02,S002,DES-008,5
2024-03-02,S002,DES-009,7
2024-03-02,S002,DES-010,5
2024-03-02,S002,DES-011,3
2024-03-02,S002,DES-012,6
2024-03-02,S002,DES-013,5
2024-03-02,S002,DES-014,2
2024-03-02,S002,DES-015,6
2024-03-02,S002,TAL-001,2
2024-03-02,S002,TAL-002,1
2024-03-02,S002,TAL-003,2
2024-03-02,S002,TAL-004,2
2024-03-02,S002,TAL-005,0
2024-03-02,S002,TAL-006,1
2024-03-02,S002,TAL-007,1
2024-03-02,S002,TAL-008,2
2024-03-02,S002,SIE-001,2
2024-03-02,S002,SIE-002,1
2024-03-02,S002,SIE-003,1
2024-03-02,S002,SIE-004,0
2024-03-02,S002,SIE-005,0
2024-03-02,S002,SIE-006,0
2024-03-02,S002,CEP-001,0
2024-03-02,S002,CEP-002,1
2024-03-02,S002,CEP-003,2
2024-03-02,S002,CEP-004,2
2024-03-02,S002,CEP-005,1
2024-03-02,S003,ESM-001,1
2024-03-02,S003,ESM-002,0
2024-03-02,S003,ESM-003,1
2024-03-02,S003,ESM-004,1
2024-03-02,S003,ESM-005,0
2024-03-02,S003,ESM-006,0
2024-03-02,S003,ESM-007,0
2024-03-02,S003,ESM-008,1
2024-03-02,S003,ESM-009,1
2024-03-02,S003,ESM-010,1
2024-03-02,S003,DES-001,6
2024-03-02,S003,DES-002,4
2024-03-02,S003,DES-003,4
2024-03-02,S003,DES-004,3
2024-03-02,S003,DES-005,3
2024-03-02,S003,DES-006,1
2024-03-02,S003,DES-007,6
2024-03-02,S003,DES-008,5
2024-03-02,S003,DES-009,3
2024-03-02,S003,DES-010,3
2024-03-02,S003,DES-011,3
2024-03-02,S003,DES-012,3
2024-03-02,S003,DES-013,3
2024-03-02,S003,DES-014,3
2024-03-02,S003,DES-015,6
2024-03-02,S003,TAL-001,1
2024-03-02,S003,TAL-002,0
2024-03-02,S003,TAL-003,1
2024-03-02,S003,TAL-004,1
2024-03-02,S003,TAL-005,0
2024-03-02,S003,TAL-006,1
2024-03-02,S003,TAL-007,0
2024-03-02,S003,TAL-008,0
2024-03-02,S003,SIE-001,1
2024-03-02,S003,SIE-002,2
2024-03-02,S003,SIE-003,0
2024-03-02,S003,SIE-004,1
2024-03-02,S003,SIE-005,1
2024-03-02,S003,SIE-006,0
2024-03-02,S003,CEP-001,1
2024-03-02,S003,CEP-002,2
2024-03-02,S003,CEP-003,2
2024-03-02,S003,CEP-004,0
2024-03-02,S003,CEP-005,1
2024-03-02,S004,ESM-001,1
2024-03-02,S004,ESM-002,1
2024-03-02,S004,ESM-003,1
2024-03-02,S004,ESM-004,1
2024-03-02,S004,ESM-005,0
2024-03-02,S004,ESM-006,1
2024-03-02,S004,ESM-007,2
2024-03-02,S004,ESM-008,0
2024-03-02,S004,ESM-009,2
2024-03-02,S004,ESM-010,2
2024-03-02,S004,DES-001,6
2024-03-02,S004,DES-002,2
2024-03-02,S004,DES-003,4
2024-03-02,S004,DES-004,2
2024-03-02,S004,DES-005,3
2024-03-02,S004,DES-006,2
2024-03-02,S004,DES-007,3
2024-03-02,S004,DES-008,4
2024-03-02,S004,DES-009,4
2024-03-02,S004,DES-010,4
2024-03-02,S004,DES-011,3
2024-03-02,S004,DES-012,4
2024-03-02,S004,DES-013,4
2024-03-02,S004,DES-014,2
2024-03-02,S004,DES-015,3
2024-03-02,S004,TAL-001,1
2024-03-02,S004,TAL-002,1
2024-03-02,S004,TAL-003,0
2024-03-02,S004,TAL-004,1
2024-03-02,S004,TAL-005,0
2024-03-02,S004,TAL-006,1
2024-03-02,S004,TAL-007,1
2024-03-02,S004,TAL-008,2
2024-03-02,S004,SIE-001,1
2024-03-02,S004,SIE-002,1
2024-03-02,S004,SIE-003,0
2024-03-02,S004,SIE-004,1
2024-03-02,S004,SIE-005,1
2024-03-02,S004,SIE-006,0
2024-03-02,S004,CEP-001,0
2024-03-02,S004,CEP-002,1
2024-03-02,S004,CEP-003,1
2024-03-02,S004,CEP-004,2
2024-03-02,S004,CEP-005,1
2024-03-03,S001,ESM-001,2
2024-03-03,S001,ESM-002,1
2024-03-03,S001,ESM-003,2
2024-03-03,S001,ESM-004,1
2024-03-03,S001,ESM-005,1
2024-03-03,S001,ESM-006,2
2024-03-03,S001,ESM-007,0
2024-03-03,S001,ESM-008,3
2024-03-03,S001,ESM-009,2
2024-03-03,S001,ESM-010,3
2024-03-03,S001,DES-001,1
2024-03-03,S001,DES-002,8
2024-03-03,S001,DES-003,7
2024-03-03,S001,DES-004,5
2024-03-03,S001,DES-005,5
2024-03-03,S001,DES-006,4
2024-03-03,S001,DES-007,10
2024-03-03,S001,DES-008,4
2024-03-03,S001,DES-009,6
2024-03-03,S001,DES-010,6
2024-03-03,S001,DES-011,0
2024-03-03,S001,DES-012,5
2024-03-03,S001,DES-013,6
2024-03-03,S001,DES-014,7
2024-03-03,S001,DES-015,7
2024-03-03,S001,TAL-001,1
2024-03-03,S001,TAL-002,0
2024-03-03,S001,TAL-003,2
2024-03-03,S001,TAL-004,1
2024-03-03,S001,TAL-005,1
2024-03-03,S001,TAL-006,1
2024-03-03,S001,TAL-007,1
2024-03-03,S001,TAL-008,2
2024-03-03,S001,SIE-001,1
2024-03-03,S001,SIE-002,1
2024-03-03,S001,SIE-003,0
2024-03-03,S001,SIE-004,0
2024-03-03,S001,SIE-005,1
2024-03-03,S001,SIE-006,1
2024-03-03,S001,CEP-001,1
2024-03-03,S001,CEP-002,2
2024-03-03,S001,CEP-003,1
2024-03-03,S001,CEP-004,1
2024-03-03,S001,CEP-005,1
2024-03-03,S002,ESM-001,1
2024-03-03,S002,ESM-002,1
2024-03-03,S002,ESM-003,2
2024-03-03,S002,ESM-004,0
2024-03-03,S002,ESM-005,3
2024-03-03,S002,ESM-006,2
2024-03-03,S002,ESM-007,0
2024-03-03,S002,ESM-008,0
2024-03-03,S002,ESM-009,3
2024-03-03,S002,ESM-010,1
2024-03-03,S002,DES-001,5
2024-03-03,S002,DES-002,4
2024-03-03,S002,DES-003,7
2024-03-03,S002,DES-004,6
2024-03-03,S002,DES-005,5
2024-03-03,S002,DES-006,8
2024-03-03,S002,DES-007,6
2024-03-03,S002,DES-008,4
2024-03-03,S002,DES-009,7
2024-03-03,S002,DES-010,6
2024-03-03,S002,DES-011,7
2024-03-03,S002,DES-012,2
2024-03-03,S002,DES-013,8
2024-03-03,S002,DES-014,5
2024-03-03,S002,DES-015,3
2024-03-03,S002,TAL-001,1
2024-03-03,S002,TAL-002,0
2024-03-03,S002,TAL-003,0
2024-03-03,S002,TAL-004,0
2024-03-03,S002,TAL-005,0
2024-03-03,S002,TAL-006,1
2024-03-03,S002,TAL-007,2
2024-03-03,S002,TAL-008,1
2024-03-03,S002,SIE-001,0
2024-03-03,S002,SIE-002,2
2024-03-03,S002,SIE-003,1
2024-03-03,S002,SIE-004,0
2024-03-03,S002,SIE-005,0
2024-03-03,S002,SIE-006,0
2024-03-03,S002,CEP-001,1
2024-03-03,S002,CEP-002,1
2024-03-03,S002,CEP-003,1
2024-03-03,S002,CEP-004,0
2024-03-03,S002,CEP-005,2
2024-03-03,S003,ESM-001,0
2024-03-03,S003,ESM-002,2
2024-03-03,S003,ESM-003,1
2024-03-03,S003,ESM-004,0
2024-03-03,S003,ESM-005,1
2024-03-03,S003,ESM-006,0
2024-03-03,S003,ESM-007,1
2024-03-03,S003,ESM-008,0
2024-03-03,S003,ESM-009,1
2024-03-03,S003,ESM-010,1
2024-03-03,S003,DES-001,4
2024-03-03,S003,DES-002,5
2024-03-03,S003,DES-003,5
2024-03-03,S003,DES-004,2
2024-03-03,S003,DES-005,3
2024-03-03,S003,DES-006,5
2024-03-03,S003,DES-007,3
2024-03-03,S003,DES-008,4
2024-03-03,S003,DES-009,5
2024-03-03,S003,DES-010,4
2024-03-03,S003,DES-011,4
2024-03-03,S003,DES-012,3
2024-03-03,S003,DES-013,6
2024-03-03,S003,DES-014,4
2024-03-03,S003,DES-015,6
2024-03-03,S003,TAL-001,0
2024-03-03,S003,TAL-002,0
2024-03-03,S003,TAL-003,1
2024-03-03,S003,TAL-004,1
2024-03-03,S003,TAL-005,0
2024-03-03,S003,TAL-006,1
2024-03-03,S003,TAL-007,1
2024-03-03,S003,TAL-008,1
2024-03-03,S003,SIE-001,0
2024-03-03,S003,SIE-002,0
2024-03-03,S003,SIE-003,0
2024-03-03,S003,SIE-004,0
2024-03-03,S003,SIE-005,0
2024-03-03,S003,SIE-006,1
2024-03-03,S003,CEP-001,0
2024-03-03,S003,CEP-002,1
2024-03-03,S003,CEP-003,1
2024-03-03,S003,CEP-004,1
2024-03-03,S003,CEP-005,1
2024-03-03,S004,ESM-001,1
2024-03-03,S004,ESM-002,1
2024-03-03,S004,ESM-003,0
2024-03-03,S004,ESM-004,1
2024-03-03,S004,ESM-005,1
2024-03-03,S004,ESM-006,1
2024-03-03,S004,ESM-007,1
2024-03-03,S004,ESM-008,0
2024-03-03,S004,ESM-009,1
2024-03-03,S004,ESM-010,0
2024-03-03,S004,DES-001,4
2024-03-03,S004,DES-002,1
2024-03-03,S004,DES-003,3
2024-03-03,S004,DES-004,5
2024-03-03,S004,DES-005,5
2024-03-03,S004,DES-006,4
2024-03-03,S004,DES-007,4
2024-03-03,S004,DES-008,4
2024-03-03,S004,DES-009,3
2024-03-03,S004,DES-010,3
2024-03-03,S004,DES-011,4
2024-03-03,S004,DES-012,3
2024-03-03,S004,DES-013,2
2024-03-03,S004,DES-014,4
2024-03-03,S004,DES-015,3
2024-03-03,S004,TAL-001,1
2024-03-03,S004,TAL-002,0
2024-03-03,S004,TAL-003,1
2024-03-03,S004,TAL-004,1
2024-03-03,S004,TAL-005,1
2024-03-03,S004,TAL-006,1
2024-03-03,S004,TAL-007,1
2024-03-03,S004,TAL-008,0
2024-03-03,S004,SIE-001,0
2024-03-03,S004,SIE-002,1
2024-03-03,S004,SIE-003,0
2024-03-03,S004,SIE-004,0
2024-03-03,S004,SIE-005,1
2024-03-03,S004,SIE-006,0
2024-03-03,S004,CEP-001,0
2024-03-03,S004,CEP-002,0
2024-03-03,S004,CEP-003,1
2024-03-03,S004,CEP-004,0
2024-03-03,S004,CEP-005,2
2024-03-04,S001,ESM-001,1
2024-03-04,S001,ESM-002,1
2024-03-04,S001,ESM-003,1
2024-03-04,S001,ESM-004,1
2024-03-04,S001,ESM-005,1
2024-03-04,S001,ESM-006,1
2024-03-04,S001,ESM-007,2
2024-03-04,S001,ESM-008,1
2024-03-04,S001,ESM-009,2
2024-03-04,S001,ESM-010,2
2024-03-04,S001,DES-001,3
2024-03-04,S001,DES-002,5
2024-03-04,S001,DES-003,5
2024-03-04,S001,DES-004,8
2024-03-04,S001,DES-005,4
2024-03-04,S001,DES-006,4
2024-03-04,S001,DES-007,7
2024-03-04,S001,DES-008,1
2024-03-04,S001,DES-009,7
2024-03-04,S001,DES-010,5
2024-03-04,S001,DES-011,6
2024-03-04,S001,DES-012,3
2024-03-04,S001,DES-013,7
2024-03-04,S001,DES-014,4
2024-03-04,S001,DES-015,5
2024-03-04,S001,TAL-001,0
2024-03-04,S001,TAL-002,1
2024-03-04,S001,TAL-003,0
2024-03-04,S001,TAL-004,1
2024-03-04,S001,TAL-005,0
2024-03-04,S001,TAL-006,1
2024-03-04,S001,TAL-007,1
2024-03-04,S001,TAL-008,1
2024-03-04,S001,SIE-001,1
2024-03-04,S001,SIE-002,1
2024-03-04,S001,SIE-003,1
2024-03-04,S001,SIE-004,0
2024-03-04,S001,SIE-005,1
2024-03-04,S001,SIE-006,1
2024-03-04,S001,CEP-001,1
2024-03-04,S001,CEP-002,2
2024-03-04,S001,CEP-003,1
2024-03-04,S001,CEP-004,1
2024-03-04,S001,CEP-005,1
2024-03-04,S002,ESM-001,1
2024-03-04,S002,ESM-002,3
2024-03-04,S002,ESM-003,1
2024-03-04,S002,ESM-004,0
2024-03-04,S002,ESM-005,1
2024-03-04,S002,ESM-006,1
2024-03-04,S002,ESM-007,1
2024-03-04,S002,ESM-008,3
2024-03-04,S002,ESM-009,0
2024-03-04,S002,ESM-010,2
2024-03-04,S002,DES-001,7
2024-03-04,S002,DES-002,7
2024-03-04,S002,DES-003,5
2024-03-04,S002,DES-004,4
2024-03-04,S002,DES-005,7
2024-03-04,S002,DES-006,5
2024-03-04,S002,DES-007,5
2024-03-04,S002,DES-008,4
2024-03-04,S002,DES-009,9
2024-03-04,S002,DES-010,4
2024-03-04,S002,DES-011,6
2024-03-04,S002,DES-012,8
2024-03-04,S002,DES-013,6
2024-03-04,S002,DES-014,7
2024-03-04,S002,DES-015,3
2024-03-04,S002,TAL-001,2
2024-03-04,S002,TAL-002,1
2024-03-04,S002,TAL-003,1
2024-03-04,S002,TAL-004,1
2024-03-04,S002,TAL-005,1
2024-03-04,S002,TAL-006,0
2024-03-04,S002,TAL-007,0
2024-03-04,S002,TAL-008,1
2024-03-04,S002,SIE-001,0
2024-03-04,S002,SIE-002,0
2024-03-04,S002,SIE-003,2
2024-03-04,S002,SIE-004,1
2024-03-04,S002,SIE-005,2
2024-03-04,S002,SIE-006,0
2024-03-04,S002,CEP-001,1
2024-03-04,S002,CEP-002,1
2024-03-04,S002,CEP-003,1
2024-03-04,S002,CEP-004,2
2024-03-04,S002,CEP-005,0
2024-03-04,S003,ESM-001,1
2024-03-04,S003,ESM-002,2
2024-03-04,S003,ESM-003,0
2024-03-04,S003,ESM-004,2
2024-03-04,S003,ESM-005,1
2024-03-04,S003,ESM-006,0
2024-03-04,S003,ESM-007,1
2024-03-04,S003,ESM-008,1
2024-03-04,S003,ESM-009,1
2024-03-04,S003,ESM-010,2
2024-03-04,S003,DES-001,5
2024-03-04,S003,DES-002,3
2024-03-04,S003,DES-003,3
2024-03-04,S003,DES-004,2
2024-03-04,S003,DES-005,3
2024-03-04,S003,DES-006,3
2024-03-04,S003,DES-007,4
2024-03-04,S003,DES-008,5
2024-03-04,S003,DES-009,3
2024-03-04,S003,DES-010,4
2024-03-04,S003,DES-011,5
2024-03-04,S003,DES-012,4
2024-03-04,S003,DES-013,3
2024-03-04,S003,DES-014,4
2024-03-04,S003,DES-015,5
2024-03-04,S003,TAL-001,1
2024-03-04,S003,TAL-002,1
2024-03-04,S003,TAL-003,1
2024-03-04,S003,TAL-004,0
2024-03-04,S003,TAL-005,1
2024-03-04,S003,TAL-006,1
2024-03-04,S003,TAL-007,1
2024-03-04,S003,TAL-008,0
2024-03-04,S003,SIE-001,1
2024-03-04,S003,SIE-002,1
2024-03-04,S003,SIE-003,1
2024-03-04,S003,SIE-004,1
2024-03-04,S003,SIE-005,1
2024-03-04,S003,SIE-006,1
2024-03-04,S003,CEP-001,1
2024-03-04,S003,CEP-002,1
2024-03-04,S003,CEP-003,2
2024-03-04,S003,CEP-004,1
2024-03-04,S003,CEP-005,0
2024-03-04,S004,ESM-001,2
2024-03-04,S004,ESM-002,1
2024-03-04,S004,ESM-003,0
2024-03-04,S004,ESM-004,1
2024-03-04,S004,ESM-005,0
2024-03-04,S004,ESM-006,1
2024-03-04,S004,ESM-007,1
2024-03-04,S004,ESM-008,0
2024-03-04,S004,ESM-009,1
2024-03-04,S004,ESM-010,1
2024-03-04,S004,DES-001,5
2024-03-04,S004,DES-002,5
2024-03-04,S004,DES-003,3
2024-03-04,S004,DES-004,4
2024-03-04,S004,DES-005,3
2024-03-04,S004,DES-006,4
2024-03-04,S004,DES-007,4
2024-03-04,S004,DES-008,3
2024-03-04,S004,DES-009,5
2024-03-04,S004,DES-010,6
2024-03-04,S004,DES-011,4
2024-03-04,S004,DES-012,5
2024-03-04,S004,DES-013,3
2024-03-04,S004,DES-014,5
2024-03-04,S004,DES-015,4
2024-03-04,S004,TAL-001,1
2024-03-04,S004,TAL-002,0
2024-03-04,S004,TAL-003,1
2024-03-04,S004,TAL-004,1
2024-03-04,S004,TAL-005,1
2024-03-04,S004,TAL-006,1
2024-03-04,S004,TAL-007,0
2024-03-04,S004,TAL-008,1
2024-03-04,S004,SIE-001,1
2024-03-04,S004,SIE-002,1
2024-03-04,S004,SIE-003,0
2024-03-04,S004,SIE-004,1
2024-03-04,S004,SIE-005,0
2024-03-04,S004,SIE-006,0
2024-03-04,S004,CEP-001,1
2024-03-04,S004,CEP-002,1
2024-03-04,S004,CEP-003,1
2024-03-04,S004,CEP-004,1
2024-03-04,S004,CEP-005,0
2024-03-05,S001,ESM-001,1
2024-03-05,S001,ESM-002,1
2024-03-05,S001,ESM-003,1
2024-03-05,S001,ESM-004,3
2024-03-05,S001,ESM-005,0
2024-03-05,S001,ESM-006,1
2024-03-05,S001,ESM-007,1
2024-03-05,S001,ESM-008,2
2024-03-05,S001,ESM-009,3
2024-03-05,S001,ESM-010,2
2024-03-05,S001,DES-001,4
2024-03-05,S001,DES-002,4
2024-03-05,S001,DES-003,5
2024-03-05,S001,DES-004,4
2024-03-05,S001,DES-005,7
2024-03-05,S001,DES-006,5
2024-03-05,S001,DES-007,7
2024-03-05,S001,DES-008,6
2024-03-05,S001,DES-009,5
2024-03-05,S001,DES-010,6
2024-03-05,S001,DES-011,6
2024-03-05,S001,DES-012,6
2024-03-05,S001,DES-013,6
2024-03-05,S001,DES-014,2
2024-03-05,S001,DES-015,6
2024-03-05,S001,TAL-001,1
2024-03-05,S001,TAL-002,1
2024-03-05,S001,TAL-003,1
2024-03-05,S001,TAL-004,1
2024-03-05,S001,TAL-005,1
2024-03-05,S001,TAL-006,2
2024-03-05,S001,TAL-007,1
2024-03-05,S001,TAL-008,1
2024-03-05,S001,SIE-001,0
2024-03-05,S001,SIE-002,0
2024-03-05,S001,SIE-003,0
2024-03-05,S001,SIE-004,0
2024-03-05,S001,SIE-005,0
2024-03-05,S001,SIE-006,1
2024-03-05,S001,CEP-001,1
2024-03-05,S001,CEP-002,1
2024-03-05,S001,CEP-003,1
2024-03-05,S001,CEP-004,1
2024-03-05,S001,CEP-005,2
2024-03-05,S002,ESM-001,2
2024-03-05,S002,ESM-002,2
2024-03-05,S002,ESM-003,1
2024-03-05,S002,ESM-004,1
2024-03-05,S002,ESM-005,1
2024-03-05,S002,ESM-006,1
2024-03-05,S002,ESM-007,2
2024-03-05,S002,ESM-008,1
2024-03-05,S002,ESM-009,1
2024-03-05,S002,ESM-010,1
2024-03-05,S002,DES-001,6
2024-03-05,S002,DES-002,7
2024-03-05,S002,DES-003,5
2024-03-05,S002,DES-004,5
2024-03-05,S002,DES-005,4
2024-03-05,S002,DES-006,5
2024-03-05,S002,DES-007,7
2024-03-05,S002,DES-008,5
2024-03-05,S002,DES-009,6
2024-03-05,S002,DES-010,6
2024-03-05,S002,DES-011,4
2024-03-05,S002,DES-012,5
2024-03-05,S002,DES-013,5
2024-03-05,S002,DES-014,2
2024-03-05,S002,DES-015,6
2024-03-05,S002,TAL-001,1
2024-03-05,S002,TAL-002,0
2024-03-05,S002,TAL-003,2
2024-03-05,S002,TAL-004,1
2024-03-05,S002,TAL-005,2
2024-03-05,S002,TAL-006,0
2024-03-05,S002,TAL-007,1
2024-03-05,S002,TAL-008,1
2024-03-05,S002,SIE-001,1
2024-03-05,S002,SIE-002,1
2024-03-05,S002,SIE-003,1
2024-03-05,S002,SIE-004,1
2024-03-05,S002,SIE-005,2
2024-03-05,S002,SIE-006,0
2024-03-05,S002,CEP-001,3
2024-03-05,S002,CEP-002,1
2024-03-05,S002,CEP-003,1
2024-03-05,S002,CEP-004,2
2024-03-05,S002,CEP-005,1
2024-03-05,S003,ESM-001,1
2024-03-05,S003,ESM-002,1
2024-03-05,S003,ESM-003,1
2024-03-05,S003,ESM-004,1
2024-03-05,S003,ESM-005,1
2024-03-05,S003,ESM-006,2
2024-03-05,S003,ESM-007,1
2024-03-05,S003,ESM-008,1
2024-03-05,S003,ESM-009,1
2024-03-05,S003,ESM-010,0
2024-03-05,S003,DES-001,6
2024-03-05,S003,DES-002,4
2024-03-05,S003,DES-003,5
2024-03-05,S003,DES-004,4
2024-03-05,S003,DES-005,6
2024-03-05,S003,DES-006,2
2024-03-05,S003,DES-007,4
2024-03-05,S003,DES-008,3
2024-03-05,S003,DES-009,5
2024-03-05,S003,DES-010,3
2024-03-05,S003,DES-011,5
2024-03-05,S003,DES-012,5
2024-03-05,S003,DES-013,2
2024-03-05,S003,DES-014,4
2024-03-05,S003,DES-015,4
2024-03-05,S003,TAL-001,1
2024-03-05,S003,TAL-002,0
2024-03-05,S003,TAL-003,0
2024-03-05,S003,TAL-004,1
2024-03-05,S003,TAL-005,1
2024-03-05,S003,TAL-006,1
2024-03-05,S003,TAL-007,0
2024-03-05,S003,TAL-008,1
2024-03-05,S003,SIE-001,1
2024-03-05,S003,SIE-002,1
2024-03-05,S003,SIE-003,1
2024-03-05,S003,SIE-004,1
2024-03-05,S003,SIE-005,1
2024-03-05,S003,SIE-006,0
2024-03-05,S003,CEP-001,2
2024-03-05,S003,CEP-002,0
2024-03-05,S003,CEP-003,1
2024-03-05,S003,CEP-004,1
2024-03-05,S003,CEP-005,1
2024-03-05,S004,ESM-001,0
2024-03-05,S004,ESM-002,1
2024-03-05,S004,ESM-003,1
2024-03-05,S004,ESM-004,1
2024-03-05,S004,ESM-005,1
2024-03-05,S004,ESM-006,0
2024-03-05,S004,ESM-007,1
2024-03-05,S004,ESM-008,0
2024-03-05,S004,ESM-009,2
2024-03-05,S004,ESM-010,3
2024-03-05,S004,DES-001,5
2024-03-05,S004,DES-002,1
2024-03-05,S004,DES-003,3
2024-03-05,S004,DES-004,2
2024-03-05,S004,DES-005,3
2024-03-05,S004,DES-006,3
2024-03-05,S004,DES-007,4
2024-03-05,S004,DES-008,2
2024-03-05,S004,DES-009,2
2024-03-05,S004,DES-010,3
2024-03-05,S004,DES-011,5
2024-03-05,S004,DES-012,4
2024-03-05,S004,DES-013,4
2024-03-05,S004,DES-014,3
2024-03-05,S004,DES-015,6
2024-03-05,S004,TAL-001,0
2024-03-05,S004,TAL-002,1
2024-03-05,S004,TAL-003,1
2024-03-05,S004,TAL-004,2
2024-03-05,S004,TAL-005,0
2024-03-05,S004,TAL-006,1
2024-03-05,S004,TAL-007,1
2024-03-05,S004,TAL-008,0
2024-03-05,S004,SIE-001,0
2024-03-05,S004,SIE-002,1
2024-03-05,S004,SIE-003,1
2024-03-05,S004,SIE-004,0
2024-03-05,S004,SIE-005,1
2024-03-05,S004,SIE-006,0
2024-03-05,S004,CEP-001,0
2024-03-05,S004,CEP-002,1
2024-03-05,S004,CEP-003,1
2024-03-05,S004,CEP-004,0
2024-03-05,S004,CEP-005,1
2024-03-06,S001,ESM-001,2
2024-03-06,S001,ESM-002,2
2024-03-06,S001,ESM-003,1
2024-03-06,S001,ESM-004,2
2024-03-06,S001,ESM-005,2
2024-03-06,S001,ESM-006,0
2024-03-06,S001,ESM-007,1
2024-03-06,S001,ESM-008,0
2024-03-06,S001,ESM-009,4
2024-03-06,S001,ESM-010,3
2024-03-06,S001,DES-001,4
2024-03-06,S001,DES-002,9
2024-03-06,S001,DES-003,4
2024-03-06,S001,DES-004,5
2024-03-06,S001,DES-005,5
2024-03-06,S001,DES-006,2
2024-03-06,S001,DES-007,5
2024-03-06,S001,DES-008,4
2024-03-06,S001,DES-009,5
2024-03-06,S001,DES-010,6
2024-03-06,S001,DES-011,5
2024-03-06,S001,DES-012,10
2024-03-06,S001,DES-013,8
2024-03-06,S001,DES-014,4
2024-03-06,S001,DES-015,6
2024-03-06,S001,TAL-001,0
2024-03-06,S001,TAL-002,2
2024-03-06,S001,TAL-003,0
2024-03-06,S001,TAL-004,1
2024-03-06,S001,TAL-005,1
2024-03-06,S001,TAL-006,1
2024-03-06,S001,TAL-007,1
2024-03-06,S001,TAL-008,1
2024-03-06,S001,SIE-001,1
2024-03-06,S001,SIE-002,1
2024-03-06,S001,SIE-003,0
2024-03-06,S001,SIE-004,0
2024-03-06,S001,SIE-005,1
2024-03-06,S001,SIE-006,0
2024-03-06,S001,CEP-001,1
2024-03-06,S001,CEP-002,1
2024-03-06,S001,CEP-003,2
2024-03-06,S001,CEP-004,1
2024-03-06,S001,CEP-005,1
2024-03-06,S002,ESM-001,2
2024-03-06,S002,ESM-002,2
2024-03-06,S002,ESM-003,0
2024-03-06,S002,ESM-004,1
2024-03-06,S002,ESM-005,2
2024-03-06,S002,ESM-006,2
2024-03-06,S002,ESM-007,0
2024-03-06,S002,ESM-008,1
2024-03-06,S002,ESM-009,0
2024-03-06,S002,ESM-010,2
2024-03-06,S002,DES-001,3
2024-03-06,S002,DES-002,7
2024-03-06,S002,DES-003,8
2024-03-06,S002,DES-004,4
2024-03-06,S002,DES-005,3
2024-03-06,S002,DES-006,4
2024-03-06,S002,DES-007,4
2024-03-06,S002,DES-008,7
2024-03-06,S002,DES-009,5
2024-03-06,S002,DES-010,6
2024-03-06,S002,DES-011,8
2024-03-06,S002,DES-012,5
2024-03-06,S002,DES-013,6
2024-03-06,S002,DES-014,1
2024-03-06,S002,DES-015,5
2024-03-06,S002,TAL-001,1
2024-03-06,S002,TAL-002,1
2024-03-06,S002,TAL-003,1
2024-03-06,S002,TAL-004,2
2024-03-06,S002,TAL-005,1
2024-03-06,S002,TAL-006,0
2024-03-06,S002,TAL-007,0
2024-03-06,S002,TAL-008,2
2024-03-06,S002,SIE-001,1
2024-03-06,S002,SIE-002,0
2024-03-06,S002,SIE-003,1
2024-03-06,S002,SIE-004,0
2024-03-06,S002,SIE-005,0
2024-03-06,S002,SIE-006,0
2024-03-06,S002,CEP-001,1
2024-03-06,S002,CEP-002,0
2024-03-06,S002,CEP-003,0
2024-03-06,S002,CEP-004,1
2024-03-06,S002,CEP-005,1
2024-03-06,S003,ESM-001,1
2024-03-06,S003,ESM-002,1
2024-03-06,S003,ESM-003,1
2024-03-06,S003,ESM-004,1
2024-03-06,S003,ESM-005,1
2024-03-06,S003,ESM-006,1
2024-03-06,S003,ESM-007,2
2024-03-06,S003,ESM-008,0
2024-03-06,S003,ESM-009,1
2024-03-06,S003,ESM-010,0
2024-03-06,S003,DES-001,4
2024-03-06,S003,DES-002,5
2024-03-06,S003,DES-003,4
2024-03-06,S003,DES-004,4
2024-03-06,S003,DES-005,5
2024-03-06,S003,DES-006,4
2024-03-06,S003,DES-007,3
2024-03-06,S003,DES-008,4
2024-03-06,S003,DES-009,3
2024-03-06,S003,DES-010,4
2024-03-06,S003,DES-011,3
2024-03-06,S003,DES-012,3
2024-03-06,S003,DES-013,3
2024-03-06,S003,DES-014,4
2024-03-06,S003,DES-015,4
2024-03-06,S003,TAL-001,1
2024-03-06,S003,TAL-002,1
2024-03-06,S003,TAL-003,0
2024-03-06,S003,TAL-004,1
2024-03-06,S003,TAL-005,0
2024-03-06,S003,TAL-006,1
2024-03-06,S003,TAL-007,1
2024-03-06,S003,TAL-008,1
2024-03-06,S003,SIE-001,1
2024-03-06,S003,SIE-002,1
2024-03-06,S003,SIE-003,1
2024-03-06,S003,SIE-004,1
2024-03-06,S003,SIE-005,0
2024-03-06,S003,SIE-006,1
2024-03-06,S003,CEP-001,1
2024-03-06,S003,CEP-002,1
2024-03-06,S003,CEP-003,1
2024-03-06,S003,CEP-004,1
2024-03-06,S003,CEP-005,0
2024-03-06,S004,ESM-001,2
2024-03-06,S004,ESM-002,2
2024-03-06,S004,ESM-003,1
2024-03-06,S004,ESM-004,0
2024-03-06,S004,ESM-005,1
2024-03-06,S004,ESM-006,1
2024-03-06,S004,ESM-007,2
2024-03-06,S004,ESM-008,1
2024-03-06,S004,ESM-009,1
2024-03-06,S004,ESM-010,1
2024-03-06,S004,DES-001,4
2024-03-06,S004,DES-002,5
2024-03-06,S004,DES-003,5
2024-03-06,S004,DES-004,5
2024-03-06,S004,DES-005,6
2024-03-06,S004,DES-006,4
2024-03-06,S004,DES-007,5
2024-03-06,S004,DES-008,3
2024-03-06,S004,DES-009,4
2024-03-06,S004,DES-010,6
2024-03-06,S004,DES-011,5
2024-03-06,S004,DES-012,4
2024-03-06,S004,DES-013,4
2024-03-06,S004,DES-014,5
2024-03-06,S004,DES-015,5
2024-03-06,S004,TAL-001,2
2024-03-06,S004,TAL-002,0
2024-03-06,S004,TAL-003,1
2024-03-06,S004,TAL-004,1
2024-03-06,S004,TAL-005,1
2024-03-06,S004,TAL-006,1
2024-03-06,S004,TAL-007,1
2024-03-06,S004,TAL-008,1
2024-03-06,S004,SIE-001,0
2024-03-06,S004,SIE-002,0
2024-03-06,S004,SIE-003,1
2024-03-06,S004,SIE-004,1
2024-03-06,S004,SIE-005,1
2024-03-06,S004,SIE-006,1
2024-03-06,S004,CEP-001,1
2024-03-06,S004,CEP-002,1
2024-03-06,S004,CEP-003,1
2024-03-06,S004,CEP-004,1
2024-03-06,S004,CEP-005,1
2024-03-07,S001,ESM-001,1
2024-03-07,S001,ESM-002,2
2024-03-07,S001,ESM-003,4
2024-03-07,S001,ESM-004,1
2024-03-07,S001,ESM-005,3
2024-03-07,S001,ESM-006,1
2024-03-07,S001,ESM-007,1
2024-03-07,S001,ESM-008,1
2024-03-07,S001,ESM-009,0
2024-03-07,S001,ESM-010,1
2024-03-07,S001,DES-001,7
2024-03-07,S001,DES-002,5
2024-03-07,S001,DES-003,6
2024-03-07,S001,DES-004,4
2024-03-07,S001,DES-005,5
2024-03-07,S001,DES-006,8
2024-03-07,S001,DES-007,5
2024-03-07,S001,DES-008,6
2024-03-07,S001,DES-009,5
2024-03-07,S001,DES-010,6
2024-03-07,S001,DES-011,6
2024-03-07,S001,DES-012,5
2024-03-07,S001,DES-013,6
2024-03-07,S001,DES-014,6
2024-03-07,S001,DES-015,5
2024-03-07,S001,TAL-001,1
2024-03-07,S001,TAL-002,0
2024-03-07,S001,TAL-003,0
2024-03-07,S001,TAL-004,1
2024-03-07,S001,TAL-005,0
2024-03-07,S001,TAL-006,1
2024-03-07,S001,TAL-007,1
2024-03-07,S001,TAL-008,1
2024-03-07,S001,SIE-001,0
2024-03-07,S001,SIE-002,1
2024-03-07,S001,SIE-003,1
2024-03-07,S001,SIE-004,0
2024-03-07,S001,SIE-005,1
2024-03-07,S001,SIE-006,2
2024-03-07,S001,CEP-001,2
2024-03-07,S001,CEP-002,1
2024-03-07,S001,CEP-003,2
2024-03-07,S001,CEP-004,1
2024-03-07,S001,CEP-005,3
2024-03-07,S002,ESM-001,0
2024-03-07,S002,ESM-002,3
2024-03-07,S002,ESM-003,2
2024-03-07,S002,ESM-004,3
2024-03-07,S002,ESM-005,1
2024-03-07,S002,ESM-006,2
2024-03-07,S002,ESM-007,3
2024-03-07,S002,ESM-008,1
2024-03-07,S002,ESM-009,1
2024-03-07,S002,ESM-010,1
2024-03-07,S002,DES-001,8
2024-03-07,S002,DES-002,3
2024-03-07,S002,DES-003,5
2024-03-07,S002,DES-004,6
2024-03-07,S002,DES-005,4
2024-03-07,S002,DES-006,2
2024-03-07,S002,DES-007,5
2024-03-07,S002,DES-008,6
2024-03-07,S002,DES-009,5
2024-03-07,S002,DES-010,7
2024-03-07,S002,DES-011,7
2024-03-07,S002,DES-012,3
2024-03-07,S002,DES-013,4
2024-03-07,S002,DES-014,5
2024-03-07,S002,DES-015,6
2024-03-07,S002,TAL-001,1
2024-03-07,S002,TAL-002,0
2024-03-07,S002,TAL-003,0
2024-03-07,S002,TAL-004,1
2024-03-07,S002,TAL-005,1
2024-03-07,S002,TAL-006,0
2024-03-07,S002,TAL-007,1
2024-03-07,S002,TAL-008,3
2024-03-07,S002,SIE-001,0
2024-03-07,S002,SIE-002,1
2024-03-07,S002,SIE-003,0
2024-03-07,S002,SIE-004,2
2024-03-07,S002,SIE-005,0
2024-03-07,S002,SIE-006,2
2024-03-07,S002,CEP-001,1
2024-03-07,S002,CEP-002,1
2024-03-07,S002,CEP-003,3
2024-03-07,S002,CEP-004,1
2024-03-07,S002,CEP-005,1
2024-03-07,S003,ESM-001,1
2024-03-07,S003,ESM-002,1
2024-03-07,S003,ESM-003,2
2024-03-07,S003,ESM-004,0
2024-03-07,S003,ESM-005,2
2024-03-07,S003,ESM-006,1
2024-03-07,S003,ESM-007,1
2024-03-07,S003,ESM-008,1
2024-03-07,S003,ESM-009,1
2024-03-07,S003,ESM-010,1
2024-03-07,S003,DES-001,6
2024-03-07,S003,DES-002,4
2024-03-07,S003,DES-003,5
2024-03-07,S003,DES-004,3
2024-03-07,S003,DES-005,4
2024-03-07,S003,DES-006,3
2024-03-07,S003,DES-007,5
2024-03-07,S003,DES-008,5
2024-03-07,S003,DES-009,4
2024-03-07,S003,DES-010,3
2024-03-07,S003,DES-011,3
2024-03-07,S003,DES-012,4
2024-03-07,S003,DES-013,5
2024-03-07,S003,DES-014,2
2024-03-07,S003,DES-015,5
2024-03-07,S003,TAL-001,0
2024-03-07,S003,TAL-002,1
2024-03-07,S003,TAL-003,1
2024-03-07,S003,TAL-004,1
2024-03-07,S003,TAL-005,1
2024-03-07,S003,TAL-006,1
2024-03-07,S003,TAL-007,1
2024-03-07,S003,TAL-008,1
2024-03-07,S003,SIE-001,1
2024-03-07,S003,SIE-002,0
2024-03-07,S003,SIE-003,1
2024-03-07,S003,SIE-004,0
2024-03-07,S003,SIE-005,1
2024-03-07,S003,SIE-006,0
2024-03-07,S003,CEP-001,1
2024-03-07,S003,CEP-002,2
2024-03-07,S003,CEP-003,0
2024-03-07,S003,CEP-004,0
2024-03-07,S003,CEP-005,1
2024-03-07,S004,ESM-001,1
2024-03-07,S004,ESM-002,2
2024-03-07,S004,ESM-003,2
2024-03-07,S004,ESM-004,2
2024-03-07,S004,ESM-005,0
2024-03-07,S004,ESM-006,1
2024-03-07,S004,ESM-007,0
2024-03-07,S004,ESM-008,0
2024-03-07,S004,ESM-009,1
2024-03-07,S004,ESM-010,1
2024-03-07,S004,DES-001,3
2024-03-07,S004,DES-002,4
2024-03-07,S004,DES-003,4
2024-03-07,S004,DES-004,3
2024-03-07,S004,DES-005,4
2024-03-07,S004,DES-006,4
2024-03-07,S004,DES-007,4
2024-03-07,S004,DES-008,3
2024-03-07,S004,DES-009,1
2024-03-07,S004,DES-010,4
2024-03-07,S004,DES-011,2
2024-03-07,S004,DES-012,6
2024-03-07,S004,DES-013,3
2024-03-07,S004,DES-014,5
2024-03-07,S004,DES-015,3
2024-03-07,S004,TAL-001,1
2024-03-07,S004,TAL-002,1
2024-03-07,S004,TAL-003,1
2024-03-07,S004,TAL-004,0
2024-03-07,S004,TAL-005,0
2024-03-07,S004,TAL-006,0
2024-03-07,S004,TAL-007,1
2024-03-07,S004,TAL-008,0
2024-03-07,S004,SIE-001,1
2024-03-07,S004,SIE-002,0
2024-03-07,S004,SIE-003,0
2024-03-07,S004,SIE-004,1
2024-03-07,S004,SIE-005,0
2024-03-07,S004,SIE-006,1
2024-03-07,S004,CEP-001,1
2024-03-07,S004,CEP-002,1
2024-03-07,S004,CEP-003,1
2024-03-07,S004,CEP-004,1
2024-03-07,S004,CEP-005,1
2024-03-08,S001,ESM-001,2
2024-03-08,S001,ESM-002,2
2024-03-08,S001,ESM-003,2
2024-03-08,S001,ESM-004,1
2024-03-08,S001,ESM-005,2
2024-03-08,S001,ESM-006,1
2024-03-08,S001,ESM-007,2
2024-03-08,S001,ESM-008,1
2024-03-08,S001,ESM-009,1
2024-03-08,S001,ESM-010,1
2024-03-08,S001,DES-001,5
2024-03-08,S001,DES-002,7
2024-03-08,S001,DES-003,5
2024-03-08,S001,DES-004,6
2024-03-08,S001,DES-005,5
2024-03-08,S001,DES-006,8
2024-03-08,S001,DES-007,4
2024-03-08,S001,DES-008,5
2024-03-08,S001,DES-009,4
2024-03-08,S001,DES-010,4
2024-03-08,S001,DES-011,4
2024-03-08,S001,DES-012,3
2024-03-08,S001,DES-013,4
2024-03-08,S001,DES-014,5
2024-03-08,S001,DES-015,5
2024-03-08,S001,TAL-001,2
2024-03-08,S001,TAL-002,0
2024-03-08,S001,TAL-003,1
2024-03-08,S001,TAL-004,2
2024-03-08,S001,TAL-005,1
2024-03-08,S001,TAL-006,1
2024-03-08,S001,TAL-007,2
2024-03-08,S001,TAL-008,0
2024-03-08,S001,SIE-001,1
2024-03-08,S001,SIE-002,1
2024-03-08,S001,SIE-003,1
2024-03-08,S001,SIE-004,1
2024-03-08,S001,SIE-005,0
2024-03-08,S001,SIE-006,1
2024-03-08,S001,CEP-001,0
2024-03-08,S001,CEP-002,1
2024-03-08,S001,CEP-003,1
2024-03-08,S001,CEP-004,2
2024-03-08,S001,CEP-005,1
2024-03-08,S002,ESM-001,3
2024-03-08,S002,ESM-002,2
2024-03-08,S002,ESM-003,1
2024-03-08,S002,ESM-004,1
2024-03-08,S002,ESM-005,2
2024-03-08,S002,ESM-006,0
2024-03-08,S002,ESM-007,1
2024-03-08,S002,ESM-008,1
2024-03-08,S002,ESM-009,1
2024-03-08,S002,ESM-010,2
2024-03-08,S002,DES-001,6
2024-03-08,S002,DES-002,6
2024-03-08,S002,DES-003,7
2024-03-08,S002,DES-004,8
2024-03-08,S002,DES-005,6
2024-03-08,S002,DES-006,4
2024-03-08,S002,DES-007,5
2024-03-08,S002,DES-008,3
2024-03-08,S002,DES-009,5
2024-03-08,S002,DES-010,6
2024-03-08,S002,DES-011,4
2024-03-08,S002,DES-012,7
2024-03-08,S002,DES-013,7
2024-03-08,S002,DES-014,7
2024-03-08,S002,DES-015,3
2024-03-08,S002,TAL-001,2
2024-03-08,S002,TAL-002,1
2024-03-08,S002,TAL-003,2
2024-03-08,S002,TAL-004,1
2024-03-08,S002,TAL-005,1
2024-03-08,S002,TAL-006,0
2024-03-08,S002,TAL-007,0
2024-03-08,S002,TAL-008,1
2024-03-08,S002,SIE-001,1
2024-03-08,S002,SIE-002,0
2024-03-08,S002,SIE-003,2
2024-03-08,S002,SIE-004,0
2024-03-08,S002,SIE-005,1
2024-03-08,S002,SIE-006,1
2024-03-08,S002,CEP-001,2
2024-03-08,S002,CEP-002,2
2024-03-08,S002,CEP-003,2
2024-03-08,S002,CEP-004,1
2024-03-08,S002,CEP-005,1
2024-03-08,S003,ESM-001,2
2024-03-08,S003,ESM-002,1
2024-03-08,S003,ESM-003,1
2024-03-08,S003,ESM-004,0
2024-03-08,S003,ESM-005,2
2024-03-08,S003,ESM-006,1
2024-03-08,S003,ESM-007,1
2024-03-08,S003,ESM-008,0
2024-03-08,S003,ESM-009,1
2024-03-08,S003,ESM-010,1
2024-03-08,S003,DES-001,3
2024-03-08,S003,DES-002,5
2024-03-08,S003,DES-003,3
2024-03-08,S003,DES-004,3
2024-03-08,S003,DES-005,3
2024-03-08,S003,DES-006,4
2024-03-08,S003,DES-007,6
2024-03-08,S003,DES-008,6
2024-03-08,S003,DES-009,4
2024-03-08,S003,DES-010,5
2024-03-08,S003,DES-011,7
2024-03-08,S003,DES-012,3
2024-03-08,S003,DES-013,4
2024-03-08,S003,DES-014,3
2024-03-08,S003,DES-015,6
2024-03-08,S003,TAL-001,1
2024-03-08,S003,TAL-002,0
2024-03-08,S003,TAL-003,1
2024-03-08,S003,TAL-004,1
2024-03-08,S003,TAL-005,0
2024-03-08,S003,TAL-006,1
2024-03-08,S003,TAL-007,0
2024-03-08,S003,TAL-008,1
2024-03-08,S003,SIE-001,0
2024-03-08,S003,SIE-002,1
2024-03-08,S003,SIE-003,1
2024-03-08,S003,SIE-004,1
2024-03-08,S003,SIE-005,0
2024-03-08,S003,SIE-006,0
2024-03-08,S003,CEP-001,1
2024-03-08,S003,CEP-002,1
2024-03-08,S003,CEP-003,0
2024-03-08,S003,CEP-004,1
2024-03-08,S003,CEP-005,0
2024-03-08,S004,ESM-001,1
2024-03-08,S004,ESM-002,1
2024-03-08,S004,ESM-003,1
2024-03-08,S004,ESM-004,0
2024-03-08,S004,ESM-005,1
2024-03-08,S004,ESM-006,1
2024-03-08,S004,ESM-007,1
2024-03-08,S004,ESM-008,0
2024-03-08,S004,ESM-009,1
2024-03-08,S004,ESM-010,1
2024-03-08,S004,DES-001,3
2024-03-08,S004,DES-002,6
2024-03-08,S004,DES-003,3
2024-03-08,S004,DES-004,4
2024-03-08,S004,DES-005,3
2024-03-08,S004,DES-006,4
2024-03-08,S004,DES-007,4
2024-03-08,S004,DES-008,4
2024-03-08,S004,DES-009,4
2024-03-08,S004,DES-010,3
2024-03-08,S004,DES-011,4
2024-03-08,S004,DES-012,3
2024-03-08,S004,DES-013,4
2024-03-08,S004,DES-014,4
2024-03-08,S004,DES-015,3
2024-03-08,S004,TAL-001,0
2024-03-08,S004,TAL-002,1
2024-03-08,S004,TAL-003,1
2024-03-08,S004,TAL-004,0
2024-03-08,S004,TAL-005,1
2024-03-08,S004,TAL-006,0
2024-03-08,S004,TAL-007,1
2024-03-08,S004,TAL-008,1
2024-03-08,S004,SIE-001,1
2024-03-08,S004,SIE-002,1
2024-03-08,S004,SIE-003,0
2024-03-08,S004,SIE-004,0
2024-03-08,S004,SIE-005,0
2024-03-08,S004,SIE-006,1
2024-03-08,S004,CEP-001,1
2024-03-08,S004,CEP-002,1
2024-03-08,S004,CEP-003,1
2024-03-08,S004,CEP-004,1
2024-03-08,S004,CEP-005,1
2024-03-09,S001,ESM-001,2
2024-03-09,S001,ESM-002,2
2024-03-09,S001,ESM-003,2
2024-03-09,S001,ESM-004,1
2024-03-09,S001,ESM-005,2
2024-03-09,S001,ESM-006,2
2024-03-09,S001,ESM-007,1
2024-03-09,S001,ESM-008,2
2024-03-09,S001,ESM-009,3
2024-03-09,S001,ESM-010,3
2024-03-09,S001,DES-001,4
2024-03-09,S001,DES-002,7
2024-03-09,S001,DES-003,9
2024-03-09,S001,DES-004,10
2024-03-09,S001,DES-005,7
2024-03-09,S001,DES-006,4
2024-03-09,S001,DES-007,4
2024-03-09,S001,DES-008,4
2024-03-09,S001,DES-009,5
2024-03-09,S001,DES-010,5
2024-03-09,S001,DES-011,7
2024-03-09,S001,DES-012,4
2024-03-09,S001,DES-013,2
2024-03-09,S001,DES-014,1
2024-03-09,S001,DES-015,6
2024-03-09,S001,TAL-001,1
2024-03-09,S001,TAL-002,2
2024-03-09,S001,TAL-003,0
2024-03-09,S001,TAL-004,0
2024-03-09,S001,TAL-005,0
2024-03-09,S001,TAL-006,2
2024-03-09,S001,TAL-007,2
2024-03-09,S001,TAL-008,1
2024-03-09,S001,SIE-001,1
2024-03-09,S001,SIE-002,1
2024-03-09,S001,SIE-003,0
2024-03-09,S001,SIE-004,1
2024-03-09,S001,SIE-005,1
2024-03-09,S001,SIE-006,1
2024-03-09,S001,CEP-001,1
2024-03-09,S001,CEP-002,1
2024-03-09,S001,CEP-003,2
2024-03-09,S001,CEP-004,3
2024-03-09,S001,CEP-005,2
2024-03-09,S002,ESM-001,2
2024-03-09,S002,ESM-002,0
2024-03-09,S002,ESM-003,0
2024-03-09,S002,ESM-004,2
2024-03-09,S002,ESM-005,0
2024-03-09,S002,ESM-006,2
2024-03-09,S002,ESM-007,3
2024-03-09,S002,ESM-008,0
2024-03-09,S002,ESM-009,0
2024-03-09,S002,ESM-010,1
2024-03-09,S002,DES-001,4
2024-03-09,S002,DES-002,10
2024-03-09,S002,DES-003,4
2024-03-09,S002,DES-004,4
2024-03-09,S002,DES-005,4
2024-03-09,S002,DES-006,4
2024-03-09,S002,DES-007,4
2024-03-09,S002,DES-008,4
2024-03-09,S002,DES-009,7
2024-03-09,S002,DES-010,4
2024-03-09,S002,DES-011,8
2024-03-09,S002,DES-012,5
2024-03-09,S002,DES-013,6
2024-03-09,S002,DES-014,4
2024-03-09,S002,DES-015,5
2024-03-09,S002,TAL-001,1
2024-03-09,S002,TAL-002,0
2024-03-09,S002,TAL-003,1
2024-03-09,S002,TAL-004,1
2024-03-09,S002,TAL-005,1
2024-03-09,S002,TAL-006,2
2024-03-09,S002,TAL-007,1
2024-03-09,S002,TAL-008,1
2024-03-09,S002,SIE-001,0
2024-03-09,S002,SIE-002,1
2024-03-09,S002,SIE-003,1
2024-03-09,S002,SIE-004,1
2024-03-09,S002,SIE-005,1
2024-03-09,S002,SIE-006,1
2024-03-09,S002,CEP-001,1
2024-03-09,S002,CEP-002,1
2024-03-09,S002,CEP-003,2
2024-03-09,S002,CEP-004,1
2024-03-09,S002,CEP-005,1
2024-03-09,S003,ESM-001,1
2024-03-09,S003,ESM-002,2
2024-03-09,S003,ESM-003,1
2024-03-09,S003,ESM-004,2
2024-03-09,S003,ESM-005,0
2024-03-09,S003,ESM-006,2
2024-03-09,S003,ESM-007,1
2024-03-09,S003,ESM-008,2
2024-03-09,S003,ESM-009,1
2024-03-09,S003,ESM-010,1
2024-03-09,S003,DES-001,2
2024-03-09,S003,DES-002,3
2024-03-09,S003,DES-003,5
2024-03-09,S003,DES-004,2
2024-03-09,S003,DES-005,2
2024-03-09,S003,DES-006,2
2024-03-09,S003,DES-007,7
2024-03-09,S003,DES-008,5
2024-03-09,S003,DES-009,4
2024-03-09,S003,DES-010,3
2024-03-09,S003,DES-011,1
2024-03-09,S003,DES-012,4
2024-03-09,S003,DES-013,3
2024-03-09,S003,DES-014,3
2024-03-09,S003,DES-015,1
2024-03-09,S003,TAL-001,1
2024-03-09,S003,TAL-002,1
2024-03-09,S003,TAL-003,1
2024-03-09,S003,TAL-004,0
2024-03-09,S003,TAL-005,0
2024-03-09,S003,TAL-006,1
2024-03-09,S003,TAL-007,1
2024-03-09,S003,TAL-008,1
2024-03-09,S003,SIE-001,1
2024-03-09,S003,SIE-002,0
2024-03-09,S003,SIE-003,1
2024-03-09,S003,SIE-004,1
2024-03-09,S003,SIE-005,0
2024-03-09,S003,SIE-006,1
2024-03-09,S003,CEP-001,0
2024-03-09,S003,CEP-002,2
2024-03-09,S003,CEP-003,0
2024-03-09,S003,CEP-004,1
2024-03-09,S003,CEP-005,1
2024-03-09,S004,ESM-001,1
2024-03-09,S004,ESM-002,1
2024-03-09,S004,ESM-003,1
2024-03-09,S004,ESM-004,1
2024-03-09,S004,ESM-005,1
2024-03-09,S004,ESM-006,1
2024-03-09,S004,ESM-007,1
2024-03-09,S004,ESM-008,1
2024-03-09,S004,ESM-009,1
2024-03-09,S004,ESM-010,2
2024-03-09,S004,DES-001,4
2024-03-09,S004,DES-002,4
2024-03-09,S004,DES-003,3
2024-03-09,S004,DES-004,4
2024-03-09,S004,DES-005,3
2024-03-09,S004,DES-006,5
2024-03-09,S004,DES-007,4
2024-03-09,S004,DES-008,3
2024-03-09,S004,DES-009,2
2024-03-09,S004,DES-010,2
2024-03-09,S004,DES-011,5
2024-03-09,S004,DES-012,3
2024-03-09,S004,DES-013,3
2024-03-09,S004,DES-014,6
2024-03-09,S004,DES-015,2
2024-03-09,S004,TAL-001,0
2024-03-09,S004,TAL-002,1
2024-03-09,S004,TAL-003,1
2024-03-09,S004,TAL-004,1
2024-03-09,S004,TAL-005,1
2024-03-09,S004,TAL-006,2
2024-03-09,S004,TAL-007,0
2024-03-09,S004,TAL-008,1
2024-03-09,S004,SIE-001,1
2024-03-09,S004,SIE-002,1
2024-03-09,S004,SIE-003,1
2024-03-09,S004,SIE-004,1
2024-03-09,S004,SIE-005,1
2024-03-09,S004,SIE-006,0
2024-03-09,S004,CEP-001,1
2024-03-09,S004,CEP-002,1
2024-03-09,S004,CEP-003,1
2024-03-09,S004,CEP-004,1
2024-03-09,S004,CEP-005,1
2024-03-10,S001,ESM-001,1
2024-03-10,S001,ESM-002,1
2024-03-10,S001,ESM-003,1
2024-03-10,S001,ESM-004,2
2024-03-10,S001,ESM-005,1
2024-03-10,S001,ESM-006,2
2024-03-10,S001,ESM-007,4
2024-03-10,S001,ESM-008,1
2024-03-10,S001,ESM-009,0
2024-03-10,S001,ESM-010,2
2024-03-10,S001,DES-001,3
2024-03-10,S001,DES-002,7
2024-03-10,S001,DES-003,5
2024-03-10,S001,DES-004,6
2024-03-10,S001,DES-005,3
2024-03-10,S001,DES-006,6
2024-03-10,S001,DES-007,7
2024-03-10,S001,DES-008,5
2024-03-10,S001,DES-009,7
2024-03-10,S001,DES-010,7
2024-03-10,S001,DES-011,7
2024-03-10,S001,DES-012,4
2024-03-10,S001,DES-013,5
2024-03-10,S001,DES-014,5
2024-03-10,S001,DES-015,4
2024-03-10,S001,TAL-001,2
2024-03-10,S001,TAL-002,1
2024-03-10,S001,TAL-003,1
2024-03-10,S001,TAL-004,0
2024-03-10,S001,TAL-005,1
2024-03-10,S001,TAL-006,1
2024-03-10,S001,TAL-007,2
2024-03-10,S001,TAL-008,1
2024-03-10,S001,SIE-001,2
2024-03-10,S001,SIE-002,0
2024-03-10,S001,SIE-003,1
2024-03-10,S001,SIE-004,1
2024-03-10,S001,SIE-005,1
2024-03-10,S001,SIE-006,0
2024-03-10,S001,CEP-001,2
2024-03-10,S001,CEP-002,1
2024-03-10,S001,CEP-003,2
2024-03-10,S001,CEP-004,1
2024-03-10,S001,CEP-005,1
2024-03-10,S002,ESM-001,1
2024-03-10,S002,ESM-002,2
2024-03-10,S002,ESM-003,1
2024-03-10,S002,ESM-004,2
2024-03-10,S002,ESM-005,2
2024-03-10,S002,ESM-006,1
2024-03-10,S002,ESM-007,1
2024-03-10,S002,ESM-008,1
2024-03-10,S002,ESM-009,1
2024-03-10,S002,ESM-010,1
2024-03-10,S002,DES-001,6
2024-03-10,S002,DES-002,7
2024-03-10,S002,DES-003,6
2024-03-10,S002,DES-004,4
2024-03-10,S002,DES-005,6
2024-03-10,S002,DES-006,4
2024-03-10,S002,DES-007,5
2024-03-10,S002,DES-008,7
2024-03-10,S002,DES-009,3
2024-03-10,S002,DES-010,7
2024-03-10,S002,DES-011,3
2024-03-10,S002,DES-012,5
2024-03-10,S002,DES-013,6
2024-03-10,S002,DES-014,3
2024-03-10,S002,DES-015,4
2024-03-10,S002,TAL-001,1
2024-03-10,S002,TAL-002,2
2024-03-10,S002,TAL-003,2
2024-03-10,S002,TAL-004,1
2024-03-10,S002,TAL-005,1
2024-03-10,S002,TAL-006,1
2024-03-10,S002,TAL-007,3
2024-03-10,S002,TAL-008,0
2024-03-10,S002,SIE-001,2
2024-03-10,S002,SIE-002,1
2024-03-10,S002,SIE-003,1
2024-03-10,S002,SIE-004,1
2024-03-10,S002,SIE-005,1
2024-03-10,S002,SIE-006,1
2024-03-10,S002,CEP-001,2
2024-03-10,S002,CEP-002,2
2024-03-10,S002,CEP-003,1
2024-03-10,S002,CEP-004,0
2024-03-10,S002,CEP-005,2
2024-03-10,S003,ESM-001,0
2024-03-10,S003,ESM-002,2
2024-03-10,S003,ESM-003,1
2024-03-10,S003,ESM-004,1
2024-03-10,S003,ESM-005,2
2024-03-10,S003,ESM-006,1
2024-03-10,S003,ESM-007,2
2024-03-10,S003,ESM-008,1
2024-03-10,S003,ESM-009,0
2024-03-10,S003,ESM-010,2
2024-03-10,S003,DES-001,6
2024-03-10,S003,DES-002,5
2024-03-10,S003,DES-003,4
2024-03-10,S003,DES-004,5
2024-03-10,S003,DES-005,3
2024-03-10,S003,DES-006,5
2024-03-10,S003,DES-007,4
2024-03-10,S003,DES-008,7
2024-03-10,S003,DES-009,3
2024-03-10,S003,DES-010,6
2024-03-10,S003,DES-011,5
2024-03-10,S003,DES-012,3
2024-03-10,S003,DES-013,3
2024-03-10,S003,DES-014,4
2024-03-10,S003,DES-015,4
2024-03-10,S003,TAL-001,0
2024-03-10,S003,TAL-002,1
2024-03-10,S003,TAL-003,1
2024-03-10,S003,TAL-004,1
2024-03-10,S003,TAL-005,1
2024-03-10,S003,TAL-006,0
2024-03-10,S003,TAL-007,0
2024-03-10,S003,TAL-008,1
2024-03-10,S003,SIE-001,1
2024-03-10,S003,SIE-002,0
2024-03-10,S003,SIE-003,0
2024-03-10,S003,SIE-004,0
2024-03-10,S003,SIE-005,0
2024-03-10,S003,SIE-006,0
2024-03-10,S003,CEP-001,1
2024-03-10,S003,CEP-002,1
2024-03-10,S003,CEP-003,0
2024-03-10,S003,CEP-004,1
2024-03-10,S003,CEP-005,1
2024-03-10,S004,ESM-001,1
2024-03-10,S004,ESM-002,2
2024-03-10,S004,ESM-003,1
2024-03-10,S004,ESM-004,0
2024-03-10,S004,ESM-005,2
2024-03-10,S004,ESM-006,1
2024-03-10,S004,ESM-007,1
2024-03-10,S004,ESM-008,1
2024-03-10,S004,ESM-009,1
2024-03-10,S004,ESM-010,1
2024-03-10,S004,DES-001,5
2024-03-10,S004,DES-002,3
2024-03-10,S004,DES-003,2
2024-03-10,S004,DES-004,4
2024-03-10,S004,DES-005,3
2024-03-10,S004,DES-006,5
2024-03-10,S004,DES-007,3
2024-03-10,S004,DES-008,3
2024-03-10,S004,DES-009,5
2024-03-10,S004,DES-010,4
2024-03-10,S004,DES-011,5
2024-03-10,S004,DES-012,7
2024-03-10,S004,DES-013,4
2024-03-10,S004,DES-014,2
2024-03-10,S004,DES-015,2
2024-03-10,S004,TAL-001,1
2024-03-10,S004,TAL-002,1
2024-03-10,S004,TAL-003,1
2024-03-10,S004,TAL-004,1
2024-03-10,S004,TAL-005,1
2024-03-10,S004,TAL-006,0
2024-03-10,S004,TAL-007,0
2024-03-10,S004,TAL-008,1
2024-03-10,S004,SIE-001,0
2024-03-10,S004,SIE-002,1
2024-03-10,S004,SIE-003,0
2024-03-10,S004,SIE-004,1
2024-03-10,S004,SIE-005,1
2024-03-10,S004,SIE-006,1
2024-03-10,S004,CEP-001,1
2024-03-10,S004,CEP-002,1
2024-03-10,S004,CEP-003,1
2024-03-10,S004,CEP-004,1
2024-03-10,S004,CEP-005,1
2024-03-11,S001,ESM-001,0
2024-03-11,S001,ESM-002,2
2024-03-11,S001,ESM-003,3
2024-03-11,S001,ESM-004,1
2024-03-11,S001,ESM-005,3
2024-03-11,S001,ESM-006,3
2024-03-11,S001,ESM-007,1
2024-03-11,S001,ESM-008,1
2024-03-11,S001,ESM-009,2
2024-03-11,S001,ESM-010,1
2024-03-11,S001,DES-001,3
2024-03-11,S001,DES-002,7
2024-03-11,S001,DES-003,4
2024-03-11,S001,DES-004,7
2024-03-11,S001,DES-005,7
2024-03-11,S001,DES-006,7
2024-03-11,S001,DES-007,6
2024-03-11,S001,DES-008,3
2024-03-11,S001,DES-009,3
2024-03-11,S001,DES-010,5
2024-03-11,S001,DES-011,7
2024-03-11,S001,DES-012,6
2024-03-11,S001,DES-013,5
2024-03-11,S001,DES-014,9
2024-03-11,S001,DES-015,5
2024-03-11,S001,TAL-001,0
2024-03-11,S001,TAL-002,1
2024-03-11,S001,TAL-003,1
2024-03-11,S001,TAL-004,1
2024-03-11,S001,TAL-005,1
2024-03-11,S001,TAL-006,1
2024-03-11,S001,TAL-007,1
2024-03-11,S001,TAL-008,1
2024-03-11,S001,SIE-001,1
2024-03-11,S001,SIE-002,0
2024-03-11,S001,SIE-003,2
2024-03-11,S001,SIE-004,0
2024-03-11,S001,SIE-005,1
2024-03-11,S001,SIE-006,1
2024-03-11,S001,CEP-001,1
2024-03-11,S001,CEP-002,1
2024-03-11,S001,CEP-003,0
2024-03-11,S001,CEP-004,2
2024-03-11,S001,CEP-005,2
2024-03-11,S002,ESM-001,2
2024-03-11,S002,ESM-002,2
2024-03-11,S002,ESM-003,2
2024-03-11,S002,ESM-004,1
2024-03-11,S002,ESM-005,2
2024-03-11,S002,ESM-006,1
2024-03-11,S002,ESM-007,2
2024-03-11,S002,ESM-008,1
2024-03-11,S002,ESM-009,3
2024-03-11,S002,ESM-010,0
2024-03-11,S002,DES-001,7
2024-03-11,S002,DES-002,3
2024-03-11,S002,DES-003,5
2024-03-11,S002,DES-004,7
2024-03-11,S002,DES-005,6
2024-03-11,S002,DES-006,5
2024-03-11,S002,DES-007,4
2024-03-11,S002,DES-008,6
2024-03-11,S002,DES-009,6
2024-03-11,S002,DES-010,5
2024-03-11,S002,DES-011,8
2024-03-11,S002,DES-012,8
2024-03-11,S002,DES-013,4
2024-03-11,S002,DES-014,5
2024-03-11,S002,DES-015,2
2024-03-11,S002,TAL-001,2
2024-03-11,S002,TAL-002,2
2024-03-11,S002,TAL-003,1
2024-03-11,S002,TAL-004,2
2024-03-11,S002,TAL-005,0
2024-03-11,S002,TAL-006,2
2024-03-11,S002,TAL-007,1
2024-03-11,S002,TAL-008,3
2024-03-11,S002,SIE-001,1
2024-03-11,S002,SIE-002,0
2024-03-11,S002,SIE-003,1
2024-03-11,S002,SIE-004,1
2024-03-11,S002,SIE-005,1
2024-03-11,S002,SIE-006,2
2024-03-11,S002,CEP-001,0
2024-03-11,S002,CEP-002,2
2024-03-11,S002,CEP-003,2
2024-03-11,S002,CEP-004,1
2024-03-11,S002,CEP-005,1
2024-03-11,S003,ESM-001,0
2024-03-11,S003,ESM-002,1
2024-03-11,S003,ESM-003,1
2024-03-11,S003,ESM-004,0
2024-03-11,S003,ESM-005,2
2024-03-11,S003,ESM-006,1
2024-03-11,S003,ESM-007,1
2024-03-11,S003,ESM-008,2
2024-03-11,S003,ESM-009,1
2024-03-11,S003,ESM-010,2
2024-03-11,S003,DES-001,3
2024-03-11,S003,DES-002,5
2024-03-11,S003,DES-003,4
2024-03-11,S003,DES-004,3
2024-03-11,S003,DES-005,3
2024-03-11,S003,DES-006,5
2024-03-11,S003,DES-007,3
2024-03-11,S003,DES-008,4
2024-03-11,S003,DES-009,3
2024-03-11,S003,DES-010,3
2024-03-11,S003,DES-011,4
2024-03-11,S003,DES-012,4
2024-03-11,S003,DES-013,4
2024-03-11,S003,DES-014,3
2024-03-11,S003,DES-015,4
2024-03-11,S003,TAL-001,1
2024-03-11,S003,TAL-002,2
2024-03-11,S003,TAL-003,0
2024-03-11,S003,TAL-004,2
2024-03-11,S003,TAL-005,1
2024-03-11,S003,TAL-006,1
2024-03-11,S003,TAL-007,1
2024-03-11,S003,TAL-008,1
2024-03-11,S003,SIE-001,1
2024-03-11,S003,SIE-002,0
2024-03-11,S003,SIE-003,1
2024-03-11,S003,SIE-004,0
2024-03-11,S003,SIE-005,1
2024-03-11,S003,SIE-006,0
2024-03-11,S003,CEP-001,1
2024-03-11,S003,CEP-002,0
2024-03-11,S003,CEP-003,1
2024-03-11,S003,CEP-004,0
2024-03-11,S003,CEP-005,1
2024-03-11,S004,ESM-001,2
2024-03-11,S004,ESM-002,1
2024-03-11,S004,ESM-003,1
2024-03-11,S004,ESM-004,0
2024-03-11,S004,ESM-005,0
2024-03-11,S004,ESM-006,0
2024-03-11,S004,ESM-007,1
2024-03-11,S004,ESM-008,1
2024-03-11,S004,ESM-009,2
2024-03-11,S004,ESM-010,2
2024-03-11,S004,DES-001,3
2024-03-11,S004,DES-002,3
2024-03-11,S004,DES-003,4
2024-03-11,S004,DES-004,4
2024-03-11,S004,DES-005,5
2024-03-11,S004,DES-006,4
2024-03-11,S004,DES-007,5
2024-03-11,S004,DES-008,4
2024-03-11,S004,DES-009,4
2024-03-11,S004,DES-010,5
2024-03-11,S004,DES-011,5
2024-03-11,S004,DES-012,3
2024-03-11,S004,DES-013,4
2024-03-11,S004,DES-014,4
2024-03-11,S004,DES-015,3
2024-03-11,S004,TAL-001,0
2024-03-11,S004,TAL-002,1
2024-03-11,S004,TAL-003,0
2024-03-11,S004,TAL-004,1
2024-03-11,S004,TAL-005,0
2024-03-11,S004,TAL-006,1
2024-03-11,S004,TAL-007,0
2024-03-11,S004,TAL-008,1
2024-03-11,S004,SIE-001,1
2024-03-11,S004,SIE-002,0
2024-03-11,S004,SIE-003,1
2024-03-11,S004,SIE-004,0
2024-03-11,S004,SIE-005,1
2024-03-11,S004,SIE-006,1
2024-03-11,S004,CEP-001,0
2024-03-11,S004,CEP-002,0
2024-03-11,S004,CEP-003,1
2024-03-11,S004,CEP-004,1
2024-03-11,S004,CEP-005,1
2024-03-12,S001,ESM-001,2
2024-03-12,S001,ESM-002,3
2024-03-12,S001,ESM-003,3
2024-03-12,S001,ESM-004,2
2024-03-12,S001,ESM-005,2
2024-03-12,S001,ESM-006,1
2024-03-12,S001,ESM-007,2
2024-03-12,S001,ESM-008,1
2024-03-12,S001,ESM-009,1
2024-03-12,S001,ESM-010,3
2024-03-12,S001,DES-001,8
2024-03-12,S001,DES-002,4
2024-03-12,S001,DES-003,7
2024-03-12,S001,DES-004,5
2024-03-12,S001,DES-005,5
2024-03-12,S001,DES-006,7
2024-03-12,S001,DES-007,2
2024-03-12,S001,DES-008,3
2024-03-12,S001,DES-009,8
2024-03-12,S001,DES-010,7
2024-03-12,S001,DES-011,5
2024-03-12,S001,DES-012,5
2024-03-12,S001,DES-013,7
2024-03-12,S001,DES-014,5
2024-03-12,S001,DES-015,4
2024-03-12,S001,TAL-001,0
2024-03-12,S001,TAL-002,0
2024-03-12,S001,TAL-003,1
2024-03-12,S001,TAL-004,1
2024-03-12,S001,TAL-005,0
2024-03-12,S001,TAL-006,1
2024-03-12,S001,TAL-007,1
2024-03-12,S001,TAL-008,1
2024-03-12,S001,SIE-001,1
2024-03-12,S001,SIE-002,1
2024-03-12,S001,SIE-003,0
2024-03-12,S001,SIE-004,0
2024-03-12,S001,SIE-005,1
2024-03-12,S001,SIE-006,1
2024-03-12,S001,CEP-001,2
2024-03-12,S001,CEP-002,0
2024-03-12,S001,CEP-003,0
2024-03-12,S001,CEP-004,0
2024-03-12,S001,CEP-005,0
2024-03-12,S002,ESM-001,0
2024-03-12,S002,ESM-002,2
2024-03-12,S002,ESM-003,3
2024-03-12,S002,ESM-004,2
2024-03-12,S002,ESM-005,2
2024-03-12,S002,ESM-006,2
2024-03-12,S002,ESM-007,1
2024-03-12,S002,ESM-008,1
2024-03-12,S002,ESM-009,4
2024-03-12,S002,ESM-010,2
2024-03-12,S002,DES-001,5
2024-03-12,S002,DES-002,7
2024-03-12,S002,DES-003,7
2024-03-12,S002,DES-004,6
2024-03-12,S002,DES-005,6
2024-03-12,S002,DES-006,3
2024-03-12,S002,DES-007,6
2024-03-12,S002,DES-008,4
2024-03-12,S002,DES-009,4
2024-03-12,S002,DES-010,5
2024-03-12,S002,DES-011,4
2024-03-12,S002,DES-012,6
2024-03-12,S002,DES-013,7
2024-03-12,S002,DES-014,5
2024-03-12,S002,DES-015,6
2024-03-12,S002,TAL-001,2
2024-03-12,S002,TAL-002,1
2024-03-12,S002,TAL-003,0
2024-03-12,S002,TAL-004,1
2024-03-12,S002,TAL-005,1
2024-03-12,S002,TAL-006,1
2024-03-12,S002,TAL-007,1
2024-03-12,S002,TAL-008,0
2024-03-12,S002,SIE-001,1
2024-03-12,S002,SIE-002,1
2024-03-12,S002,SIE-003,1
2024-03-12,S002,SIE-004,1
2024-03-12,S002,SIE-005,0
2024-03-12,S002,SIE-006,1
2024-03-12,S002,CEP-001,2
2024-03-12,S002,CEP-002,0
2024-03-12,S002,CEP-003,0
2024-03-12,S002,CEP-004,1
2024-03-12,S002,CEP-005,2
2024-03-12,S003,ESM-001,2
2024-03-12,S003,ESM-002,0
2024-03-12,S003,ESM-003,1
2024-03-12,S003,ESM-004,0
2024-03-12,S003,ESM-005,1
2024-03-12,S003,ESM-006,1
2024-03-12,S003,ESM-007,1
2024-03-12,S003,ESM-008,1
2024-03-12,S003,ESM-009,1
2024-03-12,S003,ESM-010,0
2024-03-12,S003,DES-001,4
2024-03-12,S003,DES-002,3
2024-03-12,S003,DES-003,3
2024-03-12,S003,DES-004,4
2024-03-12,S003,DES-005,4
2024-03-12,S003,DES-006,3
2024-03-12,S003,DES-007,4
2024-03-12,S003,DES-008,2
2024-03-12,S003,DES-009,3
2024-03-12,S003,DES-010,5
2024-03-12,S003,DES-011,3
2024-03-12,S003,DES-012,4
2024-03-12,S003,DES-013,3
2024-03-12,S003,DES-014,4
2024-03-12,S003,DES-015,2
2024-03-12,S003,TAL-001,1
2024-03-12,S003,TAL-002,1
2024-03-12,S003,TAL-003,2
2024-03-12,S003,TAL-004,1
2024-03-12,S003,TAL-005,1
2024-03-12,S003,TAL-006,1
2024-03-12,S003,TAL-007,0
2024-03-12,S003,TAL-008,1
2024-03-12,S003,SIE-001,0
2024-03-12,S003,SIE-002,1
2024-03-12,S003,SIE-003,1
2024-03-12,S003,SIE-004,1
2024-03-12,S003,SIE-005,1
2024-03-12,S003,SIE-006,1
2024-03-12,S003,CEP-001,1
2024-03-12,S003,CEP-002,0
2024-03-12,S003,CEP-003,1
2024-03-12,S003,CEP-004,0
2024-03-12,S003,CEP-005,0
2024-03-12,S004,ESM-001,1
2024-03-12,S004,ESM-002,1
2024-03-12,S004,ESM-003,1
2024-03-12,S004,ESM-004,1
2024-03-12,S004,ESM-005,1
2024-03-12,S004,ESM-006,1
2024-03-12,S004,ESM-007,1
2024-03-12,S004,ESM-008,1
2024-03-12,S004,ESM-009,1
2024-03-12,S004,ESM-010,1
2024-03-12,S004,DES-001,3
2024-03-12,S004,DES-002,3
2024-03-12,S004,DES-003,4
2024-03-12,S004,DES-004,7
2024-03-12,S004,DES-005,3
2024-03-12,S004,DES-006,4
2024-03-12,S004,DES-007,4
2024-03-12,S004,DES-008,5
2024-03-12,S004,DES-009,4
2024-03-12,S004,DES-010,3
2024-03-12,S004,DES-011,3
2024-03-12,S004,DES-012,4
2024-03-12,S004,DES-013,3
2024-03-12,S004,DES-014,3
2024-03-12,S004,DES-015,3
2024-03-12,S004,TAL-001,2
2024-03-12,S004,TAL-002,0
2024-03-12,S004,TAL-003,1
2024-03-12,S004,TAL-004,0
2024-03-12,S004,TAL-005,0
2024-03-12,S004,TAL-006,0
2024-03-12,S004,TAL-007,1
2024-03-12,S004,TAL-008,0
2024-03-12,S004,SIE-001,0
2024-03-12,S004,SIE-002,0
2024-03-12,S004,SIE-003,0
2024-03-12,S004,SIE-004,1
2024-03-12,S004,SIE-005,0
2024-03-12,S004,SIE-006,0
2024-03-12,S004,CEP-001,1
2024-03-12,S004,CEP-002,1
2024-03-12,S004,CEP-003,2
2024-03-12,S004,CEP-004,1
2024-03-12,S004,CEP-005,1
2024-03-13,S001,ESM-001,2
2024-03-13,S001,ESM-002,0
2024-03-13,S001,ESM-003,2
2024-03-13,S001,ESM-004,3
2024-03-13,S001,ESM-005,2
2024-03-13,S001,ESM-006,2
2024-03-13,S001,ESM-007,2
2024-03-13,S001,ESM-008,0
2024-03-13,S001,ESM-009,1
2024-03-13,S001,ESM-010,1
2024-03-13,S001,DES-001,5
2024-03-13,S001,DES-002,5
2024-03-13,S001,DES-003,4
2024-03-13,S001,DES-004,5
2024-03-13,S001,DES-005,5
2024-03-13,S001,DES-006,5
2024-03-13,S001,DES-007,5
2024-03-13,S001,DES-008,6
2024-03-13,S001,DES-009,7
2024-03-13,S001,DES-010,7
2024-03-13,S001,DES-011,7
2024-03-13,S001,DES-012,6
2024-03-13,S001,DES-013,7
2024-03-13,S001,DES-014,6
2024-03-13,S001,DES-015,3
2024-03-13,S001,TAL-001,2
2024-03-13,S001,TAL-002,0
2024-03-13,S001,TAL-003,1
2024-03-13,S001,TAL-004,1
2024-03-13,S001,TAL-005,1
2024-03-13,S001,TAL-006,2
2024-03-13,S001,TAL-007,1
2024-03-13,S001,TAL-008,1
2024-03-13,S001,SIE-001,0
2024-03-13,S001,SIE-002,1
2024-03-13,S001,SIE-003,1
2024-03-13,S001,SIE-004,1
2024-03-13,S001,SIE-005,0
2024-03-13,S001,SIE-006,0
2024-03-13,S001,CEP-001,1
2024-03-13,S001,CEP-002,1
2024-03-13,S001,CEP-003,1
2024-03-13,S001,CEP-004,1
2024-03-13,S001,CEP-005,0
2024-03-13,S002,ESM-001,1
2024-03-13,S002,ESM-002,2
2024-03-13,S002,ESM-003,2
2024-03-13,S002,ESM-004,3
2024-03-13,S002,ESM-005,1
2024-03-13,S002,ESM-006,1
2024-03-13,S002,ESM-007,0
2024-03-13,S002,ESM-008,1
2024-03-13,S002,ESM-009,1
2024-03-13,S002,ESM-010,2
2024-03-13,S002,DES-001,3
2024-03-13,S002,DES-002,6
2024-03-13,S002,DES-003,6
2024-03-13,S002,DES-004,6
2024-03-13,S002,DES-005,5
2024-03-13,S002,DES-006,6
2024-03-13,S002,DES-007,5
2024-03-13,S002,DES-008,8
2024-03-13,S002,DES-009,6
2024-03-13,S002,DES-010,3
2024-03-13,S002,DES-011,5
2024-03-13,S002,DES-012,8
2024-03-13,S002,DES-013,5
2024-03-13,S002,DES-014,7
2024-03-13,S002,DES-015,4
2024-03-13,S002,TAL-001,0
2024-03-13,S002,TAL-002,1
2024-03-13,S002,TAL-003,0
2024-03-13,S002,TAL-004,1
2024-03-13,S002,TAL-005,1
2024-03-13,S002,TAL-006,2
2024-03-13,S002,TAL-007,0
2024-03-13,S002,TAL-008,1
2024-03-13,S002,SIE-001,1
2024-03-13,S002,SIE-002,1
2024-03-13,S002,SIE-003,1
2024-03-13,S002,SIE-004,1
2024-03-13,S002,SIE-005,1
2024-03-13,S002,SIE-006,0
2024-03-13,S002,CEP-001,1
2024-03-13,S002,CEP-002,1
2024-03-13,S002,CEP-003,2
2024-03-13,S002,CEP-004,1
2024-03-13,S002,CEP-005,1
2024-03-13,S003,ESM-001,1
2024-03-13,S003,ESM-002,1
2024-03-13,S003,ESM-003,2
2024-03-13,S003,ESM-004,1
2024-03-13,S003,ESM-005,1
2024-03-13,S003,ESM-006,1
2024-03-13,S003,ESM-007,2
2024-03-13,S003,ESM-008,1
2024-03-13,S003,ESM-009,0
2024-03-13,S003,ESM-010,0
2024-03-13,S003,DES-001,6
2024-03-13,S003,DES-002,4
2024-03-13,S003,DES-003,6
2024-03-13,S003,DES-004,4
2024-03-13,S003,DES-005,7
2024-03-13,S003,DES-006,4
2024-03-13,S003,DES-007,4
2024-03-13,S003,DES-008,4
2024-03-13,S003,DES-009,5
2024-03-13,S003,DES-010,3
2024-03-13,S003,DES-011,6
2024-03-13,S003,DES-012,4
2024-03-13,S003,DES-013,3
2024-03-13,S003,DES-014,5
2024-03-13,S003,DES-015,3
2024-03-13,S003,TAL-001,0
2024-03-13,S003,TAL-002,0
2024-03-13,S003,TAL-003,0
2024-03-13,S003,TAL-004,1
2024-03-13,S003,TAL-005,1
2024-03-13,S003,TAL-006,1
2024-03-13,S003,TAL-007,0
2024-03-13,S003,TAL-008,0
2024-03-13,S003,SIE-001,0
2024-03-13,S003,SIE-002,0
2024-03-13,S003,SIE-003,1
2024-03-13,S003,SIE-004,1
2024-03-13,S003,SIE-005,1
2024-03-13,S003,SIE-006,0
2024-03-13,S003,CEP-001,1
2024-03-13,S003,CEP-002,1
2024-03-13,S003,CEP-003,1
2024-03-13,S003,CEP-004,1
2024-03-13,S003,CEP-005,1
2024-03-13,S004,ESM-001,1
2024-03-13,S004,ESM-002,1
2024-03-13,S004,ESM-003,2
2024-03-13,S004,ESM-004,0
2024-03-13,S004,ESM-005,2
2024-03-13,S004,ESM-006,0
2024-03-13,S004,ESM-007,1
2024-03-13,S004,ESM-008,1
2024-03-13,S004,ESM-009,1
2024-03-13,S004,ESM-010,1
2024-03-13,S004,DES-001,2
2024-03-13,S004,DES-002,4
2024-03-13,S004,DES-003,3
2024-03-13,S004,DES-004,6
2024-03-13,S004,DES-005,4
2024-03-13,S004,DES-006,6
2024-03-13,S004,DES-007,2
2024-03-13,S004,DES-008,3
2024-03-13,S004,DES-009,5
2024-03-13,S004,DES-010,3
2024-03-13,S004,DES-011,4
2024-03-13,S004,DES-012,2
2024-03-13,S004,DES-013,5
2024-03-13,S004,DES-014,3
2024-03-13,S004,DES-015,2
2024-03-13,S004,TAL-001,1
2024-03-13,S004,TAL-002,1
2024-03-13,S004,TAL-003,1
2024-03-13,S004,TAL-004,1
2024-03-13,S004,TAL-005,0
2024-03-13,S004,TAL-006,1
2024-03-13,S004,TAL-007,1
2024-03-13,S004,TAL-008,1
2024-03-13,S004,SIE-001,1
2024-03-13,S004,SIE-002,1
2024-03-13,S004,SIE-003,1
2024-03-13,S004,SIE-004,0
2024-03-13,S004,SIE-005,0
2024-03-13,S004,SIE-006,0
2024-03-13,S004,CEP-001,1
2024-03-13,S004,CEP-002,1
2024-03-13,S004,CEP-003,1
2024-03-13,S004,CEP-004,2
2024-03-13,S004,CEP-005,1
2024-03-14,S001,ESM-001,1
2024-03-14,S001,ESM-002,3
2024-03-14,S001,ESM-003,1
2024-03-14,S001,ESM-004,0
2024-03-14,S001,ESM-005,0
2024-03-14,S001,ESM-006,1
2024-03-14,S001,ESM-007,1
2024-03-14,S001,ESM-008,2
2024-03-14,S001,ESM-009,1
2024-03-14,S001,ESM-010,2
2024-03-14,S001,DES-001,8
2024-03-14,S001,DES-002,9
2024-03-14,S001,DES-003,4
2024-03-14,S001,DES-004,7
2024-03-14,S001,DES-005,6
2024-03-14,S001,DES-006,8
2024-03-14,S001,DES-007,4
2024-03-14,S001,DES-008,6
2024-03-14,S001,DES-009,8
2024-03-14,S001,DES-010,6
2024-03-14,S001,DES-011,6
2024-03-14,S001,DES-012,7
2024-03-14,S001,DES-013,6
2024-03-14,S001,DES-014,8
2024-03-14,S001,DES-015,6
2024-03-14,S001,TAL-001,1
2024-03-14,S001,TAL-002,1
2024-03-14,S001,TAL-003,0
2024-03-14,S001,TAL-004,0
2024-03-14,S001,TAL-005,1
2024-03-14,S001,TAL-006,2
2024-03-14,S001,TAL-007,2
2024-03-14,S001,TAL-008,1
2024-03-14,S001,SIE-001,1
2024-03-14,S001,SIE-002,1
2024-03-14,S001,SIE-003,1
2024-03-14,S001,SIE-004,1
2024-03-14,S001,SIE-005,1
2024-03-14,S001,SIE-006,0
2024-03-14,S001,CEP-001,1
2024-03-14,S001,CEP-002,1
2024-03-14,S001,CEP-003,1
2024-03-14,S001,CEP-004,0
2024-03-14,S001,CEP-005,1
2024-03-14,S002,ESM-001,2
2024-03-14,S002,ESM-002,1
2024-03-14,S002,ESM-003,2
2024-03-14,S002,ESM-004,1
2024-03-14,S002,ESM-005,2
2024-03-14,S002,ESM-006,0
2024-03-14,S002,ESM-007,2
2024-03-14,S002,ESM-008,1
2024-03-14,S002,ESM-009,1
2024-03-14,S002,ESM-010,3
2024-03-14,S002,DES-001,4
2024-03-14,S002,DES-002,5
2024-03-14,S002,DES-003,8
2024-03-14,S002,DES-004,6
2024-03-14,S002,DES-005,4
2024-03-14,S002,DES-006,4
2024-03-14,S002,DES-007,8
2024-03-14,S002,DES-008,7
2024-03-14,S002,DES-009,4
2024-03-14,S002,DES-010,5
2024-03-14,S002,DES-011,4
2024-03-14,S002,DES-012,5
2024-03-14,S002,DES-013,6
2024-03-14,S002,DES-014,7
2024-03-14,S002,DES-015,4
2024-03-14,S002,TAL-001,3
2024-03-14,S002,TAL-002,1
2024-03-14,S002,TAL-003,0
2024-03-14,S002,TAL-004,1
2024-03-14,S002,TAL-005,3
2024-03-14,S002,TAL-006,2
2024-03-14,S002,TAL-007,1
2024-03-14,S002,TAL-008,0
2024-03-14,S002,SIE-001,1
2024-03-14,S002,SIE-002,0
2024-03-14,S002,SIE-003,0
2024-03-14,S002,SIE-004,0
2024-03-14,S002,SIE-005,0
2024-03-14,S002,SIE-006,1
2024-03-14,S002,CEP-001,1
2024-03-14,S002,CEP-002,1
2024-03-14,S002,CEP-003,1
2024-03-14,S002,CEP-004,2
2024-03-14,S002,CEP-005,2
2024-03-14,S003,ESM-001,1
2024-03-14,S003,ESM-002,3
2024-03-14,S003,ESM-003,1
2024-03-14,S003,ESM-004,1
2024-03-14,S003,ESM-005,0
2024-03-14,S003,ESM-006,1
2024-03-14,S003,ESM-007,2
2024-03-14,S003,ESM-008,1
2024-03-14,S003,ESM-009,0
2024-03-14,S003,ESM-010,1
2024-03-14,S003,DES-001,3
2024-03-14,S003,DES-002,3
2024-03-14,S003,DES-003,3
2024-03-14,S003,DES-004,5
2024-03-14,S003,DES-005,3
2024-03-14,S003,DES-006,3
2024-03-14,S003,DES-007,1
2024-03-14,S003,DES-008,4
2024-03-14,S003,DES-009,4
2024-03-14,S003,DES-010,6
2024-03-14,S003,DES-011,4
2024-03-14,S003,DES-012,4
2024-03-14,S003,DES-013,4
2024-03-14,S003,DES-014,3
2024-03-14,S003,DES-015,4
2024-03-14,S003,TAL-001,1
2024-03-14,S003,TAL-002,1
2024-03-14,S003,TAL-003,1
2024-03-14,S003,TAL-004,1
2024-03-14,S003,TAL-005,1
2024-03-14,S003,TAL-006,1
2024-03-14,S003,TAL-007,0
2024-03-14,S003,TAL-008,0
2024-03-14,S003,SIE-001,0
2024-03-14,S003,SIE-002,1
2024-03-14,S003,SIE-003,0
2024-03-14,S003,SIE-004,0
2024-03-14,S003,SIE-005,0
2024-03-14,S003,SIE-006,1
2024-03-14,S003,CEP-001,1
2024-03-14,S003,CEP-002,1
2024-03-14,S003,CEP-003,0
2024-03-14,S003,CEP-004,1
2024-03-14,S003,CEP-005,2
2024-03-14,S004,ESM-001,1
2024-03-14,S004,ESM-002,0
2024-03-14,S004,ESM-003,0
2024-03-14,S004,ESM-004,2
2024-03-14,S004,ESM-005,1
2024-03-14,S004,ESM-006,1
2024-03-14,S004,ESM-007,3
2024-03-14,S004,ESM-008,2
2024-03-14,S004,ESM-009,2
2024-03-14,S004,ESM-010,1
2024-03-14,S004,DES-001,3
2024-03-14,S004,DES-002,5
2024-03-14,S004,DES-003,3
2024-03-14,S004,DES-004,2
2024-03-14,S004,DES-005,2
2024-03-14,S004,DES-006,5
2024-03-14,S004,DES-007,2
2024-03-14,S004,DES-008,4
2024-03-14,S004,DES-009,4
2024-03-14,S004,DES-010,2
2024-03-14,S004,DES-011,5
2024-03-14,S004,DES-012,4
2024-03-14,S004,DES-013,3
2024-03-14,S004,DES-014,4
2024-03-14,S004,DES-015,4
2024-03-14,S004,TAL-001,0
2024-03-14,S004,TAL-002,1
2024-03-14,S004,TAL-003,1
2024-03-14,S004,TAL-004,0
2024-03-14,S004,TAL-005,0
2024-03-14,S004,TAL-006,2
2024-03-14,S004,TAL-007,1
2024-03-14,S004,TAL-008,1
2024-03-14,S004,SIE-001,0
2024-03-14,S004,SIE-002,1
2024-03-14,S004,SIE-003,0
2024-03-14,S004,SIE-004,1
2024-03-14,S004,SIE-005,0
2024-03-14,S004,SIE-006,0
2024-03-14,S004,CEP-001,1
2024-03-14,S004,CEP-002,1
2024-03-14,S004,CEP-003,1
2024-03-14,S004,CEP-004,1
2024-03-14,S004,CEP-005,1
2024-03-15,S001,ESM-001,1
2024-03-15,S001,ESM-002,2
2024-03-15,S001,ESM-003,2
2024-03-15,S001,ESM-004,0
2024-03-15,S001,ESM-005,0
2024-03-15,S001,ESM-006,1
2024-03-15,S001,ESM-007,3
2024-03-15,S001,ESM-008,0
2024-03-15,S001,ESM-009,2
2024-03-15,S001,ESM-010,3
2024-03-15,S001,DES-001,5
2024-03-15,S001,DES-002,6
2024-03-15,S001,DES-003,5
2024-03-15,S001,DES-004,6
2024-03-15,S001,DES-005,5
2024-03-15,S001,DES-006,3
2024-03-15,S001,DES-007,8
2024-03-15,S001,DES-008,4
2024-03-15,S001,DES-009,7
2024-03-15,S001,DES-010,7
2024-03-15,S001,DES-011,2
2024-03-15,S001,DES-012,4
2024-03-15,S001,DES-013,6
2024-03-15,S001,DES-014,4
2024-03-15,S001,DES-015,5
2024-03-15,S001,TAL-001,1
2024-03-15,S001,TAL-002,1
2024-03-15,S001,TAL-003,0
2024-03-15,S001,TAL-004,0
2024-03-15,S001,TAL-005,0
2024-03-15,S001,TAL-006,2
2024-03-15,S001,TAL-007,1
2024-03-15,S001,TAL-008,0
2024-03-15,S001,SIE-001,0
2024-03-15,S001,SIE-002,1
2024-03-15,S001,SIE-003,2
2024-03-15,S001,SIE-004,1
2024-03-15,S001,SIE-005,1
2024-03-15,S001,SIE-006,1
2024-03-15,S001,CEP-001,1
2024-03-15,S001,CEP-002,1
2024-03-15,S001,CEP-003,2
2024-03-15,S001,CEP-004,1
2024-03-15,S001,CEP-005,1
2024-03-15,S002,ESM-001,1
2024-03-15,S002,ESM-002,3
2024-03-15,S002,ESM-003,1
2024-03-15,S002,ESM-004,1
2024-03-15,S002,ESM-005,3
2024-03-15,S002,ESM-006,1
2024-03-15,S002,ESM-007,2
2024-03-15,S002,ESM-008,1
2024-03-15,S002,ESM-009,2
2024-03-15,S002,ESM-010,2
2024-03-15,S002,DES-001,7
2024-03-15,S002,DES-002,5
2024-03-15,S002,DES-003,5
2024-03-15,S002,DES-004,7
2024-03-15,S002,DES-005,6
2024-03-15,S002,DES-006,6
2024-03-15,S002,DES-007,9
2024-03-15,S002,DES-008,4
2024-03-15,S002,DES-009,5
2024-03-15,S002,DES-010,6
2024-03-15,S002,DES-011,7
2024-03-15,S002,DES-012,5
2024-03-15,S002,DES-013,3
2024-03-15,S002,DES-014,5
2024-03-15,S002,DES-015,7
2024-03-15,S002,TAL-001,1
2024-03-15,S002,TAL-002,3
2024-03-15,S002,TAL-003,1
2024-03-15,S002,TAL-004,1
2024-03-15,S002,TAL-005,1
2024-03-15,S002,TAL-006,1
2024-03-15,S002,TAL-007,1
2024-03-15,S002,TAL-008,0
2024-03-15,S002,SIE-001,1
2024-03-15,S002,SIE-002,2
2024-03-15,S002,SIE-003,2
2024-03-15,S002,SIE-004,2
2024-03-15,S002,SIE-005,1
2024-03-15,S002,SIE-006,1
2024-03-15,S002,CEP-001,2
2024-03-15,S002,CEP-002,0
2024-03-15,S002,CEP-003,0
2024-03-15,S002,CEP-004,2
2024-03-15,S002,CEP-005,2
2024-03-15,S003,ESM-001,1
2024-03-15,S003,ESM-002,0
2024-03-15,S003,ESM-003,1
2024-03-15,S003,ESM-004,1
2024-03-15,S003,ESM-005,1
2024-03-15,S003,ESM-006,1
2024-03-15,S003,ESM-007,1
2024-03-15,S003,ESM-008,2
2024-03-15,S003,ESM-009,1
2024-03-15,S003,ESM-010,1
2024-03-15,S003,DES-001,5
2024-03-15,S003,DES-002,4
2024-03-15,S003,DES-003,5
2024-03-15,S003,DES-004,5
2024-03-15,S003,DES-005,4
2024-03-15,S003,DES-006,6
2024-03-15,S003,DES-007,4
2024-03-15,S003,DES-008,4
2024-03-15,S003,DES-009,4
2024-03-15,S003,DES-010,3
2024-03-15,S003,DES-011,4
2024-03-15,S003,DES-012,4
2024-03-15,S003,DES-013,5
2024-03-15,S003,DES-014,5
2024-03-15,S003,DES-015,3
2024-03-15,S003,TAL-001,1
2024-03-15,S003,TAL-002,2
2024-03-15,S003,TAL-003,0
2024-03-15,S003,TAL-004,0
2024-03-15,S003,TAL-005,1
2024-03-15,S003,TAL-006,1
2024-03-15,S003,TAL-007,1
2024-03-15,S003,TAL-008,1
2024-03-15,S003,SIE-001,0
2024-03-15,S003,SIE-002,0
2024-03-15,S003,SIE-003,0
2024-03-15,S003,SIE-004,0
2024-03-15,S003,SIE-005,1
2024-03-15,S003,SIE-006,0
2024-03-15,S003,CEP-001,1
2024-03-15,S003,CEP-002,0
2024-03-15,S003,CEP-003,1
2024-03-15,S003,CEP-004,1
2024-03-15,S003,CEP-005,1
2024-03-15,S004,ESM-001,1
2024-03-15,S004,ESM-002,0
2024-03-15,S004,ESM-003,2
2024-03-15,S004,ESM-004,2
2024-03-15,S004,ESM-005,0
2024-03-15,S004,ESM-006,1
2024-03-15,S004,ESM-007,1
2024-03-15,S004,ESM-008,1
2024-03-15,S004,ESM-009,0
2024-03-15,S004,ESM-010,2
2024-03-15,S004,DES-001,4
2024-03-15,S004,DES-002,2
2024-03-15,S004,DES-003,4
2024-03-15,S004,DES-004,4
2024-03-15,S004,DES-005,4
2024-03-15,S004,DES-006,5
2024-03-15,S004,DES-007,5
2024-03-15,S004,DES-008,5
2024-03-15,S004,DES-009,2
2024-03-15,S004,DES-010,5
2024-03-15,S004,DES-011,4
2024-03-15,S004,DES-012,5
2024-03-15,S004,DES-013,4
2024-03-15,S004,DES-014,3
2024-03-15,S004,DES-015,4
2024-03-15,S004,TAL-001,0
2024-03-15,S004,TAL-002,1
2024-03-15,S004,TAL-003,1
2024-03-15,S004,TAL-004,0
2024-03-15,S004,TAL-005,0
2024-03-15,S004,TAL-006,1
2024-03-15,S004,TAL-007,0
2024-03-15,S004,TAL-008,0
2024-03-15,S004,SIE-001,1
2024-03-15,S004,SIE-002,1
2024-03-15,S004,SIE-003,0
2024-03-15,S004,SIE-004,1
2024-03-15,S004,SIE-005,1
2024-03-15,S004,SIE-006,0
2024-03-15,S004,CEP-001,1
2024-03-15,S004,CEP-002,1
2024-03-15,S004,CEP-003,1
2024-03-15,S004,CEP-004,0
2024-03-15,S004,CEP-005,0
2024-03-16,S001,ESM-001,1
2024-03-16,S001,ESM-002,3
2024-03-16,S001,ESM-003,1
2024-03-16,S001,ESM-004,2
2024-03-16,S001,ESM-005,2
2024-03-16,S001,ESM-006,1
2024-03-16,S001,ESM-007,3
2024-03-16,S001,ESM-008,1
2024-03-16,S001,ESM-009,0
2024-03-16,S001,ESM-010,2
2024-03-16,S001,DES-001,9
2024-03-16,S001,DES-002,3
2024-03-16,S001,DES-003,6
2024-03-16,S001,DES-004,6
2024-03-16,S001,DES-005,6
2024-03-16,S001,DES-006,7
2024-03-16,S001,DES-007,4
2024-03-16,S001,DES-008,4
2024-03-16,S001,DES-009,8
2024-03-16,S001,DES-010,5
2024-03-16,S001,DES-011,5
2024-03-16,S001,DES-012,7
2024-03-16,S001,DES-013,7
2024-03-16,S001,DES-014,8
2024-03-16,S001,DES-015,4
2024-03-16,S001,TAL-001,1
2024-03-16,S001,TAL-002,1
2024-03-16,S001,TAL-003,1
2024-03-16,S001,TAL-004,2
2024-03-16,S001,TAL-005,1
2024-03-16,S001,TAL-006,1
2024-03-16,S001,TAL-007,0
2024-03-16,S001,TAL-008,1
2024-03-16,S001,SIE-001,1
2024-03-16,S001,SIE-002,1
2024-03-16,S001,SIE-003,0
2024-03-16,S001,SIE-004,1
2024-03-16,S001,SIE-005,0
2024-03-16,S001,SIE-006,0
2024-03-16,S001,CEP-001,0
2024-03-16,S001,CEP-002,0
2024-03-16,S001,CEP-003,1
2024-03-16,S001,CEP-004,0
2024-03-16,S001,CEP-005,1
2024-03-16,S002,ESM-001,1
2024-03-16,S002,ESM-002,2
2024-03-16,S002,ESM-003,2
2024-03-16,S002,ESM-004,1
2024-03-16,S002,ESM-005,1
2024-03-16,S002,ESM-006,2
2024-03-16,S002,ESM-007,1
2024-03-16,S002,ESM-008,1
2024-03-16,S002,ESM-009,3
2024-03-16,S002,ESM-010,1
2024-03-16,S002,DES-001,7
2024-03-16,S002,DES-002,4
2024-03-16,S002,DES-003,7
2024-03-16,S002,DES-004,8
2024-03-16,S002,DES-005,4
2024-03-16,S002,DES-006,5
2024-03-16,S002,DES-007,4
2024-03-16,S002,DES-008,6
2024-03-16,S002,DES-009,3
2024-03-16,S002,DES-010,8
2024-03-16,S002,DES-011,6
2024-03-16,S002,DES-012,2
2024-03-16,S002,DES-013,6
2024-03-16,S002,DES-014,4
2024-03-16,S002,DES-015,8
2024-03-16,S002,TAL-001,1
2024-03-16,S002,TAL-002,1
2024-03-16,S002,TAL-003,1
2024-03-16,S002,TAL-004,2
2024-03-16,S002,TAL-005,0
2024-03-16,S002,TAL-006,1
2024-03-16,S002,TAL-007,2
2024-03-16,S002,TAL-008,0
2024-03-16,S002,SIE-001,1
2024-03-16,S002,SIE-002,0
2024-03-16,S002,SIE-003,1
2024-03-16,S002,SIE-004,1
2024-03-16,S002,SIE-005,1
2024-03-16,S002,SIE-006,0
2024-03-16,S002,CEP-001,1
2024-03-16,S002,CEP-002,1
2024-03-16,S002,CEP-003,0
2024-03-16,S002,CEP-004,1
2024-03-16,S002,CEP-005,2
2024-03-16,S003,ESM-001,2
2024-03-16,S003,ESM-002,0
2024-03-16,S003,ESM-003,0
2024-03-16,S003,ESM-004,1
2024-03-16,S003,ESM-005,2
2024-03-16,S003,ESM-006,2
2024-03-16,S003,ESM-007,2
2024-03-16,S003,ESM-008,1
2024-03-16,S003,ESM-009,0
2024-03-16,S003,ESM-010,1
2024-03-16,S003,DES-001,5
2024-03-16,S003,DES-002,3
2024-03-16,S003,DES-003,0
2024-03-16,S003,DES-004,2
2024-03-16,S003,DES-005,3
2024-03-16,S003,DES-006,4
2024-03-16,S003,DES-007,4
2024-03-16,S003,DES-008,3
2024-03-16,S003,DES-009,4
2024-03-16,S003,DES-010,4
2024-03-16,S003,DES-011,4
2024-03-16,S003,DES-012,4
2024-03-16,S003,DES-013,5
2024-03-16,S003,DES-014,4
2024-03-16,S003,DES-015,3
2024-03-16,S003,TAL-001,0
2024-03-16,S003,TAL-002,2
2024-03-16,S003,TAL-003,0
2024-03-16,S003,TAL-004,1
2024-03-16,S003,TAL-005,0
2024-03-16,S003,TAL-006,0
2024-03-16,S003,TAL-007,1
2024-03-16,S003,TAL-008,1
2024-03-16,S003,SIE-001,1
2024-03-16,S003,SIE-002,1
2024-03-16,S003,SIE-003,0
2024-03-16,S003,SIE-004,1
2024-03-16,S003,SIE-005,1
2024-03-16,S003,SIE-006,1
2024-03-16,S003,CEP-001,1
2024-03-16,S003,CEP-002,0
2024-03-16,S003,CEP-003,1
2024-03-16,S003,CEP-004,0
2024-03-16,S003,CEP-005,0
2024-03-16,S004,ESM-001,1
2024-03-16,S004,ESM-002,0
2024-03-16,S004,ESM-003,0
2024-03-16,S004,ESM-004,0
2024-03-16,S004,ESM-005,1
2024-03-16,S004,ESM-006,1
2024-03-16,S004,ESM-007,0
2024-03-16,S004,ESM-008,1
2024-03-16,S004,ESM-009,0
2024-03-16,S004,ESM-010,1
2024-03-16,S004,DES-001,3
2024-03-16,S004,DES-002,3
2024-03-16,S004,DES-003,4
2024-03-16,S004,DES-004,3
2024-03-16,S004,DES-005,4
2024-03-16,S004,DES-006,1
2024-03-16,S004,DES-007,3
2024-03-16,S004,DES-008,3
2024-03-16,S004,DES-009,5
2024-03-16,S004,DES-010,5
2024-03-16,S004,DES-011,3
2024-03-16,S004,DES-012,3
2024-03-16,S004,DES-013,4
2024-03-16,S004,DES-014,3
2024-03-16,S004,DES-015,3
2024-03-16,S004,TAL-001,0
2024-03-16,S004,TAL-002,0
2024-03-16,S004,TAL-003,2
2024-03-16,S004,TAL-004,0
2024-03-16,S004,TAL-005,1
2024-03-16,S004,TAL-006,0
2024-03-16,S004,TAL-007,1
2024-03-16,S004,TAL-008,0
2024-03-16,S004,SIE-001,0
2024-03-16,S004,SIE-002,1
2024-03-16,S004,SIE-003,0
2024-03-16,S004,SIE-004,0
2024-03-16,S004,SIE-005,1
2024-03-16,S004,SIE-006,1
2024-03-16,S004,CEP-001,1
2024-03-16,S004,CEP-002,0
2024-03-16,S004,CEP-003,1
2024-03-16,S004,CEP-004,1
2024-03-16,S004,CEP-005,1
2024-03-17,S001,ESM-001,1
2024-03-17,S001,ESM-002,0
2024-03-17,S001,ESM-003,0
2024-03-17,S001,ESM-004,2
2024-03-17,S001,ESM-005,1
2024-03-17,S001,ESM-006,1
2024-03-17,S001,ESM-007,1
2024-03-17,S001,ESM-008,2
2024-03-17,S001,ESM-009,2
2024-03-17,S001,ESM-010,1
2024-03-17,S001,DES-001,4
2024-03-17,S001,DES-002,3
2024-03-17,S001,DES-003,9
2024-03-17,S001,DES-004,8
2024-03-17,S001,DES-005,4
2024-03-17,S001,DES-006,4
2024-03-17,S001,DES-007,6
2024-03-17,S001,DES-008,7
2024-03-17,S001,DES-009,6
2024-03-17,S001,DES-010,5
2024-03-17,S001,DES-011,3
2024-03-17,S001,DES-012,4
2024-03-17,S001,DES-013,3
2024-03-17,S001,DES-014,4
2024-03-17,S001,DES-015,5
2024-03-17,S001,TAL-001,1
2024-03-17,S001,TAL-002,1
2024-03-17,S001,TAL-003,0
2024-03-17,S001,TAL-004,1
2024-03-17,S001,TAL-005,0
2024-03-17,S001,TAL-006,2
2024-03-17,S001,TAL-007,1
2024-03-17,S001,TAL-008,0
2024-03-17,S001,SIE-001,1
2024-03-17,S001,SIE-002,0
2024-03-17,S001,SIE-003,1
2024-03-17,S001,SIE-004,1
2024-03-17,S001,SIE-005,0
2024-03-17,S001,SIE-006,1
2024-03-17,S001,CEP-001,1
2024-03-17,S001,CEP-002,1
2024-03-17,S001,CEP-003,1
2024-03-17,S001,CEP-004,0
2024-03-17,S001,CEP-005,1
2024-03-17,S002,ESM-001,2
2024-03-17,S002,ESM-002,2
2024-03-17,S002,ESM-003,1
2024-03-17,S002,ESM-004,2
2024-03-17,S002,ESM-005,2
2024-03-17,S002,ESM-006,0
2024-03-17,S002,ESM-007,2
2024-03-17,S002,ESM-008,1
2024-03-17,S002,ESM-009,1
2024-03-17,S002,ESM-010,0
2024-03-17,S002,DES-001,5
2024-03-17,S002,DES-002,6
2024-03-17,S002,DES-003,6
2024-03-17,S002,DES-004,3
2024-03-17,S002,DES-005,5
2024-03-17,S002,DES-006,6
2024-03-17,S002,DES-007,6
2024-03-17,S002,DES-008,5
2024-03-17,S002,DES-009,8
2024-03-17,S002,DES-010,5
2024-03-17,S002,DES-011,6
2024-03-17,S002,DES-012,7
2024-03-17,S002,DES-013,3
2024-03-17,S002,DES-014,5
2024-03-17,S002,DES-015,8
2024-03-17,S002,TAL-001,1
2024-03-17,S002,TAL-002,1
2024-03-17,S002,TAL-003,2
2024-03-17,S002,TAL-004,1
2024-03-17,S002,TAL-005,0
2024-03-17,S002,TAL-006,2
2024-03-17,S002,TAL-007,1
2024-03-17,S002,TAL-008,2
2024-03-17,S002,SIE-001,0
2024-03-17,S002,SIE-002,0
2024-03-17,S002,SIE-003,0
2024-03-17,S002,SIE-004,1
2024-03-17,S002,SIE-005,0
2024-03-17,S002,SIE-006,0
2024-03-17,S002,CEP-001,0
2024-03-17,S002,CEP-002,1
2024-03-17,S002,CEP-003,2
2024-03-17,S002,CEP-004,2
2024-03-17,S002,CEP-005,2
2024-03-17,S003,ESM-001,1
2024-03-17,S003,ESM-002,0
2024-03-17,S003,ESM-003,1
2024-03-17,S003,ESM-004,1
2024-03-17,S003,ESM-005,2
2024-03-17,S003,ESM-006,1
2024-03-17,S003,ESM-007,1
2024-03-17,S003,ESM-008,1
2024-03-17,S003,ESM-009,1
2024-03-17,S003,ESM-010,1
2024-03-17,S003,DES-001,5
2024-03-17,S003,DES-002,2
2024-03-17,S003,DES-003,4
2024-03-17,S003,DES-004,3
2024-03-17,S003,DES-005,6
2024-03-17,S003,DES-006,4
2024-03-17,S003,DES-007,6
2024-03-17,S003,DES-008,3
2024-03-17,S003,DES-009,5
2024-03-17,S003,DES-010,4
2024-03-17,S003,DES-011,2
2024-03-17,S003,DES-012,5
2024-03-17,S003,DES-013,3
2024-03-17,S003,DES-014,4
2024-03-17,S003,DES-015,4
2024-03-17,S003,TAL-001,1
2024-03-17,S003,TAL-002,1
2024-03-17,S003,TAL-003,0
2024-03-17,S003,TAL-004,1
2024-03-17,S003,TAL-005,1
2024-03-17,S003,TAL-006,1
2024-03-17,S003,TAL-007,1
2024-03-17,S003,TAL-008,1
2024-03-17,S003,SIE-001,1
2024-03-17,S003,SIE-002,0
2024-03-17,S003,SIE-003,1
2024-03-17,S003,SIE-004,0
2024-03-17,S003,SIE-005,1
2024-03-17,S003,SIE-006,0
2024-03-17,S003,CEP-001,1
2024-03-17,S003,CEP-002,0
2024-03-17,S003,CEP-003,1
2024-03-17,S003,CEP-004,1
2024-03-17,S003,CEP-005,1
2024-03-17,S004,ESM-001,1
2024-03-17,S004,ESM-002,1
2024-03-17,S004,ESM-003,0
2024-03-17,S004,ESM-004,1
2024-03-17,S004,ESM-005,2
2024-03-17,S004,ESM-006,1
2024-03-17,S004,ESM-007,0
2024-03-17,S004,ESM-008,1
2024-03-17,S004,ESM-009,1
2024-03-17,S004,ESM-010,1
2024-03-17,S004,DES-001,4
2024-03-17,S004,DES-002,5
2024-03-17,S004,DES-003,6
2024-03-17,S004,DES-004,3
2024-03-17,S004,DES-005,4
2024-03-17,S004,DES-006,4
2024-03-17,S004,DES-007,2
2024-03-17,S004,DES-008,5
2024-03-17,S004,DES-009,3
2024-03-17,S004,DES-010,5
2024-03-17,S004,DES-011,3
2024-03-17,S004,DES-012,6
2024-03-17,S004,DES-013,4
2024-03-17,S004,DES-014,5
2024-03-17,S004,DES-015,1
2024-03-17,S004,TAL-001,1
2024-03-17,S004,TAL-002,0
2024-03-17,S004,TAL-003,1
2024-03-17,S004,TAL-004,1
2024-03-17,S004,TAL-005,1
2024-03-17,S004,TAL-006,1
2024-03-17,S004,TAL-007,1
2024-03-17,S004,TAL-008,1
2024-03-17,S004,SIE-001,1
2024-03-17,S004,SIE-002,1
2024-03-17,S004,SIE-003,1
2024-03-17,S004,SIE-004,0
2024-03-17,S004,SIE-005,1
2024-03-17,S004,SIE-006,1
2024-03-17,S004,CEP-001,0
2024-03-17,S004,CEP-002,1
2024-03-17,S004,CEP-003,2
2024-03-17,S004,CEP-004,1
2024-03-17,S004,CEP-005,1
2024-03-18,S001,ESM-001,1
2024-03-18,S001,ESM-002,1
2024-03-18,S001,ESM-003,0
2024-03-18,S001,ESM-004,2
2024-03-18,S001,ESM-005,2
2024-03-18,S001,ESM-006,1
2024-03-18,S001,ESM-007,0
2024-03-18,S001,ESM-008,3
2024-03-18,S001,ESM-009,3
2024-03-18,S001,ESM-010,1
2024-03-18,S001,DES-001,5
2024-03-18,S001,DES-002,4
2024-03-18,S001,DES-003,7
2024-03-18,S001,DES-004,5
2024-03-18,S001,DES-005,6
2024-03-18,S001,DES-006,3
2024-03-18,S001,DES-007,6
2024-03-18,S001,DES-008,6
2024-03-18,S001,DES-009,6
2024-03-18,S001,DES-010,3
2024-03-18,S001,DES-011,9
2024-03-18,S001,DES-012,4
2024-03-18,S001,DES-013,5
2024-03-18,S001,DES-014,9
2024-03-18,S001,DES-015,0
2024-03-18,S001,TAL-001,1
2024-03-18,S001,TAL-002,0
2024-03-18,S001,TAL-003,1
2024-03-18,S001,TAL-004,1
2024-03-18,S001,TAL-005,0
2024-03-18,S001,TAL-006,0
2024-03-18,S001,TAL-007,2
2024-03-18,S001,TAL-008,1
2024-03-18,S001,SIE-001,1
2024-03-18,S001,SIE-002,0
2024-03-18,S001,SIE-003,1
2024-03-18,S001,SIE-004,0
2024-03-18,S001,SIE-005,1
2024-03-18,S001,SIE-006,1
2024-03-18,S001,CEP-001,2
2024-03-18,S001,CEP-002,1
2024-03-18,S001,CEP-003,1
2024-03-18,S001,CEP-004,1
2024-03-18,S001,CEP-005,2
2024-03-18,S002,ESM-001,2
2024-03-18,S002,ESM-002,2
2024-03-18,S002,ESM-003,2
2024-03-18,S002,ESM-004,1
2024-03-18,S002,ESM-005,1
2024-03-18,S002,ESM-006,2
2024-03-18,S002,ESM-007,1
2024-03-18,S002,ESM-008,2
2024-03-18,S002,ESM-009,1
2024-03-18,S002,ESM-010,1
2024-03-18,S002,DES-001,4
2024-03-18,S002,DES-002,4
2024-03-18,S002,DES-003,5
2024-03-18,S002,DES-004,3
2024-03-18,S002,DES-005,6
2024-03-18,S002,DES-006,7
2024-03-18,S002,DES-007,7
2024-03-18,S002,DES-008,5
2024-03-18,S002,DES-009,6
2024-03-18,S002,DES-010,4
2024-03-18,S002,DES-011,6
2024-03-18,S002,DES-012,6
2024-03-18,S002,DES-013,6
2024-03-18,S002,DES-014,4
2024-03-18,S002,DES-015,6
2024-03-18,S002,TAL-001,0
2024-03-18,S002,TAL-002,1
2024-03-18,S002,TAL-003,2
2024-03-18,S002,TAL-004,1
2024-03-18,S002,TAL-005,1
2024-03-18,S002,TAL-006,0
2024-03-18,S002,TAL-007,2
2024-03-18,S002,TAL-008,0
2024-03-18,S002,SIE-001,0
2024-03-18,S002,SIE-002,0
2024-03-18,S002,SIE-003,0
2024-03-18,S002,SIE-004,0
2024-03-18,S002,SIE-005,1
2024-03-18,S002,SIE-006,0
2024-03-18,S002,CEP-001,1
2024-03-18,S002,CEP-002,1
2024-03-18,S002,CEP-003,1
2024-03-18,S002,CEP-004,1
2024-03-18,S002,CEP-005,2
2024-03-18,S003,ESM-001,1
2024-03-18,S003,ESM-002,1
2024-03-18,S003,ESM-003,2
2024-03-18,S003,ESM-004,1
2024-03-18,S003,ESM-005,1
2024-03-18,S003,ESM-006,1
2024-03-18,S003,ESM-007,1
2024-03-18,S003,ESM-008,2
2024-03-18,S003,ESM-009,0
2024-03-18,S003,ESM-010,2
2024-03-18,S003,DES-001,5
2024-03-18,S003,DES-002,4
2024-03-18,S003,DES-003,5
2024-03-18,S003,DES-004,5
2024-03-18,S003,DES-005,4
2024-03-18,S003,DES-006,4
2024-03-18,S003,DES-007,3
2024-03-18,S003,DES-008,3
2024-03-18,S003,DES-009,2
2024-03-18,S003,DES-010,4
2024-03-18,S003,DES-011,1
2024-03-18,S003,DES-012,4
2024-03-18,S003,DES-013,5
2024-03-18,S003,DES-014,4
2024-03-18,S003,DES-015,4
2024-03-18,S003,TAL-001,1
2024-03-18,S003,TAL-002,1
2024-03-18,S003,TAL-003,0
2024-03-18,S003,TAL-004,1
2024-03-18,S003,TAL-005,2
2024-03-18,S003,TAL-006,0
2024-03-18,S003,TAL-007,1
2024-03-18,S003,TAL-008,1
2024-03-18,S003,SIE-001,1
2024-03-18,S003,SIE-002,0
2024-03-18,S003,SIE-003,1
2024-03-18,S003,SIE-004,0
2024-03-18,S003,SIE-005,0
2024-03-18,S003,SIE-006,1
2024-03-18,S003,CEP-001,1
2024-03-18,S003,CEP-002,1
2024-03-18,S003,CEP-003,1
2024-03-18,S003,CEP-004,1
2024-03-18,S003,CEP-005,1
2024-03-18,S004,ESM-001,1
2024-03-18,S004,ESM-002,2
2024-03-18,S004,ESM-003,2
2024-03-18,S004,ESM-004,2
2024-03-18,S004,ESM-005,2
2024-03-18,S004,ESM-006,1
2024-03-18,S004,ESM-007,1
2024-03-18,S004,ESM-008,1
2024-03-18,S004,ESM-009,2
2024-03-18,S004,ESM-010,1
2024-03-18,S004,DES-001,2
2024-03-18,S004,DES-002,6
2024-03-18,S004,DES-003,3
2024-03-18,S004,DES-004,2
2024-03-18,S004,DES-005,5
2024-03-18,S004,DES-006,4
2024-03-18,S004,DES-007,5
2024-03-18,S004,DES-008,3
2024-03-18,S004,DES-009,2
2024-03-18,S004,DES-010,4
2024-03-18,S004,DES-011,6
2024-03-18,S004,DES-012,5
2024-03-18,S004,DES-013,5
2024-03-18,S004,DES-014,2
2024-03-18,S004,DES-015,3
2024-03-18,S004,TAL-001,0
2024-03-18,S004,TAL-002,0
2024-03-18,S004,TAL-003,0
2024-03-18,S004,TAL-004,1
2024-03-18,S004,TAL-005,0
2024-03-18,S004,TAL-006,1
2024-03-18,S004,TAL-007,1
2024-03-18,S004,TAL-008,1
2024-03-18,S004,SIE-001,1
2024-03-18,S004,SIE-002,1
2024-03-18,S004,SIE-003,0
2024-03-18,S004,SIE-004,1
2024-03-18,S004,SIE-005,1
2024-03-18,S004,SIE-006,1
2024-03-18,S004,CEP-001,0
2024-03-18,S004,CEP-002,1
2024-03-18,S004,CEP-003,0
2024-03-18,S004,CEP-004,1
2024-03-18,S004,CEP-005,0
2024-03-19,S001,ESM-001,0
2024-03-19,S001,ESM-002,2
2024-03-19,S001,ESM-003,1
2024-03-19,S001,ESM-004,2
2024-03-19,S001,ESM-005,2
2024-03-19,S001,ESM-006,0
2024-03-19,S001,ESM-007,1
2024-03-19,S001,ESM-008,2
2024-03-19,S001,ESM-009,1
2024-03-19,S001,ESM-010,1
2024-03-19,S001,DES-001,3
2024-03-19,S001,DES-002,6
2024-03-19,S001,DES-003,6
2024-03-19,S001,DES-004,2
2024-03-19,S001,DES-005,2
2024-03-19,S001,DES-006,7
2024-03-19,S001,DES-007,5
2024-03-19,S001,DES-008,1
2024-03-19,S001,DES-009,4
2024-03-19,S001,DES-010,6
2024-03-19,S001,DES-011,4
2024-03-19,S001,DES-012,4
2024-03-19,S001,DES-013,3
2024-03-19,S001,DES-014,4
2024-03-19,S001,DES-015,6
2024-03-19,S001,TAL-001,1
2024-03-19,S001,TAL-002,0
2024-03-19,S001,TAL-003,3
2024-03-19,S001,TAL-004,0
2024-03-19,S001,TAL-005,0
2024-03-19,S001,TAL-006,0
2024-03-19,S001,TAL-007,1
2024-03-19,S001,TAL-008,0
2024-03-19,S001,SIE-001,0
2024-03-19,S001,SIE-002,0
2024-03-19,S001,SIE-003,1
2024-03-19,S001,SIE-004,1
2024-03-19,S001,SIE-005,0
2024-03-19,S001,SIE-006,0
2024-03-19,S001,CEP-001,2
2024-03-19,S001,CEP-002,0
2024-03-19,S001,CEP-003,2
2024-03-19,S001,CEP-004,2
2024-03-19,S001,CEP-005,0
2024-03-19,S002,ESM-001,1
2024-03-19,S002,ESM-002,0
2024-03-19,S002,ESM-003,2
2024-03-19,S002,ESM-004,1
2024-03-19,S002,ESM-005,3
2024-03-19,S002,ESM-006,2
2024-03-19,S002,ESM-007,2
2024-03-19,S002,ESM-008,2
2024-03-19,S002,ESM-009,0
2024-03-19,S002,ESM-010,1
2024-03-19,S002,DES-001,6
2024-03-19,S002,DES-002,6
2024-03-19,S002,DES-003,5
2024-03-19,S002,DES-004,6
2024-03-19,S002,DES-005,6
2024-03-19,S002,DES-006,2
2024-03-19,S002,DES-007,5
2024-03-19,S002,DES-008,7
2024-03-19,S002,DES-009,5
2024-03-19,S002,DES-010,4
2024-03-19,S002,DES-011,6
2024-03-19,S002,DES-012,2
2024-03-19,S002,DES-013,7
2024-03-19,S002,DES-014,6
2024-03-19,S002,DES-015,6
2024-03-19,S002,TAL-001,0
2024-03-19,S002,TAL-002,1
2024-03-19,S002,TAL-003,2
2024-03-19,S002,TAL-004,1
2024-03-19,S002,TAL-005,2
2024-03-19,S002,TAL-006,2
2024-03-19,S002,TAL-007,1
2024-03-19,S002,TAL-008,1
2024-03-19,S002,SIE-001,0
2024-03-19,S002,SIE-002,1
2024-03-19,S002,SIE-003,1
2024-03-19,S002,SIE-004,0
2024-03-19,S002,SIE-005,1
2024-03-19,S002,SIE-006,0
2024-03-19,S002,CEP-001,1
2024-03-19,S002,CEP-002,2
2024-03-19,S002,CEP-003,0
2024-03-19,S002,CEP-004,0
2024-03-19,S002,CEP-005,1
2024-03-19,S003,ESM-001,1
2024-03-19,S003,ESM-002,1
2024-03-19,S003,ESM-003,1
2024-03-19,S003,ESM-004,1
2024-03-19,S003,ESM-005,1
2024-03-19,S003,ESM-006,1
2024-03-19,S003,ESM-007,2
2024-03-19,S003,ESM-008,2
2024-03-19,S003,ESM-009,0
2024-03-19,S003,ESM-010,0
2024-03-19,S003,DES-001,3
2024-03-19,S003,DES-002,5
2024-03-19,S003,DES-003,3
2024-03-19,S003,DES-004,4
2024-03-19,S003,DES-005,3
2024-03-19,S003,DES-006,5
2024-03-19,S003,DES-007,4
2024-03-19,S003,DES-008,3
2024-03-19,S003,DES-009,5
2024-03-19,S003,DES-010,5
2024-03-19,S003,DES-011,4
2024-03-19,S003,DES-012,4
2024-03-19,S003,DES-013,3
2024-03-19,S003,DES-014,3
2024-03-19,S003,DES-015,3
2024-03-19,S003,TAL-001,1
2024-03-19,S003,TAL-002,1
2024-03-19,S003,TAL-003,1
2024-03-19,S003,TAL-004,1
2024-03-19,S003,TAL-005,1
2024-03-19,S003,TAL-006,0
2024-03-19,S003,TAL-007,0
2024-03-19,S003,TAL-008,0
2024-03-19,S003,SIE-001,0
2024-03-19,S003,SIE-002,0
2024-03-19,S003,SIE-003,1
2024-03-19,S003,SIE-004,1
2024-03-19,S003,SIE-005,1
2024-03-19,S003,SIE-006,1
2024-03-19,S003,CEP-001,1
2024-03-19,S003,CEP-002,2
2024-03-19,S003,CEP-003,0
2024-03-19,S003,CEP-004,1
2024-03-19,S003,CEP-005,1
2024-03-19,S004,ESM-001,1
2024-03-19,S004,ESM-002,1
2024-03-19,S004,ESM-003,0
2024-03-19,S004,ESM-004,1
2024-03-19,S004,ESM-005,2
2024-03-19,S004,ESM-006,2
2024-03-19,S004,ESM-007,2
2024-03-19,S004,ESM-008,1
2024-03-19,S004,ESM-009,1
2024-03-19,S004,ESM-010,1
2024-03-19,S004,DES-001,2
2024-03-19,S004,DES-002,4
2024-03-19,S004,DES-003,3
2024-03-19,S004,DES-004,2
2024-03-19,S004,DES-005,4
2024-03-19,S004,DES-006,4
2024-03-19,S004,DES-007,2
2024-03-19,S004,DES-008,4
2024-03-19,S004,DES-009,5
2024-03-19,S004,DES-010,3
2024-03-19,S004,DES-011,4
2024-03-19,S004,DES-012,3
2024-03-19,S004,DES-013,5
2024-03-19,S004,DES-014,4
2024-03-19,S004,DES-015,3
2024-03-19,S004,TAL-001,0
2024-03-19,S004,TAL-002,0
2024-03-19,S004,TAL-003,0
2024-03-19,S004,TAL-004,0
2024-03-19,S004,TAL-005,1
2024-03-19,S004,TAL-006,0
2024-03-19,S004,TAL-007,1
2024-03-19,S004,TAL-008,1
2024-03-19,S004,SIE-001,0
2024-03-19,S004,SIE-002,0
2024-03-19,S004,SIE-003,1
2024-03-19,S004,SIE-004,0
2024-03-19,S004,SIE-005,0
2024-03-19,S004,SIE-006,1
2024-03-19,S004,CEP-001,1
2024-03-19,S004,CEP-002,1
2024-03-19,S004,CEP-003,2
2024-03-19,S004,CEP-004,1
2024-03-19,S004,CEP-005,1
2024-03-20,S001,ESM-001,1
2024-03-20,S001,ESM-002,2
2024-03-20,S001,ESM-003,2
2024-03-20,S001,ESM-004,1
2024-03-20,S001,ESM-005,0
2024-03-20,S001,ESM-006,2
2024-03-20,S001,ESM-007,1
2024-03-20,S001,ESM-008,0
2024-03-20,S001,ESM-009,1
2024-03-20,S001,ESM-010,1
2024-03-20,S001,DES-001,3
2024-03-20,S001,DES-002,5
2024-03-20,S001,DES-003,4
2024-03-20,S001,DES-004,4
2024-03-20,S001,DES-005,6
2024-03-20,S001,DES-006,7
2024-03-20,S001,DES-007,3
2024-03-20,S001,DES-008,4
2024-03-20,S001,DES-009,5
2024-03-20,S001,DES-010,7
2024-03-20,S001,DES-011,2
2024-03-20,S001,DES-012,6
2024-03-20,S001,DES-013,6
2024-03-20,S001,DES-014,5
2024-03-20,S001,DES-015,4
2024-03-20,S001,TAL-001,1
2024-03-20,S001,TAL-002,0
2024-03-20,S001,TAL-003,0
2024-03-20,S001,TAL-004,1
2024-03-20,S001,TAL-005,1
2024-03-20,S001,TAL-006,2
2024-03-20,S001,TAL-007,0
2024-03-20,S001,TAL-008,2
2024-03-20,S001,SIE-001,1
2024-03-20,S001,SIE-002,0
2024-03-20,S001,SIE-003,1
2024-03-20,S001,SIE-004,0
2024-03-20,S001,SIE-005,1
2024-03-20,S001,SIE-006,0
2024-03-20,S001,CEP-001,1
2024-03-20,S001,CEP-002,1
2024-03-20,S001,CEP-003,1
2024-03-20,S001,CEP-004,0
2024-03-20,S001,CEP-005,1
2024-03-20,S002,ESM-001,1
2024-03-20,S002,ESM-002,0
2024-03-20,S002,ESM-003,1
2024-03-20,S002,ESM-004,1
2024-03-20,S002,ESM-005,1
2024-03-20,S002,ESM-006,2
2024-03-20,S002,ESM-007,2
2024-03-20,S002,ESM-008,1
2024-03-20,S002,ESM-009,2
2024-03-20,S002,ESM-010,2
2024-03-20,S002,DES-001,4
2024-03-20,S002,DES-002,5
2024-03-20,S002,DES-003,5
2024-03-20,S002,DES-004,7
2024-03-20,S002,DES-005,6
2024-03-20,S002,DES-006,5
2024-03-20,S002,DES-007,7
2024-03-20,S002,DES-008,6
2024-03-20,S002,DES-009,5
2024-03-20,S002,DES-010,8
2024-03-20,S002,DES-011,6
2024-03-20,S002,DES-012,6
2024-03-20,S002,DES-013,6
2024-03-20,S002,DES-014,6
2024-03-20,S002,DES-015,7
2024-03-20,S002,TAL-001,2
2024-03-20,S002,TAL-002,1
2024-03-20,S002,TAL-003,0
2024-03-20,S002,TAL-004,1
2024-03-20,S002,TAL-005,1
2024-03-20,S002,TAL-006,0
2024-03-20,S002,TAL-007,1
2024-03-20,S002,TAL-008,1
2024-03-20,S002,SIE-001,0
2024-03-20,S002,SIE-002,1
2024-03-20,S002,SIE-003,1
2024-03-20,S002,SIE-004,1
2024-03-20,S002,SIE-005,0
2024-03-20,S002,SIE-006,1
2024-03-20,S002,CEP-001,0
2024-03-20,S002,CEP-002,1
2024-03-20,S002,CEP-003,1
2024-03-20,S002,CEP-004,0
2024-03-20,S002,CEP-005,2
2024-03-20,S003,ESM-001,1
2024-03-20,S003,ESM-002,1
2024-03-20,S003,ESM-003,1
2024-03-20,S003,ESM-004,1
2024-03-20,S003,ESM-005,2
2024-03-20,S003,ESM-006,1
2024-03-20,S003,ESM-007,0
2024-03-20,S003,ESM-008,1
2024-03-20,S003,ESM-009,0
2024-03-20,S003,ESM-010,1
2024-03-20,S003,DES-001,5
2024-03-20,S003,DES-002,3
2024-03-20,S003,DES-003,4
2024-03-20,S003,DES-004,3
2024-03-20,S003,DES-005,4
2024-03-20,S003,DES-006,3
2024-03-20,S003,DES-007,1
2024-03-20,S003,DES-008,2
2024-03-20,S003,DES-009,5
2024-03-20,S003,DES-010,4
2024-03-20,S003,DES-011,5
2024-03-20,S003,DES-012,4
2024-03-20,S003,DES-013,4
2024-03-20,S003,DES-014,5
2024-03-20,S003,DES-015,2
2024-03-20,S003,TAL-001,0
2024-03-20,S003,TAL-002,1
2024-03-20,S003,TAL-003,0
2024-03-20,S003,TAL-004,1
2024-03-20,S003,TAL-005,1
2024-03-20,S003,TAL-006,1
2024-03-20,S003,TAL-007,1
2024-03-20,S003,TAL-008,0
2024-03-20,S003,SIE-001,1
2024-03-20,S003,SIE-002,0
2024-03-20,S003,SIE-003,1
2024-03-20,S003,SIE-004,1
2024-03-20,S003,SIE-005,1
2024-03-20,S003,SIE-006,1
2024-03-20,S003,CEP-001,0
2024-03-20,S003,CEP-002,1
2024-03-20,S003,CEP-003,0
2024-03-20,S003,CEP-004,1
2024-03-20,S003,CEP-005,1
2024-03-20,S004,ESM-001,2
2024-03-20,S004,ESM-002,1
2024-03-20,S004,ESM-003,2
2024-03-20,S004,ESM-004,0
2024-03-20,S004,ESM-005,1
2024-03-20,S004,ESM-006,2
2024-03-20,S004,ESM-007,2
2024-03-20,S004,ESM-008,1
2024-03-20,S004,ESM-009,1
2024-03-20,S004,ESM-010,2
2024-03-20,S004,DES-001,5
2024-03-20,S004,DES-002,4
2024-03-20,S004,DES-003,3
2024-03-20,S004,DES-004,3
2024-03-20,S004,DES-005,4
2024-03-20,S004,DES-006,3
2024-03-20,S004,DES-007,5
2024-03-20,S004,DES-008,4
2024-03-20,S004,DES-009,3
2024-03-20,S004,DES-010,6
2024-03-20,S004,DES-011,5
2024-03-20,S004,DES-012,4
2024-03-20,S004,DES-013,4
2024-03-20,S004,DES-014,3
2024-03-20,S004,DES-015,2
2024-03-20,S004,TAL-001,0
2024-03-20,S004,TAL-002,0
2024-03-20,S004,TAL-003,0
2024-03-20,S004,TAL-004,1
2024-03-20,S004,TAL-005,1
2024-03-20,S004,TAL-006,1
2024-03-20,S004,TAL-007,1
2024-03-20,S004,TAL-008,0
2024-03-20,S004,SIE-001,1
2024-03-20,S004,SIE-002,1
2024-03-20,S004,SIE-003,1
2024-03-20,S004,SIE-004,1
2024-03-20,S004,SIE-005,1
2024-03-20,S004,SIE-006,0
2024-03-20,S004,CEP-001,1
2024-03-20,S004,CEP-002,1
2024-03-20,S004,CEP-003,0
2024-03-20,S004,CEP-004,1
2024-03-20,S004,CEP-005,0
2024-03-21,S001,ESM-001,2
2024-03-21,S001,ESM-002,2
2024-03-21,S001,ESM-003,1
2024-03-21,S001,ESM-004,1
2024-03-21,S001,ESM-005,3
2024-03-21,S001,ESM-006,2
2024-03-21,S001,ESM-007,1
2024-03-21,S001,ESM-008,1
2024-03-21,S001,ESM-009,1
2024-03-21,S001,ESM-010,3
2024-03-21,S001,DES-001,5
2024-03-21,S001,DES-002,3
2024-03-21,S001,DES-003,8
2024-03-21,S001,DES-004,6
2024-03-21,S001,DES-005,4
2024-03-21,S001,DES-006,7
2024-03-21,S001,DES-007,7
2024-03-21,S001,DES-008,5
2024-03-21,S001,DES-009,3
2024-03-21,S001,DES-010,3
2024-03-21,S001,DES-011,8
2024-03-21,S001,DES-012,4
2024-03-21,S001,DES-013,7
2024-03-21,S001,DES-014,6
2024-03-21,S001,DES-015,6
2024-03-21,S001,TAL-001,0
2024-03-21,S001,TAL-002,1
2024-03-21,S001,TAL-003,2
2024-03-21,S001,TAL-004,2
2024-03-21,S001,TAL-005,2
2024-03-21,S001,TAL-006,1
2024-03-21,S001,TAL-007,3
2024-03-21,S001,TAL-008,1
2024-03-21,S001,SIE-001,1
2024-03-21,S001,SIE-002,0
2024-03-21,S001,SIE-003,1
2024-03-21,S001,SIE-004,0
2024-03-21,S001,SIE-005,0
2024-03-21,S001,SIE-006,1
2024-03-21,S001,CEP-001,1
2024-03-21,S001,CEP-002,1
2024-03-21,S001,CEP-003,2
2024-03-21,S001,CEP-004,1
2024-03-21,S001,CEP-005,1
2024-03-21,S002,ESM-001,1
2024-03-21,S002,ESM-002,2
2024-03-21,S002,ESM-003,3
2024-03-21,S002,ESM-004,1
2024-03-21,S002,ESM-005,0
2024-03-21,S002,ESM-006,1
2024-03-21,S002,ESM-007,3
2024-03-21,S002,ESM-008,2
2024-03-21,S002,ESM-009,1
2024-03-21,S002,ESM-010,2
2024-03-21,S002,DES-001,5
2024-03-21,S002,DES-002,3
2024-03-21,S002,DES-003,4
2024-03-21,S002,DES-004,10
2024-03-21,S002,DES-005,6
2024-03-21,S002,DES-006,4
2024-03-21,S002,DES-007,5
2024-03-21,S002,DES-008,3
2024-03-21,S002,DES-009,4
2024-03-21,S002,DES-010,5
2024-03-21,S002,DES-011,4
2024-03-21,S002,DES-012,4
2024-03-21,S002,DES-013,5
2024-03-21,S002,DES-014,6
2024-03-21,S002,DES-015,2
2024-03-21,S002,TAL-001,0
2024-03-21,S002,TAL-002,1
2024-03-21,S002,TAL-003,1
2024-03-21,S002,TAL-004,0
2024-03-21,S002,TAL-005,1
2024-03-21,S002,TAL-006,1
2024-03-21,S002,TAL-007,0
2024-03-21,S002,TAL-008,0
2024-03-21,S002,SIE-001,2
2024-03-21,S002,SIE-002,1
2024-03-21,S002,SIE-003,0
2024-03-21,S002,SIE-004,1
2024-03-21,S002,SIE-005,1
2024-03-21,S002,SIE-006,0
2024-03-21,S002,CEP-001,1
2024-03-21,S002,CEP-002,1
2024-03-21,S002,CEP-003,1
2024-03-21,S002,CEP-004,2
2024-03-21,S002,CEP-005,1
2024-03-21,S003,ESM-001,1
2024-03-21,S003,ESM-002,1
2024-03-21,S003,ESM-003,1
2024-03-21,S003,ESM-004,1
2024-03-21,S003,ESM-005,1
2024-03-21,S003,ESM-006,0
2024-03-21,S003,ESM-007,1
2024-03-21,S003,ESM-008,0
2024-03-21,S003,ESM-009,2
2024-03-21,S003,ESM-010,2
2024-03-21,S003,DES-001,5
2024-03-21,S003,DES-002,4
2024-03-21,S003,DES-003,2
2024-03-21,S003,DES-004,5
2024-03-21,S003,DES-005,4
2024-03-21,S003,DES-006,2
2024-03-21,S003,DES-007,5
2024-03-21,S003,DES-008,3
2024-03-21,S003,DES-009,4
2024-03-21,S003,DES-010,4
2024-03-21,S003,DES-011,3
2024-03-21,S003,DES-012,4
2024-03-21,S003,DES-013,3
2024-03-21,S003,DES-014,5
2024-03-21,S003,DES-015,3
2024-03-21,S003,TAL-001,1
2024-03-21,S003,TAL-002,0
2024-03-21,S003,TAL-003,1
2024-03-21,S003,TAL-004,1
2024-03-21,S003,TAL-005,0
2024-03-21,S003,TAL-006,1
2024-03-21,S003,TAL-007,1
2024-03-21,S003,TAL-008,0
2024-03-21,S003,SIE-001,1
2024-03-21,S003,SIE-002,1
2024-03-21,S003,SIE-003,1
2024-03-21,S003,SIE-004,0
2024-03-21,S003,SIE-005,0
2024-03-21,S003,SIE-006,0
2024-03-21,S003,CEP-001,1
2024-03-21,S003,CEP-002,2
2024-03-21,S003,CEP-003,1
2024-03-21,S003,CEP-004,1
2024-03-21,S003,CEP-005,1
2024-03-21,S004,ESM-001,0
2024-03-21,S004,ESM-002,2
2024-03-21,S004,ESM-003,1
2024-03-21,S004,ESM-004,1
2024-03-21,S004,ESM-005,0
2024-03-21,S004,ESM-006,1
2024-03-21,S004,ESM-007,2
2024-03-21,S004,ESM-008,1
2024-03-21,S004,ESM-009,1
2024-03-21,S004,ESM-010,2
2024-03-21,S004,DES-001,3
2024-03-21,S004,DES-002,3
2024-03-21,S004,DES-003,4
2024-03-21,S004,DES-004,4
2024-03-21,S004,DES-005,3
2024-03-21,S004,DES-006,5
2024-03-21,S004,DES-007,5
2024-03-21,S004,DES-008,4
2024-03-21,S004,DES-009,3
2024-03-21,S004,DES-010,4
2024-03-21,S004,DES-011,4
2024-03-21,S004,DES-012,4
2024-03-21,S004,DES-013,4
2024-03-21,S004,DES-014,3
2024-03-21,S004,DES-015,6
2024-03-21,S004,TAL-001,1
2024-03-21,S004,TAL-002,1
2024-03-21,S004,TAL-003,1
2024-03-21,S004,TAL-004,0
2024-03-21,S004,TAL-005,1
2024-03-21,S004,TAL-006,0
2024-03-21,S004,TAL-007,1
2024-03-21,S004,TAL-008,0
2024-03-21,S004,SIE-001,1
2024-03-21,S004,SIE-002,1
2024-03-21,S004,SIE-003,1
2024-03-21,S004,SIE-004,0
2024-03-21,S004,SIE-005,0
2024-03-21,S004,SIE-006,1
2024-03-21,S004,CEP-001,1
2024-03-21,S004,CEP-002,1
2024-03-21,S004,CEP-003,1
2024-03-21,S004,CEP-004,1
2024-03-21,S004,CEP-005,0
2024-03-22,S001,ESM-001,2
2024-03-22,S001,ESM-002,2
2024-03-22,S001,ESM-003,2
2024-03-22,S001,ESM-004,2
2024-03-22,S001,ESM-005,1
2024-03-22,S001,ESM-006,1
2024-03-22,S001,ESM-007,2
2024-03-22,S001,ESM-008,2
2024-03-22,S001,ESM-009,2
2024-03-22,S001,ESM-010,2
2024-03-22,S001,DES-001,7
2024-03-22,S001,DES-002,6
2024-03-22,S001,DES-003,5
2024-03-22,S001,DES-004,5
2024-03-22,S001,DES-005,4
2024-03-22,S001,DES-006,2
2024-03-22,S001,DES-007,5
2024-03-22,S001,DES-008,7
2024-03-22,S001,DES-009,4
2024-03-22,S001,DES-010,7
2024-03-22,S001,DES-011,3
2024-03-22,S001,DES-012,5
2024-03-22,S001,DES-013,6
2024-03-22,S001,DES-014,6
2024-03-22,S001,DES-015,5
2024-03-22,S001,TAL-001,1
2024-03-22,S001,TAL-002,1
2024-03-22,S001,TAL-003,1
2024-03-22,S001,TAL-004,0
2024-03-22,S001,TAL-005,1
2024-03-22,S001,TAL-006,1
2024-03-22,S001,TAL-007,2
2024-03-22,S001,TAL-008,1
2024-03-22,S001,SIE-001,1
2024-03-22,S001,SIE-002,0
2024-03-22,S001,SIE-003,1
2024-03-22,S001,SIE-004,1
2024-03-22,S001,SIE-005,1
2024-03-22,S001,SIE-006,1
2024-03-22,S001,CEP-001,2
2024-03-22,S001,CEP-002,2
2024-03-22,S001,CEP-003,2
2024-03-22,S001,CEP-004,1
2024-03-22,S001,CEP-005,3
2024-03-22,S002,ESM-001,2
2024-03-22,S002,ESM-002,2
2024-03-22,S002,ESM-003,3
2024-03-22,S002,ESM-004,1
2024-03-22,S002,ESM-005,1
2024-03-22,S002,ESM-006,2
2024-03-22,S002,ESM-007,1
2024-03-22,S002,ESM-008,1
2024-03-22,S002,ESM-009,2
2024-03-22,S002,ESM-010,1
2024-03-22,S002,DES-001,5
2024-03-22,S002,DES-002,7
2024-03-22,S002,DES-003,7
2024-03-22,S002,DES-004,9
2024-03-22,S002,DES-005,7
2024-03-22,S002,DES-006,7
2024-03-22,S002,DES-007,6
2024-03-22,S002,DES-008,7
2024-03-22,S002,DES-009,2
2024-03-22,S002,DES-010,4
2024-03-22,S002,DES-011,5
2024-03-22,S002,DES-012,5
2024-03-22,S002,DES-013,5
2024-03-22,S002,DES-014,6
2024-03-22,S002,DES-015,7
2024-03-22,S002,TAL-001,1
2024-03-22,S002,TAL-002,1
2024-03-22,S002,TAL-003,1
2024-03-22,S002,TAL-004,1
2024-03-22,S002,TAL-005,2
2024-03-22,S002,TAL-006,0
2024-03-22,S002,TAL-007,1
2024-03-22,S002,TAL-008,0
2024-03-22,S002,SIE-001,0
2024-03-22,S002,SIE-002,0
2024-03-22,S002,SIE-003,1
2024-03-22,S002,SIE-004,0
2024-03-22,S002,SIE-005,1
2024-03-22,S002,SIE-006,1
2024-03-22,S002,CEP-001,1
2024-03-22,S002,CEP-002,1
2024-03-22,S002,CEP-003,0
2024-03-22,S002,CEP-004,1
2024-03-22,S002,CEP-005,2
2024-03-22,S003,ESM-001,1
2024-03-22,S003,ESM-002,1
2024-03-22,S003,ESM-003,1
2024-03-22,S003,ESM-004,1
2024-03-22,S003,ESM-005,1
2024-03-22,S003,ESM-006,2
2024-03-22,S003,ESM-007,2
2024-03-22,S003,ESM-008,1
2024-03-22,S003,ESM-009,0
2024-03-22,S003,ESM-010,1
2024-03-22,S003,DES-001,4
2024-03-22,S003,DES-002,3
2024-03-22,S003,DES-003,4
2024-03-22,S003,DES-004,4
2024-03-22,S003,DES-005,4
2024-03-22,S003,DES-006,3
2024-03-22,S003,DES-007,3
2024-03-22,S003,DES-008,4
2024-03-22,S003,DES-009,4
2024-03-22,S003,DES-010,4
2024-03-22,S003,DES-011,5
2024-03-22,S003,DES-012,2
2024-03-22,S003,DES-013,3
2024-03-22,S003,DES-014,6
2024-03-22,S003,DES-015,3
2024-03-22,S003,TAL-001,1
2024-03-22,S003,TAL-002,0
2024-03-22,S003,TAL-003,0
2024-03-22,S003,TAL-004,1
2024-03-22,S003,TAL-005,1
2024-03-22,S003,TAL-006,1
2024-03-22,S003,TAL-007,0
2024-03-22,S003,TAL-008,1
2024-03-22,S003,SIE-001,1
2024-03-22,S003,SIE-002,1
2024-03-22,S003,SIE-003,1
2024-03-22,S003,SIE-004,0
2024-03-22,S003,SIE-005,1
2024-03-22,S003,SIE-006,1
2024-03-22,S003,CEP-001,1
2024-03-22,S003,CEP-002,0
2024-03-22,S003,CEP-003,0
2024-03-22,S003,CEP-004,0
2024-03-22,S003,CEP-005,1
2024-03-22,S004,ESM-001,2
2024-03-22,S004,ESM-002,1
2024-03-22,S004,ESM-003,2
2024-03-22,S004,ESM-004,2
2024-03-22,S004,ESM-005,0
2024-03-22,S004,ESM-006,2
2024-03-22,S004,ESM-007,2
2024-03-22,S004,ESM-008,2
2024-03-22,S004,ESM-009,1
2024-03-22,S004,ESM-010,1
2024-03-22,S004,DES-001,5
2024-03-22,S004,DES-002,5
2024-03-22,S004,DES-003,5
2024-03-22,S004,DES-004,5
2024-03-22,S004,DES-005,3
2024-03-22,S004,DES-006,4
2024-03-22,S004,DES-007,4
2024-03-22,S004,DES-008,3
2024-03-22,S004,DES-009,3
2024-03-22,S004,DES-010,3
2024-03-22,S004,DES-011,2
2024-03-22,S004,DES-012,4
2024-03-22,S004,DES-013,4
2024-03-22,S004,DES-014,4
2024-03-22,S004,DES-015,3
2024-03-22,S004,TAL-001,0
2024-03-22,S004,TAL-002,1
2024-03-22,S004,TAL-003,1
2024-03-22,S004,TAL-004,0
2024-03-22,S004,TAL-005,1
2024-03-22,S004,TAL-006,1
2024-03-22,S004,TAL-007,1
2024-03-22,S004,TAL-008,1
2024-03-22,S004,SIE-001,0
2024-03-22,S004,SIE-002,1
2024-03-22,S004,SIE-003,0
2024-03-22,S004,SIE-004,1
2024-03-22,S004,SIE-005,0
2024-03-22,S004,SIE-006,0
2024-03-22,S004,CEP-001,1
2024-03-22,S004,CEP-002,1
2024-03-22,S004,CEP-003,0
2024-03-22,S004,CEP-004,0
2024-03-22,S004,CEP-005,1
2024-03-23,S001,ESM-001,1
2024-03-23,S001,ESM-002,4
2024-03-23,S001,ESM-003,1
2024-03-23,S001,ESM-004,2
2024-03-23,S001,ESM-005,3
2024-03-23,S001,ESM-006,1
2024-03-23,S001,ESM-007,2
2024-03-23,S001,ESM-008,0
2024-03-23,S001,ESM-009,1
2024-03-23,S001,ESM-010,2
2024-03-23,S001,DES-001,7
2024-03-23,S001,DES-002,7
2024-03-23,S001,DES-003,5
2024-03-23,S001,DES-004,6
2024-03-23,S001,DES-005,5
2024-03-23,S001,DES-006,7
2024-03-23,S001,DES-007,4
2024-03-23,S001,DES-008,4
2024-03-23,S001,DES-009,7
2024-03-23,S001,DES-010,7
2024-03-23,S001,DES-011,4
2024-03-23,S001,DES-012,5
2024-03-23,S001,DES-013,5
2024-03-23,S001,DES-014,5
2024-03-23,S001,DES-015,5
2024-03-23,S001,TAL-001,1
2024-03-23,S001,TAL-002,0
2024-03-23,S001,TAL-003,1
2024-03-23,S001,TAL-004,2
2024-03-23,S001,TAL-005,2
2024-03-23,S001,TAL-006,2
2024-03-23,S001,TAL-007,1
2024-03-23,S001,TAL-008,1
2024-03-23,S001,SIE-001,0
2024-03-23,S001,SIE-002,1
2024-03-23,S001,SIE-003,1
2024-03-23,S001,SIE-004,0
2024-03-23,S001,SIE-005,0
2024-03-23,S001,SIE-006,0
2024-03-23,S001,CEP-001,2
2024-03-23,S001,CEP-002,1
2024-03-23,S001,CEP-003,1
2024-03-23,S001,CEP-004,1
2024-03-23,S001,CEP-005,0
2024-03-23,S002,ESM-001,2
2024-03-23,S002,ESM-002,1
2024-03-23,S002,ESM-003,2
2024-03-23,S002,ESM-004,1
2024-03-23,S002,ESM-005,2
2024-03-23,S002,ESM-006,1
2024-03-23,S002,ESM-007,1
2024-03-23,S002,ESM-008,2
2024-03-23,S002,ESM-009,3
2024-03-23,S002,ESM-010,3
2024-03-23,S002,DES-001,6
2024-03-23,S002,DES-002,6
2024-03-23,S002,DES-003,5
2024-03-23,S002,DES-004,6
2024-03-23,S002,DES-005,5
2024-03-23,S002,DES-006,8
2024-03-23,S002,DES-007,9
2024-03-23,S002,DES-008,4
2024-03-23,S002,DES-009,4
2024-03-23,S002,DES-010,6
2024-03-23,S002,DES-011,2
2024-03-23,S002,DES-012,8
2024-03-23,S002,DES-013,9
2024-03-23,S002,DES-014,7
2024-03-23,S002,DES-015,6
2024-03-23,S002,TAL-001,1
2024-03-23,S002,TAL-002,0
2024-03-23,S002,TAL-003,2
2024-03-23,S002,TAL-004,1
2024-03-23,S002,TAL-005,2
2024-03-23,S002,TAL-006,1
2024-03-23,S002,TAL-007,1
2024-03-23,S002,TAL-008,2
2024-03-23,S002,SIE-001,1
2024-03-23,S002,SIE-002,0
2024-03-23,S002,SIE-003,0
2024-03-23,S002,SIE-004,0
2024-03-23,S002,SIE-005,1
2024-03-23,S002,SIE-006,0
2024-03-23,S002,CEP-001,1
2024-03-23,S002,CEP-002,0
2024-03-23,S002,CEP-003,2
2024-03-23,S002,CEP-004,2
2024-03-23,S002,CEP-005,1
2024-03-23,S003,ESM-001,1
2024-03-23,S003,ESM-002,0
2024-03-23,S003,ESM-003,1
2024-03-23,S003,ESM-004,0
2024-03-23,S003,ESM-005,0
2024-03-23,S003,ESM-006,1
2024-03-23,S003,ESM-007,1
2024-03-23,S003,ESM-008,0
2024-03-23,S003,ESM-009,0
2024-03-23,S003,ESM-010,2
2024-03-23,S003,DES-001,4
2024-03-23,S003,DES-002,4
2024-03-23,S003,DES-003,5
2024-03-23,S003,DES-004,4
2024-03-23,S003,DES-005,3
2024-03-23,S003,DES-006,4
2024-03-23,S003,DES-007,4
2024-03-23,S003,DES-008,3
2024-03-23,S003,DES-009,5
2024-03-23,S003,DES-010,3
2024-03-23,S003,DES-011,5
2024-03-23,S003,DES-012,4
2024-03-23,S003,DES-013,4
2024-03-23,S003,DES-014,6
2024-03-23,S003,DES-015,5
2024-03-23,S003,TAL-001,0
2024-03-23,S003,TAL-002,0
2024-03-23,S003,TAL-003,0
2024-03-23,S003,TAL-004,1
2024-03-23,S003,TAL-005,1
2024-03-23,S003,TAL-006,1
2024-03-23,S003,TAL-007,1
2024-03-23,S003,TAL-008,1
2024-03-23,S003,SIE-001,1
2024-03-23,S003,SIE-002,1
2024-03-23,S003,SIE-003,0
2024-03-23,S003,SIE-004,0
2024-03-23,S003,SIE-005,1
2024-03-23,S003,SIE-006,0
2024-03-23,S003,CEP-001,1
2024-03-23,S003,CEP-002,0
2024-03-23,S003,CEP-003,1
2024-03-23,S003,CEP-004,1
2024-03-23,S003,CEP-005,1
2024-03-23,S004,ESM-001,0
2024-03-23,S004,ESM-002,1
2024-03-23,S004,ESM-003,2
2024-03-23,S004,ESM-004,1
2024-03-23,S004,ESM-005,2
2024-03-23,S004,ESM-006,1
2024-03-23,S004,ESM-007,1
2024-03-23,S004,ESM-008,1
2024-03-23,S004,ESM-009,1
2024-03-23,S004,ESM-010,1
2024-03-23,S004,DES-001,3
2024-03-23,S004,DES-002,3
2024-03-23,S004,DES-003,5
2024-03-23,S004,DES-004,5
2024-03-23,S004,DES-005,5
2024-03-23,S004,DES-006,3
2024-03-23,S004,DES-007,5
2024-03-23,S004,DES-008,3
2024-03-23,S004,DES-009,4
2024-03-23,S004,DES-010,6
2024-03-23,S004,DES-011,4
2024-03-23,S004,DES-012,5
2024-03-23,S004,DES-013,4
2024-03-23,S004,DES-014,5
2024-03-23,S004,DES-015,3
2024-03-23,S004,TAL-001,1
2024-03-23,S004,TAL-002,2
2024-03-23,S004,TAL-003,1
2024-03-23,S004,TAL-004,0
2024-03-23,S004,TAL-005,1
2024-03-23,S004,TAL-006,0
2024-03-23,S004,TAL-007,1
2024-03-23,S004,TAL-008,0
2024-03-23,S004,SIE-001,0
2024-03-23,S004,SIE-002,0
2024-03-23,S004,SIE-003,1
2024-03-23,S004,SIE-004,0
2024-03-23,S004,SIE-005,1
2024-03-23,S004,SIE-006,0
2024-03-23,S004,CEP-001,0
2024-03-23,S004,CEP-002,1
2024-03-23,S004,CEP-003,0
2024-03-23,S004,CEP-004,0
2024-03-23,S004,CEP-005,0
2024-03-24,S001,ESM-001,2
2024-03-24,S001,ESM-002,0
2024-03-24,S001,ESM-003,1
2024-03-24,S001,ESM-004,2
2024-03-24,S001,ESM-005,2
2024-03-24,S001,ESM-006,3
2024-03-24,S001,ESM-007,2
2024-03-24,S001,ESM-008,1
2024-03-24,S001,ESM-009,3
2024-03-24,S001,ESM-010,2
2024-03-24,S001,DES-001,5
2024-03-24,S001,DES-002,5
2024-03-24,S001,DES-003,6
2024-03-24,S001,DES-004,5
2024-03-24,S001,DES-005,5
2024-03-24,S001,DES-006,7
2024-03-24,S001,DES-007,5
2024-03-24,S001,DES-008,4
2024-03-24,S001,DES-009,6
2024-03-24,S001,DES-010,5
2024-03-24,S001,DES-011,6
2024-03-24,S001,DES-012,7
2024-03-24,S001,DES-013,6
2024-03-24,S001,DES-014,1
2024-03-24,S001,DES-015,4
2024-03-24,S001,TAL-001,1
2024-03-24,S001,TAL-002,1
2024-03-24,S001,TAL-003,2
2024-03-24,S001,TAL-004,1
2024-03-24,S001,TAL-005,0
2024-03-24,S001,TAL-006,1
2024-03-24,S001,TAL-007,0
2024-03-24,S001,TAL-008,2
2024-03-24,S001,SIE-001,1
2024-03-24,S001,SIE-002,0
2024-03-24,S001,SIE-003,1
2024-03-24,S001,SIE-004,0
2024-03-24,S001,SIE-005,0
2024-03-24,S001,SIE-006,1
2024-03-24,S001,CEP-001,1
2024-03-24,S001,CEP-002,1
2024-03-24,S001,CEP-003,1
2024-03-24,S001,CEP-004,2
2024-03-24,S001,CEP-005,1
2024-03-24,S002,ESM-001,1
2024-03-24,S002,ESM-002,0
2024-03-24,S002,ESM-003,3
2024-03-24,S002,ESM-004,1
2024-03-24,S002,ESM-005,0
2024-03-24,S002,ESM-006,1
2024-03-24,S002,ESM-007,0
2024-03-24,S002,ESM-008,1
2024-03-24,S002,ESM-009,1
2024-03-24,S002,ESM-010,2
2024-03-24,S002,DES-001,6
2024-03-24,S002,DES-002,7
2024-03-24,S002,DES-003,3
2024-03-24,S002,DES-004,7
2024-03-24,S002,DES-005,8
2024-03-24,S002,DES-006,4
2024-03-24,S002,DES-007,3
2024-03-24,S002,DES-008,7
2024-03-24,S002,DES-009,7
2024-03-24,S002,DES-010,5
2024-03-24,S002,DES-011,2
2024-03-24,S002,DES-012,6
2024-03-24,S002,DES-013,3
2024-03-24,S002,DES-014,7
2024-03-24,S002,DES-015,4
2024-03-24,S002,TAL-001,1
2024-03-24,S002,TAL-002,1
2024-03-24,S002,TAL-003,2
2024-03-24,S002,TAL-004,0
2024-03-24,S002,TAL-005,1
2024-03-24,S002,TAL-006,1
2024-03-24,S002,TAL-007,2
2024-03-24,S002,TAL-008,0
2024-03-24,S002,SIE-001,1
2024-03-24,S002,SIE-002,0
2024-03-24,S002,SIE-003,1
2024-03-24,S002,SIE-004,1
2024-03-24,S002,SIE-005,1
2024-03-24,S002,SIE-006,2
2024-03-24,S002,CEP-001,1
2024-03-24,S002,CEP-002,1
2024-03-24,S002,CEP-003,2
2024-03-24,S002,CEP-004,1
2024-03-24,S002,CEP-005,0
2024-03-24,S003,ESM-001,1
2024-03-24,S003,ESM-002,2
2024-03-24,S003,ESM-003,1
2024-03-24,S003,ESM-004,1
2024-03-24,S003,ESM-005,1
2024-03-24,S003,ESM-006,1
2024-03-24,S003,ESM-007,1
2024-03-24,S003,ESM-008,0
2024-03-24,S003,ESM-009,1
2024-03-24,S003,ESM-010,0
2024-03-24,S003,DES-001,4
2024-03-24,S003,DES-002,4
2024-03-24,S003,DES-003,5
2024-03-24,S003,DES-004,3
2024-03-24,S003,DES-005,3
2024-03-24,S003,DES-006,2
2024-03-24,S003,DES-007,3
2024-03-24,S003,DES-008,4
2024-03-24,S003,DES-009,4
2024-03-24,S003,DES-010,4
2024-03-24,S003,DES-011,4
2024-03-24,S003,DES-012,4
2024-03-24,S003,DES-013,4
2024-03-24,S003,DES-014,4
2024-03-24,S003,DES-015,3
2024-03-24,S003,TAL-001,2
2024-03-24,S003,TAL-002,1
2024-03-24,S003,TAL-003,1
2024-03-24,S003,TAL-004,0
2024-03-24,S003,TAL-005,1
2024-03-24,S003,TAL-006,1
2024-03-24,S003,TAL-007,1
2024-03-24,S003,TAL-008,0
2024-03-24,S003,SIE-001,0
2024-03-24,S003,SIE-002,0
2024-03-24,S003,SIE-003,1
2024-03-24,S003,SIE-004,1
2024-03-24,S003,SIE-005,0
2024-03-24,S003,SIE-006,0
2024-03-24,S003,CEP-001,1
2024-03-24,S003,CEP-002,0
2024-03-24,S003,CEP-003,1
2024-03-24,S003,CEP-004,1
2024-03-24,S003,CEP-005,1
2024-03-24,S004,ESM-001,2
2024-03-24,S004,ESM-002,1
2024-03-24,S004,ESM-003,0
2024-03-24,S004,ESM-004,1
2024-03-24,S004,ESM-005,1
2024-03-24,S004,ESM-006,1
2024-03-24,S004,ESM-007,2
2024-03-24,S004,ESM-008,1
2024-03-24,S004,ESM-009,1
2024-03-24,S004,ESM-010,2
2024-03-24,S004,DES-001,3
2024-03-24,S004,DES-002,6
2024-03-24,S004,DES-003,3
2024-03-24,S004,DES-004,4
2024-03-24,S004,DES-005,5
2024-03-24,S004,DES-006,5
2024-03-24,S004,DES-007,5
2024-03-24,S004,DES-008,4
2024-03-24,S004,DES-009,5
2024-03-24,S004,DES-010,3
2024-03-24,S004,DES-011,5
2024-03-24,S004,DES-012,1
2024-03-24,S004,DES-013,4
2024-03-24,S004,DES-014,2
2024-03-24,S004,DES-015,2
2024-03-24,S004,TAL-001,0
2024-03-24,S004,TAL-002,0
2024-03-24,S004,TAL-003,0
2024-03-24,S004,TAL-004,1
2024-03-24,S004,TAL-005,2
2024-03-24,S004,TAL-006,0
2024-03-24,S004,TAL-007,2
2024-03-24,S004,TAL-008,0
2024-03-24,S004,SIE-001,1
2024-03-24,S004,SIE-002,0
2024-03-24,S004,SIE-003,1
2024-03-24,S004,SIE-004,0
2024-03-24,S004,SIE-005,1
2024-03-24,S004,SIE-006,1
2024-03-24,S004,CEP-001,1
2024-03-24,S004,CEP-002,0
2024-03-24,S004,CEP-003,1
2024-03-24,S004,CEP-004,1
2024-03-24,S004,CEP-005,1
2024-03-25,S001,ESM-001,3
2024-03-25,S001,ESM-002,2
2024-03-25,S001,ESM-003,2
2024-03-25,S001,ESM-004,0
2024-03-25,S001,ESM-005,0
2024-03-25,S001,ESM-006,2
2024-03-25,S001,ESM-007,2
2024-03-25,S001,ESM-008,2
2024-03-25,S001,ESM-009,1
2024-03-25,S001,ESM-010,1
2024-03-25,S001,DES-001,8
2024-03-25,S001,DES-002,6
2024-03-25,S001,DES-003,6
2024-03-25,S001,DES-004,7
2024-03-25,S001,DES-005,8
2024-03-25,S001,DES-006,7
2024-03-25,S001,DES-007,8
2024-03-25,S001,DES-008,8
2024-03-25,S001,DES-009,3
2024-03-25,S001,DES-010,7
2024-03-25,S001,DES-011,4
2024-03-25,S001,DES-012,6
2024-03-25,S001,DES-013,1
2024-03-25,S001,DES-014,6
2024-03-25,S001,DES-015,9
2024-03-25,S001,TAL-001,1
2024-03-25,S001,TAL-002,0
2024-03-25,S001,TAL-003,0
2024-03-25,S001,TAL-004,2
2024-03-25,S001,TAL-005,0
2024-03-25,S001,TAL-006,1
2024-03-25,S001,TAL-007,1
2024-03-25,S001,TAL-008,1
2024-03-25,S001,SIE-001,0
2024-03-25,S001,SIE-002,2
2024-03-25,S001,SIE-003,0
2024-03-25,S001,SIE-004,1
2024-03-25,S001,SIE-005,0
2024-03-25,S001,SIE-006,0
2024-03-25,S001,CEP-001,2
2024-03-25,S001,CEP-002,0
2024-03-25,S001,CEP-003,1
2024-03-25,S001,CEP-004,2
2024-03-25,S001,CEP-005,1
2024-03-25,S002,ESM-001,1
2024-03-25,S002,ESM-002,1
2024-03-25,S002,ESM-003,1
2024-03-25,S002,ESM-004,1
2024-03-25,S002,ESM-005,2
2024-03-25,S002,ESM-006,1
2024-03-25,S002,ESM-007,0
2024-03-25,S002,ESM-008,2
2024-03-25,S002,ESM-009,1
2024-03-25,S002,ESM-010,2
2024-03-25,S002,DES-001,4
2024-03-25,S002,DES-002,4
2024-03-25,S002,DES-003,6
2024-03-25,S002,DES-004,4
2024-03-25,S002,DES-005,5
2024-03-25,S002,DES-006,2
2024-03-25,S002,DES-007,5
2024-03-25,S002,DES-008,5
2024-03-25,S002,DES-009,5
2024-03-25,S002,DES-010,6
2024-03-25,S002,DES-011,5
2024-03-25,S002,DES-012,2
2024-03-25,S002,DES-013,6
2024-03-25,S002,DES-014,6
2024-03-25,S002,DES-015,3
2024-03-25,S002,TAL-001,1
2024-03-25,S002,TAL-002,0
2024-03-25,S002,TAL-003,1
2024-03-25,S002,TAL-004,1
2024-03-25,S002,TAL-005,0
2024-03-25,S002,TAL-006,1
2024-03-25,S002,TAL-007,0
2024-03-25,S002,TAL-008,0
2024-03-25,S002,SIE-001,1
2024-03-25,S002,SIE-002,0
2024-03-25,S002,SIE-003,1
2024-03-25,S002,SIE-004,1
2024-03-25,S002,SIE-005,0
2024-03-25,S002,SIE-006,1
2024-03-25,S002,CEP-001,1
2024-03-25,S002,CEP-002,1
2024-03-25,S002,CEP-003,1
2024-03-25,S002,CEP-004,1
2024-03-25,S002,CEP-005,1
2024-03-25,S003,ESM-001,1
2024-03-25,S003,ESM-002,0
2024-03-25,S003,ESM-003,2
2024-03-25,S003,ESM-004,1
2024-03-25,S003,ESM-005,1
2024-03-25,S003,ESM-006,1
2024-03-25,S003,ESM-007,1
2024-03-25,S003,ESM-008,2
2024-03-25,S003,ESM-009,0
2024-03-25,S003,ESM-010,1
2024-03-25,S003,DES-001,5
2024-03-25,S003,DES-002,5
2024-03-25,S003,DES-003,5
2024-03-25,S003,DES-004,3
2024-03-25,S003,DES-005,3
2024-03-25,S003,DES-006,2
2024-03-25,S003,DES-007,5
2024-03-25,S003,DES-008,3
2024-03-25,S003,DES-009,2
2024-03-25,S003,DES-010,4
2024-03-25,S003,DES-011,3
2024-03-25,S003,DES-012,2
2024-03-25,S003,DES-013,4
2024-03-25,S003,DES-014,4
2024-03-25,S003,DES-015,5
2024-03-25,S003,TAL-001,1
2024-03-25,S003,TAL-002,0
2024-03-25,S003,TAL-003,2
2024-03-25,S003,TAL-004,1
2024-03-25,S003,TAL-005,0
2024-03-25,S003,TAL-006,1
2024-03-25,S003,TAL-007,1
2024-03-25,S003,TAL-008,1
2024-03-25,S003,SIE-001,0
2024-03-25,S003,SIE-002,0
2024-03-25,S003,SIE-003,1
2024-03-25,S003,SIE-004,0
2024-03-25,S003,SIE-005,1
2024-03-25,S003,SIE-006,0
2024-03-25,S003,CEP-001,1
2024-03-25,S003,CEP-002,1
2024-03-25,S003,CEP-003,1
2024-03-25,S003,CEP-004,2
2024-03-25,S003,CEP-005,1
2024-03-25,S004,ESM-001,2
2024-03-25,S004,ESM-002,2
2024-03-25,S004,ESM-003,1
2024-03-25,S004,ESM-004,1
2024-03-25,S004,ESM-005,2
2024-03-25,S004,ESM-006,1
2024-03-25,S004,ESM-007,1
2024-03-25,S004,ESM-008,1
2024-03-25,S004,ESM-009,0
2024-03-25,S004,ESM-010,1
2024-03-25,S004,DES-001,4
2024-03-25,S004,DES-002,3
2024-03-25,S004,DES-003,4
2024-03-25,S004,DES-004,3
2024-03-25,S004,DES-005,3
2024-03-25,S004,DES-006,5
2024-03-25,S004,DES-007,4
2024-03-25,S004,DES-008,2
2024-03-25,S004,DES-009,4
2024-03-25,S004,DES-010,3
2024-03-25,S004,DES-011,2
2024-03-25,S004,DES-012,4
2024-03-25,S004,DES-013,4
2024-03-25,S004,DES-014,5
2024-03-25,S004,DES-015,3
2024-03-25,S004,TAL-001,0
2024-03-25,S004,TAL-002,0
2024-03-25,S004,TAL-003,1
2024-03-25,S004,TAL-004,1
2024-03-25,S004,TAL-005,1
2024-03-25,S004,TAL-006,1
2024-03-25,S004,TAL-007,0
2024-03-25,S004,TAL-008,1
2024-03-25,S004,SIE-001,1
2024-03-25,S004,SIE-002,0
2024-03-25,S004,SIE-003,1
2024-03-25,S004,SIE-004,0
2024-03-25,S004,SIE-005,0
2024-03-25,S004,SIE-006,0
2024-03-25,S004,CEP-001,1
2024-03-25,S004,CEP-002,1
2024-03-25,S004,CEP-003,2
2024-03-25,S004,CEP-004,1
2024-03-25,S004,CEP-005,1
2024-03-26,S001,ESM-001,2
2024-03-26,S001,ESM-002,3
2024-03-26,S001,ESM-003,0
2024-03-26,S001,ESM-004,2
2024-03-26,S001,ESM-005,2
2024-03-26,S001,ESM-006,3
2024-03-26,S001,ESM-007,2
2024-03-26,S001,ESM-008,1
2024-03-26,S001,ESM-009,2
2024-03-26,S001,ESM-010,2
2024-03-26,S001,DES-001,5
2024-03-26,S001,DES-002,6
2024-03-26,S001,DES-003,7
2024-03-26,S001,DES-004,5
2024-03-26,S001,DES-005,4
2024-03-26,S001,DES-006,8
2024-03-26,S001,DES-007,4
2024-03-26,S001,DES-008,6
2024-03-26,S001,DES-009,6
2024-03-26,S001,DES-010,4
2024-03-26,S001,DES-011,6
2024-03-26,S001,DES-012,10
2024-03-26,S001,DES-013,4
2024-03-26,S001,DES-014,9
2024-03-26,S001,DES-015,6
2024-03-26,S001,TAL-001,1
2024-03-26,S001,TAL-002,1
2024-03-26,S001,TAL-003,1
2024-03-26,S001,TAL-004,1
2024-03-26,S001,TAL-005,0
2024-03-26,S001,TAL-006,1
2024-03-26,S001,TAL-007,1
2024-03-26,S001,TAL-008,2
2024-03-26,S001,SIE-001,1
2024-03-26,S001,SIE-002,1
2024-03-26,S001,SIE-003,1
2024-03-26,S001,SIE-004,0
2024-03-26,S001,SIE-005,0
2024-03-26,S001,SIE-006,1
2024-03-26,S001,CEP-001,1
2024-03-26,S001,CEP-002,1
2024-03-26,S001,CEP-003,1
2024-03-26,S001,CEP-004,2
2024-03-26,S001,CEP-005,1
2024-03-26,S002,ESM-001,2
2024-03-26,S002,ESM-002,1
2024-03-26,S002,ESM-003,1
2024-03-26,S002,ESM-004,3
2024-03-26,S002,ESM-005,1
2024-03-26,S002,ESM-006,3
2024-03-26,S002,ESM-007,2
2024-03-26,S002,ESM-008,2
2024-03-26,S002,ESM-009,2
2024-03-26,S002,ESM-010,2
2024-03-26,S002,DES-001,6
2024-03-26,S002,DES-002,4
2024-03-26,S002,DES-003,3
2024-03-26,S002,DES-004,7
2024-03-26,S002,DES-005,2
2024-03-26,S002,DES-006,7
2024-03-26,S002,DES-007,6
2024-03-26,S002,DES-008,4
2024-03-26,S002,DES-009,7
2024-03-26,S002,DES-010,5
2024-03-26,S002,DES-011,5
2024-03-26,S002,DES-012,5
2024-03-26,S002,DES-013,3
2024-03-26,S002,DES-014,5
2024-03-26,S002,DES-015,4
2024-03-26,S002,TAL-001,1
2024-03-26,S002,TAL-002,2
2024-03-26,S002,TAL-003,1
2024-03-26,S002,TAL-004,1
2024-03-26,S002,TAL-005,1
2024-03-26,S002,TAL-006,1
2024-03-26,S002,TAL-007,0
2024-03-26,S002,TAL-008,0
2024-03-26,S002,SIE-001,1
2024-03-26,S002,SIE-002,1
2024-03-26,S002,SIE-003,1
2024-03-26,S002,SIE-004,2
2024-03-26,S002,SIE-005,2
2024-03-26,S002,SIE-006,1
2024-03-26,S002,CEP-001,1
2024-03-26,S002,CEP-002,1
2024-03-26,S002,CEP-003,0
2024-03-26,S002,CEP-004,2
2024-03-26,S002,CEP-005,1
2024-03-26,S003,ESM-001,0
2024-03-26,S003,ESM-002,1
2024-03-26,S003,ESM-003,2
2024-03-26,S003,ESM-004,1
2024-03-26,S003,ESM-005,1
2024-03-26,S003,ESM-006,1
2024-03-26,S003,ESM-007,2
2024-03-26,S003,ESM-008,1
2024-03-26,S003,ESM-009,1
2024-03-26,S003,ESM-010,1
2024-03-26,S003,DES-001,6
2024-03-26,S003,DES-002,4
2024-03-26,S003,DES-003,3
2024-03-26,S003,DES-004,5
2024-03-26,S003,DES-005,4
2024-03-26,S003,DES-006,4
2024-03-26,S003,DES-007,4
2024-03-26,S003,DES-008,4
2024-03-26,S003,DES-009,3
2024-03-26,S003,DES-010,4
2024-03-26,S003,DES-011,5
2024-03-26,S003,DES-012,1
2024-03-26,S003,DES-013,3
2024-03-26,S003,DES-014,1
2024-03-26,S003,DES-015,4
2024-03-26,S003,TAL-001,0
2024-03-26,S003,TAL-002,1
2024-03-26,S003,TAL-003,0
2024-03-26,S003,TAL-004,1
2024-03-26,S003,TAL-005,0
2024-03-26,S003,TAL-006,0
2024-03-26,S003,TAL-007,1
2024-03-26,S003,TAL-008,2
2024-03-26,S003,SIE-001,1
2024-03-26,S003,SIE-002,0
2024-03-26,S003,SIE-003,1
2024-03-26,S003,SIE-004,1
2024-03-26,S003,SIE-005,1
2024-03-26,S003,SIE-006,0
2024-03-26,S003,CEP-001,2
2024-03-26,S003,CEP-002,1
2024-03-26,S003,CEP-003,0
2024-03-26,S003,CEP-004,1
2024-03-26,S003,CEP-005,1
2024-03-26,S004,ESM-001,1
2024-03-26,S004,ESM-002,1
2024-03-26,S004,ESM-003,1
2024-03-26,S004,ESM-004,2
2024-03-26,S004,ESM-005,2
2024-03-26,S004,ESM-006,1
2024-03-26,S004,ESM-007,0
2024-03-26,S004,ESM-008,1
2024-03-26,S004,ESM-009,1
2024-03-26,S004,ESM-010,1
2024-03-26,S004,DES-001,1
2024-03-26,S004,DES-002,2
2024-03-26,S004,DES-003,6
2024-03-26,S004,DES-004,5
2024-03-26,S004,DES-005,4
2024-03-26,S004,DES-006,4
2024-03-26,S004,DES-007,2
2024-03-26,S004,DES-008,3
2024-03-26,S004,DES-009,3
2024-03-26,S004,DES-010,3
2024-03-26,S004,DES-011,3
2024-03-26,S004,DES-012,5
2024-03-26,S004,DES-013,5
2024-03-26,S004,DES-014,4
2024-03-26,S004,DES-015,5
2024-03-26,S004,TAL-001,0
2024-03-26,S004,TAL-002,0
2024-03-26,S004,TAL-003,1
2024-03-26,S004,TAL-004,1
2024-03-26,S004,TAL-005,1
2024-03-26,S004,TAL-006,2
2024-03-26,S004,TAL-007,1
2024-03-26,S004,TAL-008,1
2024-03-26,S004,SIE-001,0
2024-03-26,S004,SIE-002,0
2024-03-26,S004,SIE-003,0
2024-03-26,S004,SIE-004,1
2024-03-26,S004,SIE-005,0
2024-03-26,S004,SIE-006,0
2024-03-26,S004,CEP-001,1
2024-03-26,S004,CEP-002,1
2024-03-26,S004,CEP-003,1
2024-03-26,S004,CEP-004,1
2024-03-26,S004,CEP-005,1
2024-03-27,S001,ESM-001,0
2024-03-27,S001,ESM-002,0
2024-03-27,S001,ESM-003,1
2024-03-27,S001,ESM-004,3
2024-03-27,S001,ESM-005,1
2024-03-27,S001,ESM-006,1
2024-03-27,S001,ESM-007,1
2024-03-27,S001,ESM-008,1
2024-03-27,S001,ESM-009,2
2024-03-27,S001,ESM-010,1
2024-03-27,S001,DES-001,6
2024-03-27,S001,DES-002,4
2024-03-27,S001,DES-003,3
2024-03-27,S001,DES-004,5
2024-03-27,S001,DES-005,6
2024-03-27,S001,DES-006,4
2024-03-27,S001,DES-007,3
2024-03-27,S001,DES-008,7
2024-03-27,S001,DES-009,7
2024-03-27,S001,DES-010,6
2024-03-27,S001,DES-011,6
2024-03-27,S001,DES-012,6
2024-03-27,S001,DES-013,4
2024-03-27,S001,DES-014,8
2024-03-27,S001,DES-015,6
2024-03-27,S001,TAL-001,1
2024-03-27,S001,TAL-002,2
2024-03-27,S001,TAL-003,1
2024-03-27,S001,TAL-004,2
2024-03-27,S001,TAL-005,1
2024-03-27,S001,TAL-006,1
2024-03-27,S001,TAL-007,2
2024-03-27,S001,TAL-008,2
2024-03-27,S001,SIE-001,1
2024-03-27,S001,SIE-002,0
2024-03-27,S001,SIE-003,0
2024-03-27,S001,SIE-004,0
2024-03-27,S001,SIE-005,1
2024-03-27,S001,SIE-006,0
2024-03-27,S001,CEP-001,1
2024-03-27,S001,CEP-002,1
2024-03-27,S001,CEP-003,1
2024-03-27,S001,CEP-004,1
2024-03-27,S001,CEP-005,2
2024-03-27,S002,ESM-001,2
2024-03-27,S002,ESM-002,1
2024-03-27,S002,ESM-003,1
2024-03-27,S002,ESM-004,1
2024-03-27,S002,ESM-005,1
2024-03-27,S002,ESM-006,1
2024-03-27,S002,ESM-007,2
2024-03-27,S002,ESM-008,1
2024-03-27,S002,ESM-009,3
2024-03-27,S002,ESM-010,3
2024-03-27,S002,DES-001,5
2024-03-27,S002,DES-002,5
2024-03-27,S002,DES-003,4
2024-03-27,S002,DES-004,5
2024-03-27,S002,DES-005,5
2024-03-27,S002,DES-006,7
2024-03-27,S002,DES-007,5
2024-03-27,S002,DES-008,7
2024-03-27,S002,DES-009,9
2024-03-27,S002,DES-010,5
2024-03-27,S002,DES-011,4
2024-03-27,S002,DES-012,4
2024-03-27,S002,DES-013,7
2024-03-27,S002,DES-014,4
2024-03-27,S002,DES-015,9
2024-03-27,S002,TAL-001,2
2024-03-27,S002,TAL-002,1
2024-03-27,S002,TAL-003,1
2024-03-27,S002,TAL-004,0
2024-03-27,S002,TAL-005,0
2024-03-27,S002,TAL-006,2
2024-03-27,S002,TAL-007,0
2024-03-27,S002,TAL-008,2
2024-03-27,S002,SIE-001,1
2024-03-27,S002,SIE-002,0
2024-03-27,S002,SIE-003,1
2024-03-27,S002,SIE-004,1
2024-03-27,S002,SIE-005,1
2024-03-27,S002,SIE-006,1
2024-03-27,S002,CEP-001,1
2024-03-27,S002,CEP-002,2
2024-03-27,S002,CEP-003,0
2024-03-27,S002,CEP-004,1
2024-03-27,S002,CEP-005,1
2024-03-27,S003,ESM-001,1
2024-03-27,S003,ESM-002,1
2024-03-27,S003,ESM-003,1
2024-03-27,S003,ESM-004,2
2024-03-27,S003,ESM-005,2
2024-03-27,S003,ESM-006,1
2024-03-27,S003,ESM-007,1
2024-03-27,S003,ESM-008,1
2024-03-27,S003,ESM-009,1
2024-03-27,S003,ESM-010,1
2024-03-27,S003,DES-001,5
2024-03-27,S003,DES-002,6
2024-03-27,S003,DES-003,4
2024-03-27,S003,DES-004,4
2024-03-27,S003,DES-005,3
2024-03-27,S003,DES-006,4
2024-03-27,S003,DES-007,2
2024-03-27,S003,DES-008,3
2024-03-27,S003,DES-009,3
2024-03-27,S003,DES-010,5
2024-03-27,S003,DES-011,4
2024-03-27,S003,DES-012,4
2024-03-27,S003,DES-013,5
2024-03-27,S003,DES-014,3
2024-03-27,S003,DES-015,4
2024-03-27,S003,TAL-001,0
2024-03-27,S003,TAL-002,0
2024-03-27,S003,TAL-003,0
2024-03-27,S003,TAL-004,1
2024-03-27,S003,TAL-005,0
2024-03-27,S003,TAL-006,0
2024-03-27,S003,TAL-007,1
2024-03-27,S003,TAL-008,0
2024-03-27,S003,SIE-001,0
2024-03-27,S003,SIE-002,1
2024-03-27,S003,SIE-003,1
2024-03-27,S003,SIE-004,0
2024-03-27,S003,SIE-005,0
2024-03-27,S003,SIE-006,1
2024-03-27,S003,CEP-001,1
2024-03-27,S003,CEP-002,1
2024-03-27,S003,CEP-003,1
2024-03-27,S003,CEP-004,0
2024-03-27,S003,CEP-005,1
2024-03-27,S004,ESM-001,0
2024-03-27,S004,ESM-002,1
2024-03-27,S004,ESM-003,0
2024-03-27,S004,ESM-004,0
2024-03-27,S004,ESM-005,1
2024-03-27,S004,ESM-006,1
2024-03-27,S004,ESM-007,3
2024-03-27,S004,ESM-008,0
2024-03-27,S004,ESM-009,1
2024-03-27,S004,ESM-010,1
2024-03-27,S004,DES-001,2
2024-03-27,S004,DES-002,3
2024-03-27,S004,DES-003,5
2024-03-27,S004,DES-004,5
2024-03-27,S004,DES-005,7
2024-03-27,S004,DES-006,4
2024-03-27,S004,DES-007,5
2024-03-27,S004,DES-008,3
2024-03-27,S004,DES-009,2
2024-03-27,S004,DES-010,5
2024-03-27,S004,DES-011,3
2024-03-27,S004,DES-012,1
2024-03-27,S004,DES-013,6
2024-03-27,S004,DES-014,4
2024-03-27,S004,DES-015,4
2024-03-27,S004,TAL-001,1
2024-03-27,S004,TAL-002,1
2024-03-27,S004,TAL-003,1
2024-03-27,S004,TAL-004,1
2024-03-27,S004,TAL-005,1
2024-03-27,S004,TAL-006,1
2024-03-27,S004,TAL-007,2
2024-03-27,S004,TAL-008,1
2024-03-27,S004,SIE-001,0
2024-03-27,S004,SIE-002,0
2024-03-27,S004,SIE-003,0
2024-03-27,S004,SIE-004,1
2024-03-27,S004,SIE-005,0
2024-03-27,S004,SIE-006,1
2024-03-27,S004,CEP-001,0
2024-03-27,S004,CEP-002,1
2024-03-27,S004,CEP-003,1
2024-03-27,S004,CEP-004,1
2024-03-27,S004,CEP-005,0
2024-03-28,S001,ESM-001,1
2024-03-28,S001,ESM-002,2
2024-03-28,S001,ESM-003,3
2024-03-28,S001,ESM-004,0
2024-03-28,S001,ESM-005,2
2024-03-28,S001,ESM-006,0
2024-03-28,S001,ESM-007,1
2024-03-28,S001,ESM-008,0
2024-03-28,S001,ESM-009,1
2024-03-28,S001,ESM-010,2
2024-03-28,S001,DES-001,5
2024-03-28,S001,DES-002,6
2024-03-28,S001,DES-003,5
2024-03-28,S001,DES-004,5
2024-03-28,S001,DES-005,5
2024-03-28,S001,DES-006,6
2024-03-28,S001,DES-007,3
2024-03-28,S001,DES-008,5
2024-03-28,S001,DES-009,5
2024-03-28,S001,DES-010,5
2024-03-28,S001,DES-011,8
2024-03-28,S001,DES-012,1
2024-03-28,S001,DES-013,5
2024-03-28,S001,DES-014,5
2024-03-28,S001,DES-015,6
2024-03-28,S001,TAL-001,0
2024-03-28,S001,TAL-002,1
2024-03-28,S001,TAL-003,1
2024-03-28,S001,TAL-004,2
2024-03-28,S001,TAL-005,2
2024-03-28,S001,TAL-006,0
2024-03-28,S001,TAL-007,0
2024-03-28,S001,TAL-008,1
2024-03-28,S001,SIE-001,0
2024-03-28,S001,SIE-002,1
2024-03-28,S001,SIE-003,1
2024-03-28,S001,SIE-004,0
2024-03-28,S001,SIE-005,0
2024-03-28,S001,SIE-006,0
2024-03-28,S001,CEP-001,1
2024-03-28,S001,CEP-002,1
2024-03-28,S001,CEP-003,1
2024-03-28,S001,CEP-004,1
2024-03-28,S001,CEP-005,1
2024-03-28,S002,ESM-001,2
2024-03-28,S002,ESM-002,1
2024-03-28,S002,ESM-003,1
2024-03-28,S002,ESM-004,3
2024-03-28,S002,ESM-005,1
2024-03-28,S002,ESM-006,1
2024-03-28,S002,ESM-007,1
2024-03-28,S002,ESM-008,0
2024-03-28,S002,ESM-009,1
2024-03-28,S002,ESM-010,0
2024-03-28,S002,DES-001,6
2024-03-28,S002,DES-002,5
2024-03-28,S002,DES-003,4
2024-03-28,S002,DES-004,7
2024-03-28,S002,DES-005,5
2024-03-28,S002,DES-006,5
2024-03-28,S002,DES-007,9
2024-03-28,S002,DES-008,5
2024-03-28,S002,DES-009,4
2024-03-28,S002,DES-010,8
2024-03-28,S002,DES-011,3
2024-03-28,S002,DES-012,9
2024-03-28,S002,DES-013,7
2024-03-28,S002,DES-014,9
2024-03-28,S002,DES-015,3
2024-03-28,S002,TAL-001,2
2024-03-28,S002,TAL-002,1
2024-03-28,S002,TAL-003,2
2024-03-28,S002,TAL-004,1
2024-03-28,S002,TAL-005,1
2024-03-28,S002,TAL-006,0
2024-03-28,S002,TAL-007,1
2024-03-28,S002,TAL-008,2
2024-03-28,S002,SIE-001,0
2024-03-28,S002,SIE-002,1
2024-03-28,S002,SIE-003,2
2024-03-28,S002,SIE-004,2
2024-03-28,S002,SIE-005,0
2024-03-28,S002,SIE-006,1
2024-03-28,S002,CEP-001,1
2024-03-28,S002,CEP-002,1
2024-03-28,S002,CEP-003,1
2024-03-28,S002,CEP-004,1
2024-03-28,S002,CEP-005,1
2024-03-28,S003,ESM-001,1
2024-03-28,S003,ESM-002,1
2024-03-28,S003,ESM-003,1
2024-03-28,S003,ESM-004,2
2024-03-28,S003,ESM-005,1
2024-03-28,S003,ESM-006,1
2024-03-28,S003,ESM-007,0
2024-03-28,S003,ESM-008,1
2024-03-28,S003,ESM-009,1
2024-03-28,S003,ESM-010,0
2024-03-28,S003,DES-001,2
2024-03-28,S003,DES-002,2
2024-03-28,S003,DES-003,4
2024-03-28,S003,DES-004,3
2024-03-28,S003,DES-005,4
2024-03-28,S003,DES-006,3
2024-03-28,S003,DES-007,2
2024-03-28,S003,DES-008,5
2024-03-28,S003,DES-009,4
2024-03-28,S003,DES-010,4
2024-03-28,S003,DES-011,4
2024-03-28,S003,DES-012,6
2024-03-28,S003,DES-013,3
2024-03-28,S003,DES-014,4
2024-03-28,S003,DES-015,7
2024-03-28,S003,TAL-001,1
2024-03-28,S003,TAL-002,1
2024-03-28,S003,TAL-003,0
2024-03-28,S003,TAL-004,1
2024-03-28,S003,TAL-005,1
2024-03-28,S003,TAL-006,1
2024-03-28,S003,TAL-007,1
2024-03-28,S003,TAL-008,1
2024-03-28,S003,SIE-001,1
2024-03-28,S003,SIE-002,1
2024-03-28,S003,SIE-003,0
2024-03-28,S003,SIE-004,0
2024-03-28,S003,SIE-005,1
2024-03-28,S003,SIE-006,1
2024-03-28,S003,CEP-001,1
2024-03-28,S003,CEP-002,1
2024-03-28,S003,CEP-003,1
2024-03-28,S003,CEP-004,0
2024-03-28,S003,CEP-005,1
2024-03-28,S004,ESM-001,0
2024-03-28,S004,ESM-002,1
2024-03-28,S004,ESM-003,1
2024-03-28,S004,ESM-004,2
2024-03-28,S004,ESM-005,2
2024-03-28,S004,ESM-006,1
2024-03-28,S004,ESM-007,1
2024-03-28,S004,ESM-008,1
2024-03-28,S004,ESM-009,2
2024-03-28,S004,ESM-010,1
2024-03-28,S004,DES-001,5
2024-03-28,S004,DES-002,4
2024-03-28,S004,DES-003,4
2024-03-28,S004,DES-004,3
2024-03-28,S004,DES-005,3
2024-03-28,S004,DES-006,3
2024-03-28,S004,DES-007,5
2024-03-28,S004,DES-008,2
2024-03-28,S004,DES-009,3
2024-03-28,S004,DES-010,3
2024-03-28,S004,DES-011,1
2024-03-28,S004,DES-012,4
2024-03-28,S004,DES-013,3
2024-03-28,S004,DES-014,4
2024-03-28,S004,DES-015,5
2024-03-28,S004,TAL-001,1
2024-03-28,S004,TAL-002,0
2024-03-28,S004,TAL-003,1
2024-03-28,S004,TAL-004,0
2024-03-28,S004,TAL-005,0
2024-03-28,S004,TAL-006,1
2024-03-28,S004,TAL-007,1
2024-03-28,S004,TAL-008,1
2024-03-28,S004,SIE-001,1
2024-03-28,S004,SIE-002,0
2024-03-28,S004,SIE-003,0
2024-03-28,S004,SIE-004,0
2024-03-28,S004,SIE-005,1
2024-03-28,S004,SIE-006,0
2024-03-28,S004,CEP-001,1
2024-03-28,S004,CEP-002,1
2024-03-28,S004,CEP-003,1
2024-03-28,S004,CEP-004,1
2024-03-28,S004,CEP-005,1
2024-03-29,S001,ESM-001,1
2024-03-29,S001,ESM-002,2
2024-03-29,S001,ESM-003,2
2024-03-29,S001,ESM-004,2
2024-03-29,S001,ESM-005,2
2024-03-29,S001,ESM-006,0
2024-03-29,S001,ESM-007,2
2024-03-29,S001,ESM-008,3
2024-03-29,S001,ESM-009,2
2024-03-29,S001,ESM-010,2
2024-03-29,S001,DES-001,7
2024-03-29,S001,DES-002,5
2024-03-29,S001,DES-003,6
2024-03-29,S001,DES-004,5
2024-03-29,S001,DES-005,5
2024-03-29,S001,DES-006,6
2024-03-29,S001,DES-007,5
2024-03-29,S001,DES-008,6
2024-03-29,S001,DES-009,5
2024-03-29,S001,DES-010,3
2024-03-29,S001,DES-011,6
2024-03-29,S001,DES-012,7
2024-03-29,S001,DES-013,5
2024-03-29,S001,DES-014,6
2024-03-29,S001,DES-015,4
2024-03-29,S001,TAL-001,1
2024-03-29,S001,TAL-002,1
2024-03-29,S001,TAL-003,2
2024-03-29,S001,TAL-004,2
2024-03-29,S001,TAL-005,1
2024-03-29,S001,TAL-006,2
2024-03-29,S001,TAL-007,0
2024-03-29,S001,TAL-008,2
2024-03-29,S001,SIE-001,1
2024-03-29,S001,SIE-002,0
2024-03-29,S001,SIE-003,1
2024-03-29,S001,SIE-004,1
2024-03-29,S001,SIE-005,0
2024-03-29,S001,SIE-006,0
2024-03-29,S001,CEP-001,1
2024-03-29,S001,CEP-002,2
2024-03-29,S001,CEP-003,1
2024-03-29,S001,CEP-004,3
2024-03-29,S001,CEP-005,1
2024-03-29,S002,ESM-001,1
2024-03-29,S002,ESM-002,1
2024-03-29,S002,ESM-003,3
2024-03-29,S002,ESM-004,2
2024-03-29,S002,ESM-005,1
2024-03-29,S002,ESM-006,2
2024-03-29,S002,ESM-007,2
2024-03-29,S002,ESM-008,2
2024-03-29,S002,ESM-009,1
2024-03-29,S002,ESM-010,1
2024-03-29,S002,DES-001,5
2024-03-29,S002,DES-002,4
2024-03-29,S002,DES-003,4
2024-03-29,S002,DES-004,9
2024-03-29,S002,DES-005,6
2024-03-29,S002,DES-006,7
2024-03-29,S002,DES-007,10
2024-03-29,S002,DES-008,4
2024-03-29,S002,DES-009,6
2024-03-29,S002,DES-010,4
2024-03-29,S002,DES-011,8
2024-03-29,S002,DES-012,6
2024-03-29,S002,DES-013,9
2024-03-29,S002,DES-014,5
2024-03-29,S002,DES-015,5
2024-03-29,S002,TAL-001,0
2024-03-29,S002,TAL-002,1
2024-03-29,S002,TAL-003,1
2024-03-29,S002,TAL-004,2
2024-03-29,S002,TAL-005,0
2024-03-29,S002,TAL-006,1
2024-03-29,S002,TAL-007,1
2024-03-29,S002,TAL-008,1
2024-03-29,S002,SIE-001,1
2024-03-29,S002,SIE-002,2
2024-03-29,S002,SIE-003,0
2024-03-29,S002,SIE-004,1
2024-03-29,S002,SIE-005,0
2024-03-29,S002,SIE-006,0
2024-03-29,S002,CEP-001,1
2024-03-29,S002,CEP-002,1
2024-03-29,S002,CEP-003,2
2024-03-29,S002,CEP-004,3
2024-03-29,S002,CEP-005,2
2024-03-29,S003,ESM-001,1
2024-03-29,S003,ESM-002,1
2024-03-29,S003,ESM-003,1
2024-03-29,S003,ESM-004,0
2024-03-29,S003,ESM-005,1
2024-03-29,S003,ESM-006,1
2024-03-29,S003,ESM-007,1
2024-03-29,S003,ESM-008,1
2024-03-29,S003,ESM-009,1
2024-03-29,S003,ESM-010,0
2024-03-29,S003,DES-001,5
2024-03-29,S003,DES-002,6
2024-03-29,S003,DES-003,4
2024-03-29,S003,DES-004,5
2024-03-29,S003,DES-005,4
2024-03-29,S003,DES-006,4
2024-03-29,S003,DES-007,2
2024-03-29,S003,DES-008,3
2024-03-29,S003,DES-009,4
2024-03-29,S003,DES-010,6
2024-03-29,S003,DES-011,7
2024-03-29,S003,DES-012,3
2024-03-29,S003,DES-013,5
2024-03-29,S003,DES-014,3
2024-03-29,S003,DES-015,6
2024-03-29,S003,TAL-001,0
2024-03-29,S003,TAL-002,0
2024-03-29,S003,TAL-003,1
2024-03-29,S003,TAL-004,1
2024-03-29,S003,TAL-005,1
2024-03-29,S003,TAL-006,0
2024-03-29,S003,TAL-007,1
2024-03-29,S003,TAL-008,2
2024-03-29,S003,SIE-001,1
2024-03-29,S003,SIE-002,1
2024-03-29,S003,SIE-003,0
2024-03-29,S003,SIE-004,0
2024-03-29,S003,SIE-005,1
2024-03-29,S003,SIE-006,0
2024-03-29,S003,CEP-001,1
2024-03-29,S003,CEP-002,1
2024-03-29,S003,CEP-003,2
2024-03-29,S003,CEP-004,1
2024-03-29,S003,CEP-005,1
2024-03-29,S004,ESM-001,1
2024-03-29,S004,ESM-002,1
2024-03-29,S004,ESM-003,2
2024-03-29,S004,ESM-004,1
2024-03-29,S004,ESM-005,1
2024-03-29,S004,ESM-006,1
2024-03-29,S004,ESM-007,1
2024-03-29,S004,ESM-008,2
2024-03-29,S004,ESM-009,1
2024-03-29,S004,ESM-010,1
2024-03-29,S004,DES-001,5
2024-03-29,S004,DES-002,4
2024-03-29,S004,DES-003,2
2024-03-29,S004,DES-004,5
2024-03-29,S004,DES-005,3
2024-03-29,S004,DES-006,5
2024-03-29,S004,DES-007,5
2024-03-29,S004,DES-008,5
2024-03-29,S004,DES-009,3
2024-03-29,S004,DES-010,4
2024-03-29,S004,DES-011,3
2024-03-29,S004,DES-012,5
2024-03-29,S004,DES-013,4
2024-03-29,S004,DES-014,4
2024-03-29,S004,DES-015,5
2024-03-29,S004,TAL-001,1
2024-03-29,S004,TAL-002,1
2024-03-29,S004,TAL-003,0
2024-03-29,S004,TAL-004,0
2024-03-29,S004,TAL-005,1
2024-03-29,S004,TAL-006,0
2024-03-29,S004,TAL-007,1
2024-03-29,S004,TAL-008,1
2024-03-29,S004,SIE-001,0
2024-03-29,S004,SIE-002,0
2024-03-29,S004,SIE-003,1
2024-03-29,S004,SIE-004,0
2024-03-29,S004,SIE-005,0
2024-03-29,S004,SIE-006,1
2024-03-29,S004,CEP-001,1
2024-03-29,S004,CEP-002,1
2024-03-29,S004,CEP-003,1
2024-03-29,S004,CEP-004,2
2024-03-29,S004,CEP-005,1
2024-03-30,S001,ESM-001,1
2024-03-30,S001,ESM-002,1
2024-03-30,S001,ESM-003,0
2024-03-30,S001,ESM-004,1
2024-03-30,S001,ESM-005,3
2024-03-30,S001,ESM-006,1
2024-03-30,S001,ESM-007,2
2024-03-30,S001,ESM-008,2
2024-03-30,S001,ESM-009,1
2024-03-30,S001,ESM-010,2
2024-03-30,S001,DES-001,5
2024-03-30,S001,DES-002,8
2024-03-30,S001,DES-003,6
2024-03-30,S001,DES-004,7
2024-03-30,S001,DES-005,5
2024-03-30,S001,DES-006,5
2024-03-30,S001,DES-007,3
2024-03-30,S001,DES-008,6
2024-03-30,S001,DES-009,5
2024-03-30,S001,DES-010,5
2024-03-30,S001,DES-011,7
2024-03-30,S001,DES-012,3
2024-03-30,S001,DES-013,6
2024-03-30,S001,DES-014,6
2024-03-30,S001,DES-015,7
2024-03-30,S001,TAL-001,1
2024-03-30,S001,TAL-002,0
2024-03-30,S001,TAL-003,1
2024-03-30,S001,TAL-004,0
2024-03-30,S001,TAL-005,0
2024-03-30,S001,TAL-006,1
2024-03-30,S001,TAL-007,1
2024-03-30,S001,TAL-008,2
2024-03-30,S001,SIE-001,2
2024-03-30,S001,SIE-002,1
2024-03-30,S001,SIE-003,2
2024-03-30,S001,SIE-004,1
2024-03-30,S001,SIE-005,2
2024-03-30,S001,SIE-006,1
2024-03-30,S001,CEP-001,1
2024-03-30,S001,CEP-002,1
2024-03-30,S001,CEP-003,2
2024-03-30,S001,CEP-004,1
2024-03-30,S001,CEP-005,2
2024-03-30,S002,ESM-001,1
2024-03-30,S002,ESM-002,1
2024-03-30,S002,ESM-003,2
2024-03-30,S002,ESM-004,1
2024-03-30,S002,ESM-005,2
2024-03-30,S002,ESM-006,2
2024-03-30,S002,ESM-007,2
2024-03-30,S002,ESM-008,1
2024-03-30,S002,ESM-009,1
2024-03-30,S002,ESM-010,3
2024-03-30,S002,DES-001,6
2024-03-30,S002,DES-002,6
2024-03-30,S002,DES-003,7
2024-03-30,S002,DES-004,6
2024-03-30,S002,DES-005,5
2024-03-30,S002,DES-006,6
2024-03-30,S002,DES-007,4
2024-03-30,S002,DES-008,6
2024-03-30,S002,DES-009,4
2024-03-30,S002,DES-010,8
2024-03-30,S002,DES-011,7
2024-03-30,S002,DES-012,6
2024-03-30,S002,DES-013,3
2024-03-30,S002,DES-014,7
2024-03-30,S002,DES-015,5
2024-03-30,S002,TAL-001,2
2024-03-30,S002,TAL-002,2
2024-03-30,S002,TAL-003,2
2024-03-30,S002,TAL-004,0
2024-03-30,S002,TAL-005,0
2024-03-30,S002,TAL-006,2
2024-03-30,S002,TAL-007,0
2024-03-30,S002,TAL-008,1
2024-03-30,S002,SIE-001,0
2024-03-30,S002,SIE-002,1
2024-03-30,S002,SIE-003,1
2024-03-30,S002,SIE-004,0
2024-03-30,S002,SIE-005,0
2024-03-30,S002,SIE-006,1
2024-03-30,S002,CEP-001,1
2024-03-30,S002,CEP-002,1
2024-03-30,S002,CEP-003,1
2024-03-30,S002,CEP-004,1
2024-03-30,S002,CEP-005,2
2024-03-30,S003,ESM-001,1
2024-03-30,S003,ESM-002,2
2024-03-30,S003,ESM-003,2
2024-03-30,S003,ESM-004,1
2024-03-30,S003,ESM-005,1
2024-03-30,S003,ESM-006,1
2024-03-30,S003,ESM-007,1
2024-03-30,S003,ESM-008,0
2024-03-30,S003,ESM-009,1
2024-03-30,S003,ESM-010,2
2024-03-30,S003,DES-001,2
2024-03-30,S003,DES-002,3
2024-03-30,S003,DES-003,2
2024-03-30,S003,DES-004,6
2024-03-30,S003,DES-005,4
2024-03-30,S003,DES-006,5
2024-03-30,S003,DES-007,6
2024-03-30,S003,DES-008,6
2024-03-30,S003,DES-009,3
2024-03-30,S003,DES-010,4
2024-03-30,S003,DES-011,4
2024-03-30,S003,DES-012,3
2024-03-30,S003,DES-013,4
2024-03-30,S003,DES-014,3
2024-03-30,S003,DES-015,6
2024-03-30,S003,TAL-001,1
2024-03-30,S003,TAL-002,0
2024-03-30,S003,TAL-003,1
2024-03-30,S003,TAL-004,0
2024-03-30,S003,TAL-005,1
2024-03-30,S003,TAL-006,1
2024-03-30,S003,TAL-007,1
2024-03-30,S003,TAL-008,1
2024-03-30,S003,SIE-001,0
2024-03-30,S003,SIE-002,1
2024-03-30,S003,SIE-003,1
2024-03-30,S003,SIE-004,0
2024-03-30,S003,SIE-005,0
2024-03-30,S003,SIE-006,0
2024-03-30,S003,CEP-001,1
2024-03-30,S003,CEP-002,1
2024-03-30,S003,CEP-003,1
2024-03-30,S003,CEP-004,1
2024-03-30,S003,CEP-005,1
2024-03-30,S004,ESM-001,1
2024-03-30,S004,ESM-002,1
2024-03-30,S004,ESM-003,0
2024-03-30,S004,ESM-004,1
2024-03-30,S004,ESM-005,2
2024-03-30,S004,ESM-006,1
2024-03-30,S004,ESM-007,2
2024-03-30,S004,ESM-008,1
2024-03-30,S004,ESM-009,1
2024-03-30,S004,ESM-010,2
2024-03-30,S004,DES-001,2
2024-03-30,S004,DES-002,4
2024-03-30,S004,DES-003,4
2024-03-30,S004,DES-004,3
2024-03-30,S004,DES-005,4
2024-03-30,S004,DES-006,0
2024-03-30,S004,DES-007,3
2024-03-30,S004,DES-008,4
2024-03-30,S004,DES-009,3
2024-03-30,S004,DES-010,6
2024-03-30,S004,DES-011,5
2024-03-30,S004,DES-012,3
2024-03-30,S004,DES-013,5
2024-03-30,S004,DES-014,3
2024-03-30,S004,DES-015,5
2024-03-30,S004,TAL-001,1
2024-03-30,S004,TAL-002,1
2024-03-30,S004,TAL-003,1
2024-03-30,S004,TAL-004,1
2024-03-30,S004,TAL-005,1
2024-03-30,S004,TAL-006,0
2024-03-30,S004,TAL-007,1
2024-03-30,S004,TAL-008,1
2024-03-30,S004,SIE-001,0
2024-03-30,S004,SIE-002,1
2024-03-30,S004,SIE-003,1
2024-03-30,S004,SIE-004,1
2024-03-30,S004,SIE-005,0
2024-03-30,S004,SIE-006,0
2024-03-30,S004,CEP-001,1
2024-03-30,S004,CEP-002,1
2024-03-30,S004,CEP-003,1
2024-03-30,S004,CEP-004,1
2024-03-30,S004,CEP-005,0
